抓取批次,候选编号,来源编号,来源层级,地区,来源栏目,发布部门,文件标题,发布日期,命中关键词,文档类型,质量分,入库状态,建议动作,原文链接,来源列表页
20260427_195648,CAND-B85C17304BD9,SRC-PR-005,省级监管,四川,国家能源局四川监管办公室-通知公告,国家能源局四川监管办公室,关于印发《四川电力辅助服务市场交易实施细则》的通知 2025-12-22,2025-12-22,实施细则;辅助服务,PDF,70,新增候选,建议回填待采集,https://scb.nea.gov.cn/dtyw/tzgg/202512/P020251222570561450248.pdf,https://scb.nea.gov.cn/dtyw/tzgg/index_3.html
20260427_195648,CAND-C78A139FE613,SRC-PR-007,省级监管,新疆,国家能源局新疆监管办公室-通知公告,国家能源局新疆监管办公室,关于印发《<新疆电力中长期市场实施细则>部分条款修订稿》的通知 2025-07-11,2025-07-11,实施细则;中长期,HTML,66,新增候选,建议回填待采集,https://xjb.nea.gov.cn/dtyw/tzgg/202507/t20250711_284174.html,https://xjb.nea.gov.cn/dtyw/tzgg/index_1.html
20260427_195648,CAND-F4479452962E,SRC-PR-007,省级监管,新疆,国家能源局新疆监管办公室-通知公告,国家能源局新疆监管办公室,关于印发《新疆电力辅助服务市场实施细则》的通知 2025-07-11,2025-07-11,实施细则;辅助服务,HTML,66,新增候选,建议回填待采集,https://xjb.nea.gov.cn/dtyw/tzgg/202507/t20250711_284173.html,https://xjb.nea.gov.cn/dtyw/tzgg/index_1.html
20260427_195648,CAND-AB6A50779666,SRC-P-036,省级,四川,四川省发展和改革委员会-通知公告,四川省发展和改革委员会,关于印发《四川2026年电力市场交易总体方案》及《四川电力市场规则体系V4.0》的通知,2025-12-08,电力市场;规则体系,HTML,66,新增候选,建议回填待采集,https://fgw.sc.gov.cn/sfgw/tzgg/2025/12/8/bc04db0a82d24e1cbae09083d59b25b4.shtml,https://fgw.sc.gov.cn/sfgw/tzgg/list_4.shtml
20260427_195648,CAND-B587DC01243B,SRC-P-036,省级,四川,四川省发展和改革委员会-通知公告,四川省发展和改革委员会,关于印发《四川电力市场结算细则V1.0）》的通知,2026-01-06,电力市场;结算,HTML,66,新增候选,建议回填待采集,https://fgw.sc.gov.cn/sfgw/tzgg/2026/1/6/596d7ac4fc8d4599aa4d0837cb77c8b3.shtml,https://fgw.sc.gov.cn/sfgw/tzgg/list_3.shtml
20260427_195648,CAND-E1D1006CB7AB,SRC-PR-001,省级监管,江苏,国家能源局江苏监管办公室-通知,国家能源局江苏监管办公室,关于印发《江苏省电力中长期市场实施细则（2026版）》的通知 2026-03-06,2026-03-06,实施细则;中长期,HTML,66,新增候选,建议回填待采集,https://jsb.nea.gov.cn/dtyw/tz/202603/t20260306_297521.html,https://jsb.nea.gov.cn/dtyw/tz/
20260427_195648,CAND-D816ADFC9969,SRC-PR-007,省级监管,新疆,国家能源局新疆监管办公室-通知公告,国家能源局新疆监管办公室,关于印发《新疆电力中长期市场实施细则》 的通知 2026-03-30,2026-03-30,实施细则;中长期,HTML,66,新增候选,建议回填待采集,https://xjb.nea.gov.cn/dtyw/tzgg/202603/t20260330_298799.html,https://xjb.nea.gov.cn/dtyw/tzgg/
20260427_195648,CAND-B23CD79013A2,SRC-PR-001,省级监管,江苏,国家能源局江苏监管办公室-通知,国家能源局江苏监管办公室,关于印发《江苏电力辅助服务（调峰）市场启停交易补充规则》的通知 2019-09-30,2019-09-30,辅助服务;调峰,HTML,62,新增候选,建议回填待采集,https://jsb.nea.gov.cn/dtyw/tz/202309/t20230910_32155.html,https://jsb.nea.gov.cn/dtyw/tz/index_5.html
20260427_195648,CAND-2C2684AFB736,SRC-PR-001,省级监管,江苏,国家能源局江苏监管办公室-通知,国家能源局江苏监管办公室,关于印发《江苏电力辅助服务（调频）市场交易规则（试行）》的通知 2020-07-03,2020-07-03,交易规则;辅助服务;调频,HTML,62,新增候选,建议回填待采集,https://jsb.nea.gov.cn/dtyw/tz/202309/t20230910_32184.html,https://jsb.nea.gov.cn/dtyw/tz/index_3.html
20260427_195648,CAND-A83640585B33,SRC-PR-001,省级监管,江苏,国家能源局江苏监管办公室-通知,国家能源局江苏监管办公室,关于印发《江苏电力市场用户可调负荷参与辅助服务市场交易规则（试行）》的通知 2020-11-10,2020-11-10,电力市场;交易规则;辅助服务,HTML,62,新增候选,建议回填待采集,https://jsb.nea.gov.cn/dtyw/tz/202309/t20230910_32189.html,https://jsb.nea.gov.cn/dtyw/tz/index_3.html
20260427_195648,CAND-56F605665F64,SRC-PR-001,省级监管,江苏,国家能源局江苏监管办公室-通知,国家能源局江苏监管办公室,关于印发《江苏省电力中长期交易规则（2023版）》的通知 2023-12-08,2023-12-08,交易规则;中长期,HTML,62,新增候选,建议回填待采集,https://jsb.nea.gov.cn/dtyw/tz/202312/t20231220_221500.html,https://jsb.nea.gov.cn/dtyw/tz/index_1.html
20260427_195648,CAND-3B4DEB2D9520,SRC-PR-003,省级监管,浙江,国家能源局浙江监管办公室-通知公告,国家能源局浙江监管办公室,浙江能源监管办 省发展改革委 省能源局关于印发《浙江电力现货市场规则》的通知 2024-04-08,2024-04-08,现货,PDF,62,新增候选,建议回填待采集,https://zjb.nea.gov.cn/dtyw/tzgg/202404/P020240408500060021928.pdf,https://zjb.nea.gov.cn/dtyw/tzgg/index_3.html
20260427_195648,CAND-D808C3C69B87,SRC-PR-003,省级监管,浙江,国家能源局浙江监管办公室-通知公告,国家能源局浙江监管办公室,浙江能源监管办关于征求《关于做好浙江省长三角“两个细则”结算试运行有关事项的通知（征求... 2025-06-30,2025-06-30,结算,HTML,62,新增候选,建议回填待采集,https://zjb.nea.gov.cn/dtyw/tzgg/202506/t20250630_283559.html,https://zjb.nea.gov.cn/dtyw/tzgg/index_1.html
20260427_195648,CAND-0B5231DDC979,SRC-PR-005,省级监管,四川,国家能源局四川监管办公室-通知公告,国家能源局四川监管办公室,关于公开征求《四川电力辅助服务市场交易实施细则（征求意见稿）》意见的通知 2025-08-20,2025-08-20,实施细则;辅助服务,PDF,62,新增候选,建议回填待采集,https://scb.nea.gov.cn/dtyw/tzgg/202508/P020250820624702758188.pdf,https://scb.nea.gov.cn/dtyw/tzgg/index_5.html
20260427_195648,CAND-AD1ACA65D00B,SRC-PR-005,省级监管,四川,国家能源局四川监管办公室-通知公告,国家能源局四川监管办公室,关于公开征求《四川电力市场中长期交易规则（2024年修订版）补充修订条款》意见的通知 2025-11-25,2025-11-25,电力市场;交易规则;中长期,HTML,62,新增候选,建议回填待采集,https://scb.nea.gov.cn/dtyw/tzgg/202511/t20251125_291078.html,https://scb.nea.gov.cn/dtyw/tzgg/index_4.html
20260427_195648,CAND-04351EFDD023,SRC-PR-003,省级监管,浙江,国家能源局浙江监管办公室-通知公告,国家能源局浙江监管办公室,关于印发2026年浙江省电力中长期交易合同示范文本的通知 2025-12-12,2025-12-12,中长期,HTML,62,新增候选,建议回填待采集,https://zjb.nea.gov.cn/dtyw/tzgg/202512/t20251212_292246.html,https://zjb.nea.gov.cn/dtyw/tzgg/
20260427_195648,CAND-E623436BEE97,SRC-PR-003,省级监管,浙江,国家能源局浙江监管办公室-通知公告,国家能源局浙江监管办公室,浙江能源监管办关于贯彻落实《电力市场信息披露基本规则》有关事项的通知 2025-12-20,2025-12-20,电力市场,HTML,62,新增候选,建议回填待采集,https://zjb.nea.gov.cn/dtyw/tzgg/202512/t20251220_292821.html,https://zjb.nea.gov.cn/dtyw/tzgg/
20260427_195648,CAND-3CBC11905B9E,SRC-P-037,省级,山西,山西省能源局-政策文件检索电力,山西省能源局,山西省能源局 国家能源局山西监管办公室关于印发《电力市场规则体系（V16.0）》的通知,2025-12-29,电力市场;规则体系,HTML,62,新增候选,建议回填待采集,http://nyj.shanxi.gov.cn/zfxxgk/fdzdgknr/sjwj/202601/t20260126_10048484.shtml,https://nyj.shanxi.gov.cn/trs-search/trssearch/openSearch/getZwgkList?keywords=%E7%94%B5%E5%8A%9B&pageNum=1&siteId=60&chnId=&dockind=2&position=0&sort=1&suitability=0
20260427_195648,CAND-8B8776AC2F7A,SRC-P-037,省级,山西,山西省能源局-政策文件检索电力,山西省能源局,山西省能源局关于印发《推动绿电直连项目有序建设实施方案》的通知,2025-12-29,绿电,HTML,62,新增候选,建议回填待采集,http://nyj.shanxi.gov.cn/zfxxgk/fdzdgknr/sjwj/202601/t20260104_10031488.shtml,https://nyj.shanxi.gov.cn/trs-search/trssearch/openSearch/getZwgkList?keywords=%E7%94%B5%E5%8A%9B&pageNum=4&siteId=60&chnId=&dockind=2&position=0&sort=1&suitability=0
20260427_195648,CAND-1188644239BF,SRC-PR-001,省级监管,江苏,国家能源局江苏监管办公室-通知,国家能源局江苏监管办公室,关于印发《江苏电力并网运行管理实施细则》《江苏电力辅助服务管理实施细则》的通知 2025-12-30,2025-12-30,实施细则;辅助服务,HTML,62,新增候选,建议回填待采集,https://jsb.nea.gov.cn/dtyw/tz/202512/t20251231_293387.html,https://jsb.nea.gov.cn/dtyw/tz/
20260427_195648,CAND-D4EAEA6B13CD,SRC-PR-005,省级监管,四川,国家能源局四川监管办公室-通知公告,国家能源局四川监管办公室,关于征求四川电力中长期市场实施细则有关意见的函 2026-02-11,2026-02-11,实施细则;中长期,HTML,62,新增候选,建议回填待采集,https://scb.nea.gov.cn/dtyw/tzgg/202602/t20260211_295803.html,https://scb.nea.gov.cn/dtyw/tzgg/index_1.html
20260427_195648,CAND-3A34896615EC,SRC-PR-001,省级监管,江苏,国家能源局江苏监管办公室-通知,国家能源局江苏监管办公室,关于开展江苏售电企业电力市场交易规则执行情况专项监管工作的通知 2018-09-29,2018-09-29,电力市场;交易规则,HTML,58,新增候选,建议回填待采集,https://jsb.nea.gov.cn/dtyw/tz/202309/t20230910_32122.html,https://jsb.nea.gov.cn/dtyw/tz/index_7.html
20260427_195648,CAND-22A1964B41D7,SRC-PR-001,省级监管,江苏,国家能源局江苏监管办公室-通知,国家能源局江苏监管办公室,关于印发《江苏省分布式发电市场化交易规则（试行）》的通知 2019-12-09,2019-12-09,交易规则;市场化交易,HTML,58,新增候选,建议回填待采集,https://jsb.nea.gov.cn/dtyw/tz/202309/t20230910_32162.html,https://jsb.nea.gov.cn/dtyw/tz/index_5.html
20260427_195648,CAND-9F3288D69EE2,SRC-PR-001,省级监管,江苏,国家能源局江苏监管办公室-通知,国家能源局江苏监管办公室,关于印发《江苏省电力中长期交易规则》的通知 2021-02-03,2021-02-03,交易规则;中长期,HTML,58,新增候选,建议回填待采集,https://jsb.nea.gov.cn/dtyw/tz/202309/t20230910_32194.html,https://jsb.nea.gov.cn/dtyw/tz/index_3.html
20260427_195648,CAND-DD7C4546BF3D,SRC-PR-003,省级监管,浙江,国家能源局浙江监管办公室-通知公告,国家能源局浙江监管办公室,关于征求《华东区域跨省电力中长期交易规则（修订稿）》意见的函 2022-05-27,2022-05-27,交易规则;中长期;跨省,HTML,58,新增候选,建议回填待采集,https://zjb.nea.gov.cn/dtyw/tzgg/202309/t20230914_75882.html,https://zjb.nea.gov.cn/dtyw/tzgg/index_4.html
20260427_195648,CAND-FB654119A31B,SRC-PR-007,省级监管,新疆,国家能源局新疆监管办公室-通知公告,国家能源局新疆监管办公室,关于印发《新疆电力中长期市场实施细则》的通知 2023-01-04,2023-01-04,实施细则;中长期,HTML,58,新增候选,建议回填待采集,https://xjb.nea.gov.cn/dtyw/tzgg/202309/t20230923_116566.html,https://xjb.nea.gov.cn/dtyw/tzgg/index_8.html
20260427_195648,CAND-C4E6EA048427,SRC-P-037,省级,山西,山西省能源局-政策文件检索电力,山西省能源局,山西省能源局关于印发山西省电力市场化交易专项整治工作方案的通知,2023-10-20,电力市场;市场化交易,HTML,58,新增候选,建议回填待采集,http://nyj.shanxi.gov.cn/zfxxgk/fdzdgknr/sjwj/202312/t20231207_9440760.shtml,https://nyj.shanxi.gov.cn/trs-search/trssearch/openSearch/getZwgkList?keywords=%E7%94%B5%E5%8A%9B&pageNum=1&siteId=60&chnId=&dockind=2&position=0&sort=1&suitability=0
20260427_195648,CAND-C3DDFE1C05BC,SRC-P-037,省级,山西,山西省能源局-政策文件检索电力,山西省能源局,山西省能源局国家能源局山西监管办公室关于山西电力现货市场由试运行转正式运行的通知,2023-12-22,现货,HTML,58,新增候选,建议回填待采集,http://nyj.shanxi.gov.cn/zfxxgk/fdzdgknr/sjwj/202312/t20231223_9451813.shtml,https://nyj.shanxi.gov.cn/trs-search/trssearch/openSearch/getZwgkList?keywords=%E7%94%B5%E5%8A%9B&pageNum=2&siteId=60&chnId=&dockind=2&position=0&sort=1&suitability=0
20260427_195648,CAND-A5A96B278D59,SRC-P-037,省级,山西,山西省能源局-政策文件检索电力,山西省能源局,山西省能源局国家能源局山西监管办公室关于印发电力市场规则体系（V14.0）的通知,2024-01-24,电力市场;规则体系,HTML,58,新增候选,建议回填待采集,http://nyj.shanxi.gov.cn/zfxxgk/fdzdgknr/sjwj/202403/t20240311_9517331.shtml,https://nyj.shanxi.gov.cn/trs-search/trssearch/openSearch/getZwgkList?keywords=%E7%94%B5%E5%8A%9B&pageNum=1&siteId=60&chnId=&dockind=2&position=0&sort=1&suitability=0
20260427_195648,CAND-98DA675CE3B5,SRC-P-037,省级,山西,山西省能源局-政策文件检索电力,山西省能源局,山西省能源局国家能源局山西监管办公室关于印发电力市场规则体系（V14.0）的通知,2024-01-24,电力市场;规则体系,HTML,58,新增候选,建议回填待采集,http://nyj.shanxi.gov.cn/zfxxgk/fdzdgknr/gfxwj/sx_82094/202403/t20240311_9517329.shtml,https://nyj.shanxi.gov.cn/trs-search/trssearch/openSearch/getZwgkList?keywords=%E7%94%B5%E5%8A%9B&pageNum=2&siteId=60&chnId=&dockind=2&position=0&sort=1&suitability=0
20260427_195648,CAND-2A3ABE6092DE,SRC-PR-003,省级监管,浙江,国家能源局浙江监管办公室-通知公告,国家能源局浙江监管办公室,浙江能源监管办关于印发2025年浙江省电力中长期交易合同示范文本的通知 2024-12-19,2024-12-19,中长期,HTML,58,新增候选,建议回填待采集,https://zjb.nea.gov.cn/dtyw/tzgg/202412/t20241219_274176.html,https://zjb.nea.gov.cn/dtyw/tzgg/index_2.html
20260427_195648,CAND-5C3FEF8C0FFE,SRC-P-037,省级,山西,山西省能源局-政策文件检索电力,山西省能源局,山西省能源局国家能源局山西监管办公室关于印发《电力市场规则体系（V15.0）》的通知,2024-12-30,电力市场;规则体系,HTML,58,新增候选,建议回填待采集,http://nyj.shanxi.gov.cn/zfxxgk/fdzdgknr/gfxwj/xxyx_82093/202504/t20250410_9806695.shtml,https://nyj.shanxi.gov.cn/trs-search/trssearch/openSearch/getZwgkList?keywords=%E7%94%B5%E5%8A%9B&pageNum=1&siteId=60&chnId=&dockind=2&position=0&sort=1&suitability=0
20260427_195648,CAND-002763E16304,SRC-PR-007,省级监管,新疆,国家能源局新疆监管办公室-通知公告,国家能源局新疆监管办公室,关于印发《新疆电力市场监管实施办法》 的通知 新监能市场〔2025〕24号 2025-03-21,2025-03-21,电力市场;市场监管,HTML,58,新增候选,建议回填待采集,https://xjb.nea.gov.cn/dtyw/tzgg/202503/t20250321_278435.html,https://xjb.nea.gov.cn/dtyw/tzgg/index_2.html
20260427_195648,CAND-DB74AC69C273,SRC-PR-003,省级监管,浙江,国家能源局浙江监管办公室-通知公告,国家能源局浙江监管办公室,浙江能源监管办关于开展2025年电力市场秩序突出问题专项监管的通知 2025-04-29,2025-04-29,电力市场,PDF,58,新增候选,建议回填待采集,https://zjb.nea.gov.cn/dtyw/tzgg/202504/P020250429365464036214.pdf,https://zjb.nea.gov.cn/dtyw/tzgg/index_2.html
20260427_195648,CAND-B7B2A6455E64,SRC-PR-005,省级监管,四川,国家能源局四川监管办公室-通知公告,国家能源局四川监管办公室,关于开展四川省2025年电力市场秩序突出问题专项监管的通知 2025-05-08,2025-05-08,电力市场,PDF,58,新增候选,建议回填待采集,https://scb.nea.gov.cn/dtyw/tzgg/202505/P020250508581014736937.pdf,https://scb.nea.gov.cn/dtyw/tzgg/index_7.html
20260427_195648,CAND-08350D960FA4,SRC-PR-001,省级监管,江苏,国家能源局江苏监管办公室-通知,国家能源局江苏监管办公室,关于进一步做好电力市场信息披露工作的通知 2025-05-23,2025-05-23,电力市场,HTML,58,新增候选,建议回填待采集,https://jsb.nea.gov.cn/dtyw/tz/202505/t20250523_281496.html,https://jsb.nea.gov.cn/dtyw/tz/
20260427_195648,CAND-4E8F5E6BB6AF,SRC-P-037,省级,山西,山西省能源局-政策文件检索电力,山西省能源局,山西省能源局国家能源局山西监管办公室关于印发《分布式光伏发电开发建设管理实施细则（试行）》的通知,2025-06-24,实施细则,HTML,58,新增候选,建议回填待采集,http://nyj.shanxi.gov.cn/zfxxgk/fdzdgknr/gfxwj/xxyx_82093/202507/t20250702_9896605.shtml,https://nyj.shanxi.gov.cn/trs-search/trssearch/openSearch/getZwgkList?keywords=%E7%94%B5%E5%8A%9B&pageNum=6&siteId=60&chnId=&dockind=2&position=0&sort=1&suitability=0
20260427_195648,CAND-9DEF0F2D4499,SRC-P-037,省级,山西,山西省能源局-政策文件检索电力,山西省能源局,山西省能源局国家能源局山西监管办公室关于印发《分布式光伏发电开发建设管理实施细则（试行）》的通知,2025-06-24,实施细则,HTML,58,新增候选,建议回填待采集,http://nyj.shanxi.gov.cn/zfxxgk/fdzdgknr/sjwj/202507/t20250702_9896604.shtml,https://nyj.shanxi.gov.cn/trs-search/trssearch/openSearch/getZwgkList?keywords=%E7%94%B5%E5%8A%9B&pageNum=6&siteId=60&chnId=&dockind=2&position=0&sort=1&suitability=0
20260427_195648,CAND-7369F01D276A,SRC-PR-003,省级监管,浙江,国家能源局浙江监管办公室-通知公告,国家能源局浙江监管办公室,浙江省发展和改革委员会 浙江省能源局 国家能源局浙江监管办公室关于浙江电力现货市场转正式... 2025-08-26,2025-08-26,现货,PDF,58,新增候选,建议回填待采集,https://zjb.nea.gov.cn/dtyw/tzgg/202508/P020250826509906214935.pdf,https://zjb.nea.gov.cn/dtyw/tzgg/index_1.html
20260427_195648,CAND-6344CB4B08D9,SRC-P-036,省级,四川,四川省发展和改革委员会-通知公告,四川省发展和改革委员会,关于公开征求《四川电力市场结算细则（征求意见稿）》意见的通知,2025-09-04,电力市场;结算,HTML,58,新增候选,建议回填待采集,https://fgw.sc.gov.cn/sfgw/tzgg/2025/9/4/b8bb9121ac124681b4749a34196a48e9.shtml,https://fgw.sc.gov.cn/sfgw/tzgg/list_6.shtml
20260427_195648,CAND-9AE8418A06B9,SRC-PR-002,省级监管,江苏,国家能源局江苏监管办公室-公告,国家能源局江苏监管办公室,江苏能源监管办关于公开征求《江苏电力调频辅助服务市场交易规则（征求意见稿）》意见的公告 2025-10-31,2025-10-31,交易规则;辅助服务;调频,HTML,58,新增候选,建议回填待采集,https://jsb.nea.gov.cn/dtyw/gg/202510/t20251031_289741.html,https://jsb.nea.gov.cn/dtyw/gg/index_3.html
20260427_195648,CAND-790BD08DF942,SRC-P-037,省级,山西,山西省能源局-政策文件检索电力,山西省能源局,山西省能源局关于印发《绿电园区规划、建设和运营工作指引（2025年）》的通知,2025-11-10,绿电,HTML,58,新增候选,建议回填待采集,http://nyj.shanxi.gov.cn/zfxxgk/fdzdgknr/sjwj/202511/t20251113_9995497.shtml,https://nyj.shanxi.gov.cn/trs-search/trssearch/openSearch/getZwgkList?keywords=%E7%94%B5%E5%8A%9B&pageNum=4&siteId=60&chnId=&dockind=2&position=0&sort=1&suitability=0
20260427_195648,CAND-FDD3BF6D2028,SRC-P-036,省级,四川,四川省发展和改革委员会-通知公告,四川省发展和改革委员会,关于再次公开征求《四川电力市场结算细则（征求意见稿）》的通知,2025-11-11,电力市场;结算,HTML,58,新增候选,建议回填待采集,https://fgw.sc.gov.cn/sfgw/tzgg/2025/11/11/d0515cfc1c7e481593bc876f82fc0aef.shtml,https://fgw.sc.gov.cn/sfgw/tzgg/list_5.shtml
20260427_195648,CAND-F694D4BAAB9B,SRC-PR-003,省级监管,浙江,国家能源局浙江监管办公室-通知公告,国家能源局浙江监管办公室,关于征求2026年浙江省电力中长期交易合同示范文本意见的函 2025-12-01,2025-12-01,中长期,HTML,58,新增候选,建议回填待采集,https://zjb.nea.gov.cn/dtyw/tzgg/202512/t20251201_291500.html,https://zjb.nea.gov.cn/dtyw/tzgg/
20260427_195648,CAND-87C8FAFF1E01,SRC-PR-004,省级监管,福建,国家能源局福建监管办公室-通知公告,国家能源局福建监管办公室,国家能源局福建监管办公室 福建省发展和改革委员会关于印发《福建电力市场规则体系... 2025-12-05,2025-12-05,电力市场;规则体系,HTML,58,新增候选,建议回填待采集,https://fjb.nea.gov.cn/dtyw/tzgg/202512/t20251205_291799.html,https://fjb.nea.gov.cn/dtyw/tzgg/index_1.html
20260427_195648,CAND-8E9C5D733157,SRC-PR-007,省级监管,新疆,国家能源局新疆监管办公室-通知公告,国家能源局新疆监管办公室,关于公开征求《新疆电力中长期市场实施细则（征求意见稿）》意见建议的通知 2026-01-23,2026-01-23,实施细则;中长期,HTML,58,新增候选,建议回填待采集,https://xjb.nea.gov.cn/dtyw/tzgg/202601/t20260128_294929.html,https://xjb.nea.gov.cn/dtyw/tzgg/
20260427_195648,CAND-175A83DAA934,SRC-P-037,省级,山西,山西省能源局-政策文件检索电力,山西省能源局,山西省能源局关于将山西尚太（四期）、阳曲县绿电园区2个项目纳入省级绿电直连项目清单的通知,2026-02-13,绿电,HTML,58,新增候选,建议回填待采集,http://nyj.shanxi.gov.cn/zfxxgk/fdzdgknr/sjwj/202603/t20260305_10073168.shtml,https://nyj.shanxi.gov.cn/trs-search/trssearch/openSearch/getZwgkList?keywords=%E7%94%B5%E5%8A%9B&pageNum=4&siteId=60&chnId=&dockind=2&position=0&sort=1&suitability=0
20260427_195648,CAND-3D2FA4A76915,SRC-PR-005,省级监管,四川,国家能源局四川监管办公室-通知公告,国家能源局四川监管办公室,关于印发《四川省电力辅助服务管理实施细则》和《四川省电力并网运行管理实施细则... 2026-04-13,2026-04-13,实施细则;辅助服务,PDF,58,新增候选,建议回填待采集,https://scb.nea.gov.cn/dtyw/tzgg/202604/P020260413395067315497.pdf,https://scb.nea.gov.cn/dtyw/tzgg/
20260427_195648,CAND-20BEE75629C6,SRC-PR-001,省级监管,江苏,国家能源局江苏监管办公室-通知,国家能源局江苏监管办公室,关于印发江苏电力市场监管实施办法（试行）的通知 2018-08-02,2018-08-02,电力市场;市场监管,HTML,54,低分候选,暂不回填,https://jsb.nea.gov.cn/dtyw/tz/202309/t20230910_32117.html,https://jsb.nea.gov.cn/dtyw/tz/index_8.html
20260427_195648,CAND-936B478D1F13,SRC-PR-001,省级监管,江苏,国家能源局江苏监管办公室-通知,国家能源局江苏监管办公室,关于做好2019年电力市场化交易注册绑定有关工作的通知 2018-10-29,2018-10-29,电力市场;市场化交易;注册,HTML,54,低分候选,暂不回填,https://jsb.nea.gov.cn/dtyw/tz/202309/t20230910_32126.html,https://jsb.nea.gov.cn/dtyw/tz/index_7.html
20260427_195648,CAND-2AEF5BDCB563,SRC-PR-001,省级监管,江苏,国家能源局江苏监管办公室-通知,国家能源局江苏监管办公室,关于印发《江苏电力辅助服务(调峰)市场建设工作方案》和《江苏电力辅助服务(调峰)市场交易规... 2018-12-04,2018-12-04,辅助服务;调峰,HTML,54,低分候选,暂不回填,https://jsb.nea.gov.cn/dtyw/tz/202309/t20230910_32130.html,https://jsb.nea.gov.cn/dtyw/tz/index_7.html
20260427_195648,CAND-63FCD6AA8079,SRC-PR-001,省级监管,江苏,国家能源局江苏监管办公室-通知,国家能源局江苏监管办公室,关于做好辅助服务（调峰）市场试运行有关工作的通知 2019-02-02,2019-02-02,辅助服务;调峰,HTML,54,低分候选,暂不回填,https://jsb.nea.gov.cn/dtyw/tz/202309/t20230910_32133.html,https://jsb.nea.gov.cn/dtyw/tz/index_7.html
20260427_195648,CAND-22448D8582F6,SRC-PR-001,省级监管,江苏,国家能源局江苏监管办公室-通知,国家能源局江苏监管办公室,关于开展2019年电力交易与市场秩序约访约谈工作的通知 2019-02-19,2019-02-19,电力交易,HTML,54,低分候选,暂不回填,https://jsb.nea.gov.cn/dtyw/tz/202309/t20230910_32134.html,https://jsb.nea.gov.cn/dtyw/tz/index_7.html
20260427_195648,CAND-F67E0AF46B18,SRC-R-003,区域监管,山东,国家能源局山东监管办公室-通知公告,国家能源局派出机构,山东能源监管办关于征求风电场并网管理运行管理实施细则修订意见的通知 2019-04-10,2019-04-10,实施细则,HTML,54,低分候选,暂不回填,https://sdb.nea.gov.cn/dtyw/tzgg/202309/t20230919_110394.html,https://sdb.nea.gov.cn/dtyw/tzgg/index_7.html
20260427_195648,CAND-80021EBA93B4,SRC-PR-001,省级监管,江苏,国家能源局江苏监管办公室-通知,国家能源局江苏监管办公室,关于转发国家能源局《关于加强电力中长期交易监管的意见》的通知 2019-09-30,2019-09-30,中长期,HTML,54,低分候选,暂不回填,https://jsb.nea.gov.cn/dtyw/tz/202309/t20230910_32156.html,https://jsb.nea.gov.cn/dtyw/tz/index_5.html
20260427_195648,CAND-734D37926EAD,SRC-PR-003,省级监管,浙江,国家能源局浙江监管办公室-通知公告,国家能源局浙江监管办公室,国家能源局浙江监管办公室关于印发《浙江电力市场监管实施办法（试行）》的通知 2019-12-09,2019-12-09,电力市场;市场监管,HTML,54,低分候选,暂不回填,https://zjb.nea.gov.cn/dtyw/tzgg/202309/t20230914_75802.html,https://zjb.nea.gov.cn/dtyw/tzgg/index_8.html
20260427_195648,CAND-B3DA25A5C91A,SRC-PR-001,省级监管,江苏,国家能源局江苏监管办公室-通知,国家能源局江苏监管办公室,关于开展江苏电力交易与市场秩序专项监管工作的通知 2020-06-19,2020-06-19,电力交易,HTML,54,低分候选,暂不回填,https://jsb.nea.gov.cn/dtyw/tz/202309/t20230910_32183.html,https://jsb.nea.gov.cn/dtyw/tz/index_3.html
20260427_195648,CAND-CAF90BF6BC92,SRC-P-037,省级,山西,山西省能源局-政策文件检索电力,山西省能源局,关于印发《2021年全省电力市场交易组织方案》的通知,2020-12-09,电力市场,HTML,54,低分候选,暂不回填,http://nyj.shanxi.gov.cn/zfxxgk/fdzdgknr/sjwj/202310/t20231003_9418403.shtml,https://nyj.shanxi.gov.cn/trs-search/trssearch/openSearch/getZwgkList?keywords=%E7%94%B5%E5%8A%9B&pageNum=1&siteId=60&chnId=&dockind=2&position=0&sort=1&suitability=0
20260427_195648,CAND-AC00442207A1,SRC-PR-001,省级监管,江苏,国家能源局江苏监管办公室-通知,国家能源局江苏监管办公室,关于印发《江苏分布式发电市场化交易及电网企业输配电服务三方合同（示范文本）》的通知 2020-12-10,2020-12-10,市场化交易,HTML,54,低分候选,暂不回填,https://jsb.nea.gov.cn/dtyw/tz/202309/t20230910_32192.html,https://jsb.nea.gov.cn/dtyw/tz/index_3.html
20260427_195648,CAND-4DA9E89D907B,SRC-PR-003,省级监管,浙江,国家能源局浙江监管办公室-通知公告,国家能源局浙江监管办公室,关于转发《发电企业与电网企业电费结算办法》的通知 2021-01-18,2021-01-18,结算,HTML,54,低分候选,暂不回填,https://zjb.nea.gov.cn/dtyw/tzgg/202309/t20230914_75861.html,https://zjb.nea.gov.cn/dtyw/tzgg/index_5.html
20260427_195648,CAND-C561726DF713,SRC-R-002,区域监管,华中区域,国家能源局华中监管局-通知公告,国家能源局派出机构,国家能源局华中监管局 西藏自治区能源局关于印发《西藏自治区电力中长期交易实施细... 2021-09-10,2021-09-10,中长期,HTML,54,低分候选,暂不回填,https://hzj.nea.gov.cn/dtyw/tzgg/202310/t20231021_165562.html,https://hzj.nea.gov.cn/dtyw/tzgg/index_9.html
20260427_195648,CAND-E0C129041587,SRC-PR-003,省级监管,浙江,国家能源局浙江监管办公室-通知公告,国家能源局浙江监管办公室,浙江能源监管办关于印发2022年浙江省电力中长期交易相关合同示范文本的通知 2021-12-17,2021-12-17,中长期,HTML,54,低分候选,暂不回填,https://zjb.nea.gov.cn/dtyw/tzgg/202309/t20230914_75877.html,https://zjb.nea.gov.cn/dtyw/tzgg/index_4.html
20260427_195648,CAND-92921AD87674,SRC-P-037,省级,山西,山西省能源局-政策文件检索电力,山西省能源局,关于印发《2022年电力市场交易组织方案》的通知,2021-12-27,电力市场,HTML,54,低分候选,暂不回填,http://nyj.shanxi.gov.cn/zfxxgk/fdzdgknr/sjwj/202310/t20231019_9418371.shtml,https://nyj.shanxi.gov.cn/trs-search/trssearch/openSearch/getZwgkList?keywords=%E7%94%B5%E5%8A%9B&pageNum=1&siteId=60&chnId=&dockind=2&position=0&sort=1&suitability=0
20260427_195648,CAND-454B3FC877A2,SRC-PR-001,省级监管,江苏,国家能源局江苏监管办公室-通知,国家能源局江苏监管办公室,关于开展2022年电力交易与市场秩序约访约谈工作的通知 2022-02-15,2022-02-15,电力交易,HTML,54,低分候选,暂不回填,https://jsb.nea.gov.cn/dtyw/tz/202309/t20230910_32206.html,https://jsb.nea.gov.cn/dtyw/tz/index_2.html
20260427_195648,CAND-3381A48EFB87,SRC-R-003,区域监管,山东,国家能源局山东监管办公室-通知公告,国家能源局派出机构,关于征求《山东电网地方公用电厂并网运行管理实施细则》意见的通知 2022-05-05,2022-05-05,实施细则,HTML,54,低分候选,暂不回填,https://sdb.nea.gov.cn/dtyw/tzgg/202309/t20230919_110465.html,https://sdb.nea.gov.cn/dtyw/tzgg/index_2.html
20260427_195648,CAND-0091704D9DB6,SRC-R-002,区域监管,华中区域,国家能源局华中监管局-通知公告,国家能源局派出机构,华中能源监管局关于《湖北电力调频辅助服务市场交易规则（征求意见稿）》公开征求... 2022-06-13,2022-06-13,交易规则;辅助服务;调频,HTML,54,低分候选,暂不回填,https://hzj.nea.gov.cn/dtyw/tzgg/202310/t20231021_165586.html,https://hzj.nea.gov.cn/dtyw/tzgg/index_8.html
20260427_195648,CAND-D5309C86BF3A,SRC-R-002,区域监管,华中区域,国家能源局华中监管局-通知公告,国家能源局派出机构,华中能源监管局关于《江西电力调频辅助服务市场交易规则（征求意见稿）》公开征求... 2022-06-24,2022-06-24,交易规则;辅助服务;调频,HTML,54,低分候选,暂不回填,https://hzj.nea.gov.cn/dtyw/tzgg/202310/t20231021_165587.html,https://hzj.nea.gov.cn/dtyw/tzgg/index_7.html
20260427_195648,CAND-D01D2E5D8AEF,SRC-R-002,区域监管,华中区域,国家能源局华中监管局-通知公告,国家能源局派出机构,华中能源监管局关于《重庆电力调频辅助服务市场交易规则（征求意见稿）》公开征求... 2022-06-28,2022-06-28,交易规则;辅助服务;调频,HTML,54,低分候选,暂不回填,https://hzj.nea.gov.cn/dtyw/tzgg/202310/t20231021_165588.html,https://hzj.nea.gov.cn/dtyw/tzgg/index_7.html
20260427_195648,CAND-C9353A3B5B7D,SRC-PR-001,省级监管,江苏,国家能源局江苏监管办公室-通知,国家能源局江苏监管办公室,关于印发《江苏电力并网运行管理实施细则》《江苏电力辅助服务管理实施细则》的通知 2022-08-12,2022-08-12,实施细则;辅助服务,HTML,54,低分候选,暂不回填,https://jsb.nea.gov.cn/dtyw/tz/202309/t20230910_32209.html,https://jsb.nea.gov.cn/dtyw/tz/index_2.html
20260427_195648,CAND-9B8545D7E5D8,SRC-R-002,区域监管,华中区域,国家能源局华中监管局-通知公告,国家能源局派出机构,华中能源监管局关于《重庆市电力中长期 交易规则（现货）（征求意见稿）》公开征求... 2022-11-04,2022-11-04,交易规则;中长期;现货,HTML,54,低分候选,暂不回填,https://hzj.nea.gov.cn/dtyw/tzgg/202310/t20231021_165599.html,https://hzj.nea.gov.cn/dtyw/tzgg/index_7.html
20260427_195648,CAND-5D4940F2F8A4,SRC-P-037,省级,山西,山西省能源局-政策文件检索电力,山西省能源局,山西省能源局关于印发《2023年全省电力市场交易工作方案》的通知,2022-12-13,电力市场,HTML,54,低分候选,暂不回填,http://nyj.shanxi.gov.cn/zfxxgk/fdzdgknr/gfxwj/sx_82094/202309/t20230921_9434386.shtml,https://nyj.shanxi.gov.cn/trs-search/trssearch/openSearch/getZwgkList?keywords=%E7%94%B5%E5%8A%9B&pageNum=1&siteId=60&chnId=&dockind=2&position=0&sort=1&suitability=0
20260427_195648,CAND-53EB526A6608,SRC-P-037,省级,山西,山西省能源局-政策文件检索电力,山西省能源局,山西省能源局关于印发《2023年全省电力市场交易工作方案》的通知,2022-12-13,电力市场,HTML,54,低分候选,暂不回填,http://nyj.shanxi.gov.cn/zfxxgk/fdzdgknr/sjwj/202309/t20230921_9418440.shtml,https://nyj.shanxi.gov.cn/trs-search/trssearch/openSearch/getZwgkList?keywords=%E7%94%B5%E5%8A%9B&pageNum=2&siteId=60&chnId=&dockind=2&position=0&sort=1&suitability=0
20260427_195648,CAND-D59523AFDCBF,SRC-PR-007,省级监管,新疆,国家能源局新疆监管办公室-通知公告,国家能源局新疆监管办公室,关于对《新疆电力辅助服务市场运营规则（征求意见稿》征求意见的通知 2023-04-28,2023-04-28,运营规则;辅助服务,HTML,54,低分候选,暂不回填,https://xjb.nea.gov.cn/dtyw/tzgg/202309/t20230923_116583.html,https://xjb.nea.gov.cn/dtyw/tzgg/index_7.html
20260427_195648,CAND-59D276C38F67,SRC-PR-007,省级监管,新疆,国家能源局新疆监管办公室-通知公告,国家能源局新疆监管办公室,关于转发《国家能源局关于进一步加强电力市场管理委员会规范运作的指导意见》的通知 2023-09-28,2023-09-28,电力市场,HTML,54,低分候选,暂不回填,https://xjb.nea.gov.cn/dtyw/tzgg/202401/t20240129_230959.html,https://xjb.nea.gov.cn/dtyw/tzgg/index_5.html
20260427_195648,CAND-7C4BC69AC93C,SRC-PR-001,省级监管,江苏,国家能源局江苏监管办公室-通知,国家能源局江苏监管办公室,江苏能源监管办关于《江苏电力辅助服务（调频）市场交易规则》公开征求意见的公告 2023-12-29,2023-12-29,交易规则;辅助服务;调频,HTML,54,低分候选,暂不回填,https://jsb.nea.gov.cn/dtyw/tz/202401/t20240116_226941.html,https://jsb.nea.gov.cn/dtyw/tz/index_1.html
20260427_195648,CAND-0CD21CE7C178,SRC-MU-005,直辖市,天津,天津市工业和信息化局-委局文件,天津市工业和信息化局,市工业和信息化局关于调整天津市电力市场管理委员会组建方案的通知2024-05-06,2024-05-06,电力市场,HTML,54,低分候选,暂不回填,https://gyxxh.tj.gov.cn/ZWGK4147/ZCWJ6355/wjwj/202405/t20240506_6617695.html,https://gyxxh.tj.gov.cn/ZWGK4147/ZCWJ6355/wjwj/index_6.html
20260427_195648,CAND-3782E621A45D,SRC-PR-005,省级监管,四川,国家能源局四川监管办公室-通知公告,国家能源局四川监管办公室,关于公开征求《四川电力中长期交易规则（2024年修订版征求意见稿）》意见的通知 2024-11-08,2024-11-08,交易规则;中长期,PDF,54,低分候选,暂不回填,https://scb.nea.gov.cn/dtyw/tzgg/202411/P020241108651338855917.pdf,https://scb.nea.gov.cn/dtyw/tzgg/index_9.html
20260427_195648,CAND-213A96461EA4,SRC-PR-004,省级监管,福建,国家能源局福建监管办公室-通知公告,国家能源局福建监管办公室,福建能源监管办关于转发《国家能源局综合司关于进一步规范电力市场交易行为有关事... 2024-11-14,2024-11-14,电力市场,HTML,54,低分候选,暂不回填,https://fjb.nea.gov.cn/dtyw/tzgg/202411/t20241114_272323.html,https://fjb.nea.gov.cn/dtyw/tzgg/index_5.html
20260427_195648,CAND-2AB70BEFDCAF,SRC-R-006,区域监管,西北区域,国家能源局西北监管局-通知公告,国家能源局派出机构,国家能源局西北监管局关于印发《西北区域电力并网运行管理实施细则》《西北区域电... 2025-01-02,2025-01-02,实施细则,HTML,54,低分候选,暂不回填,https://xbj.nea.gov.cn/dtyw/tzgg/202501/t20250102_274863.html,https://xbj.nea.gov.cn/dtyw/tzgg/index_9.html
20260427_195648,CAND-2286F2BB21E4,SRC-PR-004,省级监管,福建,国家能源局福建监管办公室-通知公告,国家能源局福建监管办公室,《福建电力市场运行基本规则》（2025年修订版）解读 2025-02-28,2025-02-28,电力市场,HTML,54,低分候选,暂不回填,https://fjb.nea.gov.cn/dtyw/tzgg/202502/t20250228_277284.html,https://fjb.nea.gov.cn/dtyw/tzgg/index_4.html
20260427_195648,CAND-7B5BBBC77700,SRC-PR-007,省级监管,新疆,国家能源局新疆监管办公室-通知公告,国家能源局新疆监管办公室,关于公开征求《<新疆电力中长期交易实施细则>部分条款修订稿》意见的通知 2025-04-20,2025-04-20,实施细则;中长期,HTML,54,低分候选,暂不回填,https://xjb.nea.gov.cn/dtyw/tzgg/202504/t20250421_279829.html,https://xjb.nea.gov.cn/dtyw/tzgg/index_2.html
20260427_195648,CAND-2266695E0F24,SRC-PR-007,省级监管,新疆,国家能源局新疆监管办公室-通知公告,国家能源局新疆监管办公室,关于公开征求《新疆电力辅助服务市场运营规则（征求意见稿）》意见的通知 2025-04-20,2025-04-20,运营规则;辅助服务,HTML,54,低分候选,暂不回填,https://xjb.nea.gov.cn/dtyw/tzgg/202504/t20250421_279828.html,https://xjb.nea.gov.cn/dtyw/tzgg/index_2.html
20260427_195648,CAND-07800C683BD7,SRC-P-037,省级,山西,山西省能源局-政策文件检索电力,山西省能源局,山西省能源局关于加强2025年新型储能管理工作的通知,2025-05-06,新型储能,HTML,54,低分候选,暂不回填,http://nyj.shanxi.gov.cn/zfxxgk/fdzdgknr/sjwj/202505/t20250506_9826452.shtml,https://nyj.shanxi.gov.cn/trs-search/trssearch/openSearch/getZwgkList?keywords=%E7%94%B5%E5%8A%9B&pageNum=5&siteId=60&chnId=&dockind=2&position=0&sort=1&suitability=0
20260427_195648,CAND-ECA97B00D4D9,SRC-PR-004,省级监管,福建,国家能源局福建监管办公室-通知公告,国家能源局福建监管办公室,关于征集福建省电力市场秩序突出问题线索的公告 2025-05-29,2025-05-29,电力市场,HTML,54,低分候选,暂不回填,https://fjb.nea.gov.cn/dtyw/tzgg/202505/t20250529_281828.html,https://fjb.nea.gov.cn/dtyw/tzgg/index_3.html
20260427_195648,CAND-A0DC05450750,SRC-PR-004,省级监管,福建,国家能源局福建监管办公室-通知公告,国家能源局福建监管办公室,福建能源监管办关于公开征求《福建电力市场规则体系管理办法（试行）（征求意见稿... 2025-07-04,2025-07-04,电力市场;规则体系,HTML,54,低分候选,暂不回填,https://fjb.nea.gov.cn/dtyw/tzgg/202507/t20250704_283947.html,https://fjb.nea.gov.cn/dtyw/tzgg/index_2.html
20260427_195648,CAND-CC5993655627,SRC-P-036,省级,四川,四川省发展和改革委员会-通知公告,四川省发展和改革委员会,关于印发《四川省电网侧新型储能项目清单（2025年度）》的通知(川发改能源〔2025〕309号),2025-07-11,新型储能,HTML,54,低分候选,暂不回填,https://fgw.sc.gov.cn/sfgw/tzgg/2025/7/11/61db13aa9e1f45758288959fadc9f1ea.shtml,https://fgw.sc.gov.cn/sfgw/tzgg/list_7.shtml
20260427_195648,CAND-DC02450597F1,SRC-P-037,省级,山西,山西省能源局-政策文件检索电力,山西省能源局,山西省能源局关于印发2025年第三季度新型储能项目库调整清单的通知,2025-09-23,新型储能,HTML,54,低分候选,暂不回填,http://nyj.shanxi.gov.cn/zfxxgk/fdzdgknr/sjwj/202509/t20250925_9966030.shtml,https://nyj.shanxi.gov.cn/trs-search/trssearch/openSearch/getZwgkList?keywords=%E7%94%B5%E5%8A%9B&pageNum=5&siteId=60&chnId=&dockind=2&position=0&sort=1&suitability=0
20260427_195648,CAND-A3BBD3204648,SRC-P-036,省级,四川,四川省发展和改革委员会-通知公告,四川省发展和改革委员会,关于印发《四川省电网侧新型储能项目清单（2025年第二批）》的通知(川发改能源〔2025〕518号),2025-10-24,新型储能,HTML,54,低分候选,暂不回填,https://fgw.sc.gov.cn/sfgw/tzgg/2025/10/24/eb0c9a1c30f544fe9264c9be874f056e.shtml,https://fgw.sc.gov.cn/sfgw/tzgg/list_5.shtml
20260427_195648,CAND-F392CBDA2F73,SRC-PR-003,省级监管,浙江,国家能源局浙江监管办公室-通知公告,国家能源局浙江监管办公室,浙江能源监管办关于征求《关于贯彻落实电力市场信息披露基本规则有关事项的通知（征求意见稿... 2025-11-12,2025-11-12,电力市场,HTML,54,低分候选,暂不回填,https://zjb.nea.gov.cn/dtyw/tzgg/202511/t20251112_290334.html,https://zjb.nea.gov.cn/dtyw/tzgg/
20260427_195648,CAND-24951871FC8B,SRC-PR-002,省级监管,江苏,国家能源局江苏监管办公室-公告,国家能源局江苏监管办公室,江苏能源监管办关于公开征求《江苏省电力中长期市场实施细则（征求意见稿）》意见的公告 2026-01-23,2026-01-23,实施细则;中长期,HTML,54,低分候选,暂不回填,https://jsb.nea.gov.cn/dtyw/gg/202601/t20260123_294692.html,https://jsb.nea.gov.cn/dtyw/gg/index_2.html
20260427_195648,CAND-4CAB7D0BE01B,SRC-N-001,国家级,全国,国家发展改革委-政策通知,国家发展改革委,关于印发《新型储能规模化建设专项行动方案(2025—2027年)》的通知(发改能源〔2025〕1144号),,新型储能,HTML,52,低分候选,暂不回填,https://www.ndrc.gov.cn/xxgk/zcfb/tz/202509/t20250912_1400425.html,https://www.ndrc.gov.cn/xxgk/zcfb/tz/index_1.html
20260427_195648,CAND-A3DEF637650A,SRC-N-001,国家级,全国,国家发展改革委-政策通知,国家发展改革委,关于跨电网经营区常态化电力交易机制方案的复函(发改体改〔2025〕915号),,电力交易,HTML,52,低分候选,暂不回填,https://www.ndrc.gov.cn/xxgk/zcfb/tz/202507/t20250711_1399134.html,https://www.ndrc.gov.cn/xxgk/zcfb/tz/index_1.html
20260427_195648,CAND-62724FF3A3BF,SRC-MU-007,直辖市,上海,上海市发展和改革委员会-政策文件,上海市发展和改革委员会,关于上海市贯彻落实新能源上网电价市场化改革有关事项的通知,,上网电价;新能源上网,HTML,50,低分候选,暂不回填,http://fgw.sh.gov.cn/fgw_jggl/20250804/dabf972a3f494bf79a8774dc786e8b7d.html,https://fgw.sh.gov.cn/fgw_zcwjfl/index_6.html
20260427_195648,CAND-80D4ECD388D5,SRC-MU-002,直辖市,北京,北京市经济和信息化局-政策文件,北京市经济和信息化局,北京市经济和信息化局关于印发《北京市新型储能产业发展实施方案（2024—2027年）》的通知,,新型储能,HTML,50,低分候选,暂不回填,https://jxj.beijing.gov.cn/zwgk/2024zcwj/202412/t20241205_3957632.html,https://jxj.beijing.gov.cn/zwgk/2024zcwj/index_8.html
20260427_195648,CAND-DDFF263D9FE1,SRC-T-001,交易机构,南方区域,广州电力交易中心-交易规则,广州电力交易中心,南方区域绿色电力证书交易实施细则（2023年版）,,实施细则,PDF,50,低分候选,暂不回填,https://www.gzpec.cn/law/jygz/202310/P020231025623801942126.pdf,https://www.gzpec.cn/law/jygz/index_2.html
20260427_195648,CAND-D531CFB055F3,SRC-PR-001,省级监管,江苏,国家能源局江苏监管办公室-通知,国家能源局江苏监管办公室,关于下达2017年江苏统调发电企业辅助服务补偿结果的通知 2018-08-08,2018-08-08,辅助服务,HTML,50,低分候选,暂不回填,https://jsb.nea.gov.cn/dtyw/tz/202309/t20230910_32118.html,https://jsb.nea.gov.cn/dtyw/tz/index_8.html
20260427_195648,CAND-10A88757752E,SRC-PR-003,省级监管,浙江,国家能源局浙江监管办公室-通知公告,国家能源局浙江监管办公室,国家能源局华东监管局关于印发《华东区域并网发电厂辅助服务管理实施细则》和《华东区域发电... 2019-04-26,2019-04-26,实施细则;辅助服务,HTML,50,低分候选,暂不回填,https://zjb.nea.gov.cn/dtyw/tzgg/202309/t20230914_75784.html,https://zjb.nea.gov.cn/dtyw/tzgg/index_9.html
20260427_195648,CAND-35DD33E60C6D,SRC-PR-003,省级监管,浙江,国家能源局浙江监管办公室-通知公告,国家能源局浙江监管办公室,国家能源局浙江监管办公室关于征求《浙江省售电市场监管办法（试行）》意见的函 2019-04-26,2019-04-26,市场监管,HTML,50,低分候选,暂不回填,https://zjb.nea.gov.cn/dtyw/tzgg/202309/t20230914_75785.html,https://zjb.nea.gov.cn/dtyw/tzgg/index_9.html
20260427_195648,CAND-9A899189F2BB,SRC-PR-001,省级监管,江苏,国家能源局江苏监管办公室-通知,国家能源局江苏监管办公室,关于印发2018年下半年江苏统调发电企业辅助服务补偿结果的通知 2019-07-30,2019-07-30,辅助服务,HTML,50,低分候选,暂不回填,https://jsb.nea.gov.cn/dtyw/tz/202309/t20230910_32151.html,https://jsb.nea.gov.cn/dtyw/tz/index_5.html
20260427_195648,CAND-7F969F40C177,SRC-PR-003,省级监管,浙江,国家能源局浙江监管办公室-通知公告,国家能源局浙江监管办公室,国家能源局浙江监管办公室关于征求2019年度浙江省部分行业放开中长期电力交易相关合同示范文... 2019-10-10,2019-10-10,电力交易;中长期,HTML,50,低分候选,暂不回填,https://zjb.nea.gov.cn/dtyw/tzgg/202309/t20230914_75795.html,https://zjb.nea.gov.cn/dtyw/tzgg/index_9.html
20260427_195648,CAND-2BEA71D51896,SRC-PR-003,省级监管,浙江,国家能源局浙江监管办公室-通知公告,国家能源局浙江监管办公室,国家能源局浙江监管办公室关于印发2019年度浙江省部分行业放开中长期电力交易相关合同示范文... 2019-10-21,2019-10-21,电力交易;中长期,HTML,50,低分候选,暂不回填,https://zjb.nea.gov.cn/dtyw/tzgg/202309/t20230914_75797.html,https://zjb.nea.gov.cn/dtyw/tzgg/index_9.html
20260427_195648,CAND-DCABF076A49E,SRC-PR-001,省级监管,江苏,国家能源局江苏监管办公室-通知,国家能源局江苏监管办公室,关于印发2019年上半年江苏统调发电企业辅助服务补偿结果的通知 2019-10-25,2019-10-25,辅助服务,HTML,50,低分候选,暂不回填,https://jsb.nea.gov.cn/dtyw/tz/202309/t20230910_32159.html,https://jsb.nea.gov.cn/dtyw/tz/index_5.html
20260427_195648,CAND-6C59B002FB5B,SRC-PR-001,省级监管,江苏,国家能源局江苏监管办公室-通知,国家能源局江苏监管办公室,关于印发2019年下半年江苏统调发电企业辅助服务补偿结果的通知 2020-04-17,2020-04-17,辅助服务,HTML,50,低分候选,暂不回填,https://jsb.nea.gov.cn/dtyw/tz/202309/t20230910_32180.html,https://jsb.nea.gov.cn/dtyw/tz/index_4.html
20260427_195648,CAND-E0087AFA75B9,SRC-PR-003,省级监管,浙江,国家能源局浙江监管办公室-通知公告,国家能源局浙江监管办公室,浙江省能源监管办关于开展浙江省电力市场监管专家调整推荐工作的通知 2020-05-12,2020-05-12,电力市场;市场监管,HTML,50,低分候选,暂不回填,https://zjb.nea.gov.cn/dtyw/tzgg/202309/t20230914_75824.html,https://zjb.nea.gov.cn/dtyw/tzgg/index_8.html
20260427_195648,CAND-BFC69CA6B6AE,SRC-PR-003,省级监管,浙江,国家能源局浙江监管办公室-通知公告,国家能源局浙江监管办公室,关于征求《华东区域跨省电力中长期交易规则（征求意见稿）》意见的函 2020-07-21,2020-07-21,交易规则;中长期;跨省,HTML,50,低分候选,暂不回填,https://zjb.nea.gov.cn/dtyw/tzgg/202309/t20230914_75837.html,https://zjb.nea.gov.cn/dtyw/tzgg/index_7.html
20260427_195648,CAND-638B483B4C06,SRC-PR-001,省级监管,江苏,国家能源局江苏监管办公室-通知,国家能源局江苏监管办公室,关于印发2020年上半年江苏统调发电企业辅助服务补偿结果的通知 2020-10-08,2020-10-08,辅助服务,HTML,50,低分候选,暂不回填,https://jsb.nea.gov.cn/dtyw/tz/202309/t20230910_32187.html,https://jsb.nea.gov.cn/dtyw/tz/index_3.html
20260427_195648,CAND-12541C331FAB,SRC-P-037,省级,山西,山西省能源局-政策文件检索电力,山西省能源局,山西省人民政府办公厅关于印发山西省进一步推进电力市场建设工作方案的通知,2020-11-09,电力市场,HTML,50,低分候选,暂不回填,http://nyj.shanxi.gov.cn/zfxxgk/szfwj/202505/t20250506_9826241.shtml,https://nyj.shanxi.gov.cn/trs-search/trssearch/openSearch/getZwgkList?keywords=%E7%94%B5%E5%8A%9B&pageNum=3&siteId=60&chnId=&dockind=2&position=0&sort=1&suitability=0
20260427_195648,CAND-456EF21A4456,SRC-PR-001,省级监管,江苏,国家能源局江苏监管办公室-通知,国家能源局江苏监管办公室,关于印发《售电公司与电力用户购售电合同（示范文本）》《江苏电力中长期交易合同（示范文本... 2021-02-05,2021-02-05,中长期,HTML,50,低分候选,暂不回填,https://jsb.nea.gov.cn/dtyw/tz/202309/t20230910_32195.html,https://jsb.nea.gov.cn/dtyw/tz/index_3.html
20260427_195648,CAND-B6C1DB47F666,SRC-PR-001,省级监管,江苏,国家能源局江苏监管办公室-通知,国家能源局江苏监管办公室,关于印发2020年下半年江苏统调发电企业辅助服务补偿结果的通知 2021-04-22,2021-04-22,辅助服务,HTML,50,低分候选,暂不回填,https://jsb.nea.gov.cn/dtyw/tz/202309/t20230910_32198.html,https://jsb.nea.gov.cn/dtyw/tz/index_2.html
20260427_195648,CAND-51C1C7D1E8A8,SRC-PR-003,省级监管,浙江,国家能源局浙江监管办公室-通知公告,国家能源局浙江监管办公室,关于征求《浙江省第三方独立主体参与电力辅助服务市场交易规则（试行）（征求意见稿）》意见的函 2021-05-20,2021-05-20,交易规则;辅助服务,HTML,50,低分候选,暂不回填,https://zjb.nea.gov.cn/dtyw/tzgg/202309/t20230914_75868.html,https://zjb.nea.gov.cn/dtyw/tzgg/index_5.html
20260427_195648,CAND-7AE6819E8807,SRC-R-002,区域监管,华中区域,国家能源局华中监管局-通知公告,国家能源局派出机构,华中能源监管局关于《川渝一体化电力调峰辅助服务市场运营规则（征求意见稿）》公... 2021-07-30,2021-07-30,运营规则;辅助服务;调峰,HTML,50,低分候选,暂不回填,https://hzj.nea.gov.cn/dtyw/tzgg/202310/t20231021_165559.html,https://hzj.nea.gov.cn/dtyw/tzgg/index_9.html
20260427_195648,CAND-D01F22D3E86E,SRC-R-002,区域监管,华中区域,国家能源局华中监管局-通知公告,国家能源局派出机构,华中能源监管局关于公开征求《新型主体参与华中电力调峰辅助服务市场规则（征求意... 2021-08-18,2021-08-18,辅助服务;调峰,HTML,50,低分候选,暂不回填,https://hzj.nea.gov.cn/dtyw/tzgg/202310/t20231021_165560.html,https://hzj.nea.gov.cn/dtyw/tzgg/index_9.html
20260427_195648,CAND-CFF09280EA19,SRC-PR-003,省级监管,浙江,国家能源局浙江监管办公室-通知公告,国家能源局浙江监管办公室,浙江能源监管办关于征求2022年浙江省电力中长期交易合同示范文本意见的函 2021-12-11,2021-12-11,中长期,HTML,50,低分候选,暂不回填,https://zjb.nea.gov.cn/dtyw/tzgg/202309/t20230914_75876.html,https://zjb.nea.gov.cn/dtyw/tzgg/index_4.html
20260427_195648,CAND-32FC922BB4C7,SRC-P-037,省级,山西,山西省能源局-政策文件检索电力,山西省能源局,山西省能源局国家能源局山西监管办公室关于印发《售电公司管理实施细则》的通知,2022-03-29,实施细则,HTML,50,低分候选,暂不回填,http://nyj.shanxi.gov.cn/zfxxgk/fdzdgknr/gfxwj/xxyx_82093/202309/t20230920_9434379.shtml,https://nyj.shanxi.gov.cn/trs-search/trssearch/openSearch/getZwgkList?keywords=%E7%94%B5%E5%8A%9B&pageNum=6&siteId=60&chnId=&dockind=2&position=0&sort=1&suitability=0
20260427_195648,CAND-69D5590BE01A,SRC-R-002,区域监管,华中区域,国家能源局华中监管局-通知公告,国家能源局派出机构,国家能源局华中监管局关于《湖北省电力中长期交易实施细则（征求意见稿）》公开征... 2022-05-09,2022-05-09,实施细则;中长期,HTML,50,低分候选,暂不回填,https://hzj.nea.gov.cn/dtyw/tzgg/202310/t20231021_165576.html,https://hzj.nea.gov.cn/dtyw/tzgg/index_8.html
20260427_195648,CAND-72DA87667717,SRC-P-013,省级,四川,四川省发展和改革委员会-政策文件,四川省发展和改革委员会,关于印发《四川省生活垃圾焚烧发电中长期规划（2022年修订）》的通知（川发改环资〔2022〕231号）,2022-05-16,中长期,HTML,50,低分候选,暂不回填,https://fgw.sc.gov.cn/sfgw/zcwj/2022/5/16/4d40ff9cb79648018ef724f22755b408.shtml,https://fgw.sc.gov.cn/sfgw/zcwj/list_6.shtml
20260427_195648,CAND-53CFB4E125D4,SRC-R-002,区域监管,华中区域,国家能源局华中监管局-通知公告,国家能源局派出机构,国家能源局华中监管局关于《江西省电力中长期交易实施细则（征求意见稿）》公开征... 2022-05-26,2022-05-26,实施细则;中长期,HTML,50,低分候选,暂不回填,https://hzj.nea.gov.cn/dtyw/tzgg/202310/t20231021_165582.html,https://hzj.nea.gov.cn/dtyw/tzgg/index_8.html
20260427_195648,CAND-B326738BE20A,SRC-R-002,区域监管,华中区域,国家能源局华中监管局-通知公告,国家能源局派出机构,国家能源局华中监管局关于《重庆市电力中长期交易规则（征求意见稿）》公开征求意... 2022-05-30,2022-05-30,交易规则;中长期,HTML,50,低分候选,暂不回填,https://hzj.nea.gov.cn/dtyw/tzgg/202310/t20231021_165583.html,https://hzj.nea.gov.cn/dtyw/tzgg/index_8.html
20260427_195648,CAND-0E281D1CAED8,SRC-P-037,省级,山西,山西省能源局-政策文件检索电力,山西省能源局,山西省能源局关于印发《源网荷储一体化项目管理办法》的通知,2022-05-30,源网荷储,HTML,50,低分候选,暂不回填,http://nyj.shanxi.gov.cn/zfxxgk/fdzdgknr/gfxwj/xxyx_82093/202309/t20230927_9418425.shtml,https://nyj.shanxi.gov.cn/trs-search/trssearch/openSearch/getZwgkList?keywords=%E7%94%B5%E5%8A%9B&pageNum=7&siteId=60&chnId=&dockind=2&position=0&sort=1&suitability=0
20260427_195648,CAND-EF73C9A2EE07,SRC-PR-001,省级监管,江苏,国家能源局江苏监管办公室-通知,国家能源局江苏监管办公室,关于印发2021年江苏统调发电企业辅助服务补偿结果的通知 2022-08-05,2022-08-05,辅助服务,HTML,50,低分候选,暂不回填,https://jsb.nea.gov.cn/dtyw/tz/202309/t20230910_32208.html,https://jsb.nea.gov.cn/dtyw/tz/index_2.html
20260427_195648,CAND-94D2FE448EDD,SRC-P-037,省级,山西,山西省能源局-政策文件检索电力,山西省能源局,山西省能源局关于印发《“十四五”新型储能发展实施方案》的通知,2022-09-30,新型储能,HTML,50,低分候选,暂不回填,http://nyj.shanxi.gov.cn/zfxxgk/fdzdgknr/sjwj/202309/t20230929_9418420.shtml,https://nyj.shanxi.gov.cn/trs-search/trssearch/openSearch/getZwgkList?keywords=%E7%94%B5%E5%8A%9B&pageNum=6&siteId=60&chnId=&dockind=2&position=0&sort=1&suitability=0
20260427_195648,CAND-FA62ED6A2EC0,SRC-R-003,区域监管,山东,国家能源局山东监管办公室-通知公告,国家能源局派出机构,山东能源监管办关于征求《山东省发电厂并网运行管理实施细则(2022年修订版)》等六个规范性文... 2022-10-10,2022-10-10,实施细则,HTML,50,低分候选,暂不回填,https://sdb.nea.gov.cn/dtyw/tzgg/202309/t20230919_110470.html,https://sdb.nea.gov.cn/dtyw/tzgg/index_2.html
20260427_195648,CAND-FBC970D5526C,SRC-R-003,区域监管,山东,国家能源局山东监管办公室-通知公告,国家能源局派出机构,山东能源监管办关于征求《山东省电力并网运行管理实施细则(2023年修订版)》《山东省电力辅助... 2023-03-08,2023-03-08,实施细则,HTML,50,低分候选,暂不回填,https://sdb.nea.gov.cn/dtyw/tzgg/202309/t20230919_110472.html,https://sdb.nea.gov.cn/dtyw/tzgg/index_2.html
20260427_195648,CAND-CF7910FE4981,SRC-P-037,省级,山西,山西省能源局-政策文件检索电力,山西省能源局,关于滚动调整新型储能项目建设库的通知,2023-05-08,新型储能,HTML,50,低分候选,暂不回填,http://nyj.shanxi.gov.cn/zfxxgk/fdzdgknr/sjwj/202311/t20231129_9435605.shtml,https://nyj.shanxi.gov.cn/trs-search/trssearch/openSearch/getZwgkList?keywords=%E7%94%B5%E5%8A%9B&pageNum=6&siteId=60&chnId=&dockind=2&position=0&sort=1&suitability=0
20260427_195648,CAND-45899D0B09E4,SRC-R-002,区域监管,华中区域,国家能源局华中监管局-通知公告,国家能源局派出机构,华中能源监管局关于征求《华中区域电力辅助服务管理实施细则（征求意见稿）》《华... 2023-05-18,2023-05-18,实施细则;辅助服务,HTML,50,低分候选,暂不回填,https://hzj.nea.gov.cn/dtyw/tzgg/202310/t20231021_165614.html,https://hzj.nea.gov.cn/dtyw/tzgg/index_6.html
20260427_195648,CAND-7ABFF107B35A,SRC-R-003,区域监管,山东,国家能源局山东监管办公室-通知公告,国家能源局派出机构,关于公开征求《山东发电机组进入及退出商业运营管理实施细则(征求意见稿)》意见的通知 2023-08-11,2023-08-11,实施细则,HTML,50,低分候选,暂不回填,https://sdb.nea.gov.cn/dtyw/tzgg/202309/t20230919_110476.html,https://sdb.nea.gov.cn/dtyw/tzgg/index_1.html
20260427_195648,CAND-C763E742AA18,SRC-P-013,省级,四川,四川省发展和改革委员会-政策文件,四川省发展和改革委员会,关于新投产发电机组调试运行期上网电价有关事项的通知（川发改价格〔2024〕45号）,2024-02-04,上网电价,HTML,50,低分候选,暂不回填,https://fgw.sc.gov.cn/sfgw/qtwj/2024/2/4/281fdd46a55841b6a51418896cb56186.shtml,https://fgw.sc.gov.cn/sfgw/zcwj/list_4.shtml
20260427_195648,CAND-DE37F309270F,SRC-PR-004,省级监管,福建,国家能源局福建监管办公室-通知公告,国家能源局福建监管办公室,福建能源监管办关于印发《福建发电机组进入及退出商业运营管理实施细则（试行）》... 2024-04-10,2024-04-10,实施细则,HTML,50,低分候选,暂不回填,https://fjb.nea.gov.cn/dtyw/tzgg/202404/t20240410_260462.html,https://fjb.nea.gov.cn/dtyw/tzgg/index_8.html
20260427_195648,CAND-C735F315E718,SRC-PR-003,省级监管,浙江,国家能源局浙江监管办公室-通知公告,国家能源局浙江监管办公室,关于征求2024年浙江省绿色电力交易合同示范文本意见的函 2024-05-24,2024-05-24,电力交易,PDF,50,低分候选,暂不回填,https://zjb.nea.gov.cn/dtyw/tzgg/202405/P020240524630635108190.pdf,https://zjb.nea.gov.cn/dtyw/tzgg/index_3.html
20260427_195648,CAND-864FB25810F5,SRC-PR-007,省级监管,新疆,国家能源局新疆监管办公室-通知公告,国家能源局新疆监管办公室,关于公开征求《新疆电力市场监管实施办法 （征求意见稿）》意见的通知 2025-01-15,2025-01-15,电力市场;市场监管,HTML,50,低分候选,暂不回填,https://xjb.nea.gov.cn/dtyw/tzgg/202501/t20250115_275380.html,https://xjb.nea.gov.cn/dtyw/tzgg/index_3.html
20260427_195648,CAND-065E7E750B79,SRC-R-001,区域监管,南方区域,国家能源局南方监管局-通知公示,国家能源局派出机构,南方能源监管局采取“三举措”夯实绿证核发数据基础 2025-02-20,2025-02-20,绿证,HTML,50,低分候选,暂不回填,https://nfj.nea.gov.cn/xwzx/tzgg/202502/t20250220_276965.html,https://nfj.nea.gov.cn/xwzx/tzgg/index_5.html
20260427_195648,CAND-BF67BBEE7CCB,SRC-PR-004,省级监管,福建,国家能源局福建监管办公室-通知公告,国家能源局福建监管办公室,国家能源局福建监管办公室 福建省发展和改革委员会关于印发《福建电力市场运行基本... 2025-02-28,2025-02-28,电力市场,PDF,50,低分候选,暂不回填,https://fjb.nea.gov.cn/dtyw/tzgg/202502/P020250228317033550447.pdf,https://fjb.nea.gov.cn/dtyw/tzgg/index_4.html
20260427_195648,CAND-C65DA9BDF8D9,SRC-PR-003,省级监管,浙江,国家能源局浙江监管办公室-通知公告,国家能源局浙江监管办公室,国家能源局浙江监管办公室 浙江省能源局关于印发《浙江省分布式可再生能源发电项目绿证核发工... 2025-11-07,2025-11-07,绿证,PDF,50,低分候选,暂不回填,https://zjb.nea.gov.cn/dtyw/tzgg/202511/P020251107588626158604.pdf,https://zjb.nea.gov.cn/dtyw/tzgg/index_1.html
20260427_195648,CAND-2D880E35F37A,SRC-PR-005,省级监管,四川,国家能源局四川监管办公室-通知公告,国家能源局四川监管办公室,关于公开征求《四川省电力辅助服务管理实施细则（征求意见稿）》《四川省电力并网... 2026-02-14,2026-02-14,实施细则;辅助服务,HTML,50,低分候选,暂不回填,https://scb.nea.gov.cn/dtyw/tzgg/202602/t20260214_296099.html,https://scb.nea.gov.cn/dtyw/tzgg/index_1.html
20260427_195648,CAND-68506E41FCC4,SRC-R-001,区域监管,南方区域,国家能源局南方监管局-通知公示,国家能源局派出机构,关于公开征求废止《南方区域跨省（区）电力应急调度暂行规定》意见的公告 2026-03-12,2026-03-12,跨省,HTML,50,低分候选,暂不回填,https://nfj.nea.gov.cn/xwzx/tzgg/202603/t20260312_297785.html,https://nfj.nea.gov.cn/xwzx/tzgg/
20260427_195648,CAND-766D55B58A4B,SRC-N-001,国家级,全国,国家发展改革委-政策通知,国家发展改革委,关于加强电网调峰储能和智能化调度能力建设的指导意见,,调峰,HTML,48,低分候选,暂不回填,https://www.ndrc.gov.cn/xxgk/zcfb/tz/202402/t20240227_1364257.html,https://www.ndrc.gov.cn/xxgk/zcfb/tz/index_6.html
20260427_195648,CAND-51F15764DC33,SRC-N-002,国家级,全国,国家发展改革委-规范性文件,国家发展改革委,关于加快推动新型储能发展的指导意见(发改能源规〔2021〕1051号),,新型储能,HTML,48,低分候选,暂不回填,https://www.ndrc.gov.cn/xxgk/zcfb/ghxwj/202107/t20210723_1291321.html,https://www.ndrc.gov.cn/xxgk/zcfb/ghxwj/index_3.html
20260427_195648,CAND-F9FEE8400C7E,SRC-MU-007,直辖市,上海,上海市发展和改革委员会-政策文件,上海市发展和改革委员会,关于明确上海闸电燃气轮机发电机组上网电价有关事项的通知,,上网电价,HTML,46,低分候选,暂不回填,http://fgw.sh.gov.cn/fgw_jggl/20251204/7c436aa3498c4f1eb9dbe4c2767b5601.html,https://fgw.sh.gov.cn/fgw_zcwjfl/index_4.html
20260427_195648,CAND-5157D99A8062,SRC-P-033,省级,内蒙古自治区,内蒙古自治区能源局-通知公告,内蒙古自治区能源局,内蒙古自治区能源局关于规范独立新型储能电站管理有关事宜的通知,,新型储能,HTML,46,低分候选,暂不回填,https://nyj.nmg.gov.cn/slh/tz/202511/t20251110_2815497.html,https://nyj.nmg.gov.cn/slh/tz/index_4.html
20260427_195648,CAND-06667FFC37CC,SRC-MU-002,直辖市,北京,北京市经济和信息化局-政策文件,北京市经济和信息化局,北京市经济和信息化局关于印发《北京市关于支持新型储能产业发展的若干政策措施》的通知,,新型储能,HTML,46,低分候选,暂不回填,https://jxj.beijing.gov.cn/zwgk/2024zcwj/202406/t20240607_3707284.html,https://jxj.beijing.gov.cn/zwgk/2024zcwj/index_9.html
20260427_195648,CAND-A8B5A4A750E9,SRC-P-002,省级,广东,广东省能源局-通知公告,广东省能源局,广东省能源局关于售电公司退出广东电力市场的公示04-14,,电力市场,HTML,46,低分候选,暂不回填,https://drc.gd.gov.cn/snyj/tzgg/content/post_4696771.html,https://drc.gd.gov.cn/snyj/tzgg/mindex_7.html
20260427_195648,CAND-9F760AFDC7DF,SRC-P-002,省级,广东,广东省能源局-通知公告,广东省能源局,广东省能源局关于售电公司退出广东电力市场的公示08-19,,电力市场,HTML,46,低分候选,暂不回填,https://drc.gd.gov.cn/snyj/tzgg/content/post_4760372.html,https://drc.gd.gov.cn/snyj/tzgg/mindex_5.html
20260427_195648,CAND-3BA930461CE0,SRC-R-003,区域监管,山东,国家能源局山东监管办公室-通知公告,国家能源局派出机构,关于征求《山东光伏电站并网运行管理实施细则(征求意见稿)》意见建议的通知 2018-10-30,2018-10-30,实施细则,HTML,46,低分候选,暂不回填,https://sdb.nea.gov.cn/dtyw/tzgg/202309/t20230919_110381.html,https://sdb.nea.gov.cn/dtyw/tzgg/index_8.html
20260427_195648,CAND-5D34DFD3C0A2,SRC-R-002,区域监管,华中区域,国家能源局华中监管局-通知公告,国家能源局派出机构,国家能源局华中监管局关于《华中区域电力市场信息披露办法（征求意见稿）》公开征... 2022-02-28,2022-02-28,电力市场,HTML,46,低分候选,暂不回填,https://hzj.nea.gov.cn/dtyw/tzgg/202310/t20231021_165571.html,https://hzj.nea.gov.cn/dtyw/tzgg/index_9.html
20260427_195648,CAND-8A2271E2CCB7,SRC-R-002,区域监管,华中区域,国家能源局华中监管局-通知公告,国家能源局派出机构,华中能源监管局关于征求《华中区域发电机组进入及退出商业运营实施细则（征求意见... 2023-09-08,2023-09-08,实施细则,HTML,46,低分候选,暂不回填,https://hzj.nea.gov.cn/dtyw/tzgg/202310/t20231021_165620.html,https://hzj.nea.gov.cn/dtyw/tzgg/index_5.html
20260427_195648,CAND-A26594EE6237,SRC-PR-004,省级监管,福建,国家能源局福建监管办公室-通知公告,国家能源局福建监管办公室,福建能源监管办关于公开征求《福建电力市场运行基本规则（2024年修订版）（征求意... 2024-10-18,2024-10-18,电力市场,HTML,46,低分候选,暂不回填,https://fjb.nea.gov.cn/dtyw/tzgg/202410/t20241018_271039.html,https://fjb.nea.gov.cn/dtyw/tzgg/index_6.html
20260427_195648,CAND-957BE224A108,SRC-R-001,区域监管,南方区域,国家能源局南方监管局-通知公示,国家能源局派出机构,关于公开征求《广东、广西、海南发电机组进入及退出商业运营与电力市场业务衔接规... 2025-01-10,2025-01-10,电力市场,HTML,46,低分候选,暂不回填,https://nfj.nea.gov.cn/xwzx/tzgg/202501/t20250110_275186.html,https://nfj.nea.gov.cn/xwzx/tzgg/index_6.html
20260427_195648,CAND-ACC6369CCB5D,SRC-PR-002,省级监管,江苏,国家能源局江苏监管办公室-公告,国家能源局江苏监管办公室,江苏能源监管办关于公开征求《江苏电力并网运行管理实施细则（征求意见稿）》《江苏电力辅助... 2025-09-29,2025-09-29,实施细则,HTML,46,低分候选,暂不回填,https://jsb.nea.gov.cn/dtyw/gg/202509/t20250929_288286.html,https://jsb.nea.gov.cn/dtyw/gg/index_4.html
20260427_195648,CAND-C91D6489A3EC,SRC-P-033,省级,内蒙古自治区,内蒙古自治区能源局-通知公告,内蒙古自治区能源局,内蒙古自治区能源局关于11个独立新型储能电站放电量补偿标准等信息的公告,,新型储能,HTML,42,低分候选,暂不回填,https://nyj.nmg.gov.cn/slh/tz/202602/t20260226_2865018.html,https://nyj.nmg.gov.cn/slh/tz/index_1.html
20260427_195648,CAND-0881FA668183,SRC-P-033,省级,内蒙古自治区,内蒙古自治区能源局-通知公告,内蒙古自治区能源局,内蒙古自治区能源局关于31个独立新型储能电站放电量补偿标准等信息的公示,,新型储能,HTML,42,低分候选,暂不回填,https://nyj.nmg.gov.cn/slh/tz/202602/t20260226_2865019.html,https://nyj.nmg.gov.cn/slh/tz/index_1.html
20260427_195648,CAND-FB874358A404,SRC-PR-001,省级监管,江苏,国家能源局江苏监管办公室-通知,国家能源局江苏监管办公室,关于征求《江苏电力市场监管实施办法（征求意见稿）》意见的函 2018-05-03,2018-05-03,电力市场;市场监管,HTML,42,低分候选,暂不回填,https://jsb.nea.gov.cn/dtyw/tz/202309/t20230910_32102.html,https://jsb.nea.gov.cn/dtyw/tz/index_9.html
20260427_195648,CAND-991341B2F0BA,SRC-PR-003,省级监管,浙江,国家能源局浙江监管办公室-通知公告,国家能源局浙江监管办公室,浙江能源监管办关于征求《浙江省电力市场监管实施办法（征求意见稿）》意见的函 2019-10-23,2019-10-23,电力市场;市场监管,HTML,42,低分候选,暂不回填,https://zjb.nea.gov.cn/dtyw/tzgg/202309/t20230914_75798.html,https://zjb.nea.gov.cn/dtyw/tzgg/index_9.html
20260427_195648,CAND-B0A8653D71AC,SRC-PR-003,省级监管,浙江,国家能源局浙江监管办公室-通知公告,国家能源局浙江监管办公室,关于征求《浙江省电力市场运营机构监管指引（征求意见稿）》意见的通知 2021-06-03,2021-06-03,电力市场,HTML,42,低分候选,暂不回填,https://zjb.nea.gov.cn/dtyw/tzgg/202309/t20230914_75870.html,https://zjb.nea.gov.cn/dtyw/tzgg/index_5.html
20260427_195648,CAND-95B56B3AC114,SRC-PR-004,省级监管,福建,国家能源局福建监管办公室-通知公告,国家能源局福建监管办公室,福建能源监管办关于公开征求《福建发电机组进入及退出商业运营管理实施细则（征求... 2023-12-01,2023-12-01,实施细则,HTML,42,低分候选,暂不回填,https://fjb.nea.gov.cn/dtyw/tzgg/202312/t20231201_220298.html,https://fjb.nea.gov.cn/dtyw/tzgg/index_9.html
20260427_195648,CAND-397BAFC1CFA0,SRC-PR-004,省级监管,福建,国家能源局福建监管办公室-通知公告,国家能源局福建监管办公室,福建能源监管办关于再次公开征求《福建发电机组进入及退出商业运营管理实施细则（... 2024-01-18,2024-01-18,实施细则,HTML,42,低分候选,暂不回填,https://fjb.nea.gov.cn/dtyw/tzgg/202401/t20240118_227369.html,https://fjb.nea.gov.cn/dtyw/tzgg/index_8.html
20260427_195648,CAND-97CB3F74FC1F,SRC-R-002,区域监管,华中区域,国家能源局华中监管局-通知公告,国家能源局派出机构,国家能源局华中监管局关于印发《华中区域省间电力中长期市场实施细则》的通知 2026-04-09,2026-04-09,实施细则;中长期;省间,HTML,74,已入库,无需重复入库,https://hzj.nea.gov.cn/dtyw/tzgg/202604/t20260409_299361.html,https://hzj.nea.gov.cn/dtyw/tzgg/
20260427_195648,CAND-A4B66C7278C0,SRC-R-003,区域监管,山东,国家能源局山东监管办公室-通知公告,国家能源局派出机构,关于印发《山东电力爬坡辅助服务市场交易规则(试行)》的通知 2024-02-08,2024-02-08,交易规则;辅助服务,HTML,70,已入库,无需重复入库,https://sdb.nea.gov.cn/dtyw/tzgg/202402/t20240208_245961.html,https://sdb.nea.gov.cn/dtyw/tzgg/index_1.html
20260427_195648,CAND-5EF9021CE0FC,SRC-R-006,区域监管,西北区域,国家能源局西北监管局-通知公告,国家能源局派出机构,国家能源局西北监管局关于征求《西北区域跨省电力中长期交易实施细则——新型储能... 2025-08-25,2025-08-25,实施细则;中长期;跨省;新型储能,HTML,70,已入库,无需重复入库,https://xbj.nea.gov.cn/dtyw/tzgg/202508/t20250825_286163.html,https://xbj.nea.gov.cn/dtyw/tzgg/index_4.html
20260427_195648,CAND-1806176B6C5E,SRC-R-006,区域监管,西北区域,国家能源局西北监管局-通知公告,国家能源局派出机构,国家能源局西北监管局关于印发《西北区域跨省电力中长期交易实施细则——新型储能... 2025-10-30,2025-10-30,实施细则;中长期;跨省;新型储能,HTML,70,已入库,无需重复入库,https://xbj.nea.gov.cn/dtyw/tzgg/202510/t20251030_289676.html,https://xbj.nea.gov.cn/dtyw/tzgg/index_2.html
20260427_195648,CAND-BD09FE282330,SRC-R-001,区域监管,南方区域,国家能源局南方监管局-通知公示,国家能源局派出机构,关于印发《南方区域新能源参与电力市场交易实施方案（试行）》的通知 2026-01-04,2026-01-04,电力市场,HTML,70,已入库,无需重复入库,https://nfj.nea.gov.cn/xwzx/tzgg/202601/t20260104_293533.html,https://nfj.nea.gov.cn/xwzx/tzgg/index_1.html
20260427_195648,CAND-8BA55D72F9B9,SRC-R-006,区域监管,西北区域,国家能源局西北监管局-通知公告,国家能源局派出机构,国家能源局西北监管局关于征求《西北区域省间电力中长期市场实施细则（2026年修订... 2026-02-14,2026-02-14,实施细则;中长期;省间,HTML,70,已入库,无需重复入库,https://xbj.nea.gov.cn/dtyw/tzgg/202602/t20260214_296071.html,https://xbj.nea.gov.cn/dtyw/tzgg/index_1.html
20260427_195648,CAND-6A8B0068873A,SRC-R-007,区域监管,华东区域,国家能源局华东监管局-通知公告,国家能源局派出机构,关于印发《上海电力中长期市场实施细则》的通知 2026-03-31,2026-03-31,实施细则;中长期,PDF,70,已入库,无需重复入库,https://hdj.nea.gov.cn/dtyw/tzgg/202603/P020260331593974942947.pdf,https://hdj.nea.gov.cn/dtyw/tzgg/index_1.html
20260427_195648,CAND-0A34FA35E60E,SRC-R-007,区域监管,华东区域,国家能源局华东监管局-通知公告,国家能源局派出机构,关于印发《安徽电力中长期市场实施细则》的通知 2026-03-31,2026-03-31,实施细则;中长期,PDF,70,已入库,无需重复入库,https://hdj.nea.gov.cn/dtyw/tzgg/202603/P020260331593555268345.pdf,https://hdj.nea.gov.cn/dtyw/tzgg/index_1.html
20260427_195648,CAND-A74926FCBF07,SRC-R-002,区域监管,华中区域,国家能源局华中监管局-通知公告,国家能源局派出机构,关于印发《江西省电力中长期市场实施细则》的通知 2026-04-14,2026-04-14,实施细则;中长期,HTML,70,已入库,无需重复入库,https://hzj.nea.gov.cn/dtyw/tzgg/202604/t20260414_299627.html,https://hzj.nea.gov.cn/dtyw/tzgg/
20260427_195648,CAND-663B4D5B07F3,SRC-R-002,区域监管,华中区域,国家能源局华中监管局-通知公告,国家能源局派出机构,关于印发《湖北省电力中长期市场实施细则》的通知 2026-04-14,2026-04-14,实施细则;中长期,HTML,70,已入库,无需重复入库,https://hzj.nea.gov.cn/dtyw/tzgg/202604/t20260414_299623.html,https://hzj.nea.gov.cn/dtyw/tzgg/
20260427_195648,CAND-712572408DA5,SRC-R-002,区域监管,华中区域,国家能源局华中监管局-通知公告,国家能源局派出机构,关于印发《西藏自治区电力中长期市场实施细则》的通知 2026-04-14,2026-04-14,实施细则;中长期,HTML,70,已入库,无需重复入库,https://hzj.nea.gov.cn/dtyw/tzgg/202604/t20260414_299625.html,https://hzj.nea.gov.cn/dtyw/tzgg/
20260427_195648,CAND-D49D5FABE60C,SRC-R-002,区域监管,华中区域,国家能源局华中监管局-通知公告,国家能源局派出机构,关于印发《重庆市电力中长期市场实施细则》的通知 2026-04-14,2026-04-14,实施细则;中长期,HTML,70,已入库,无需重复入库,https://hzj.nea.gov.cn/dtyw/tzgg/202604/t20260414_299624.html,https://hzj.nea.gov.cn/dtyw/tzgg/
20260427_195648,CAND-EC19F02593BC,SRC-R-006,区域监管,西北区域,国家能源局西北监管局-通知公告,国家能源局派出机构,国家能源局西北监管局关于印发《西北区域省间电力互济交易实施细则(试行)》的通知 2026-04-27,2026-04-27,实施细则;省间,HTML,70,已入库,无需重复入库,https://xbj.nea.gov.cn/dtyw/tzgg/202604/t20260427_300347.html,https://xbj.nea.gov.cn/dtyw/tzgg/
20260427_195648,CAND-BAC94CD920DC,SRC-R-003,区域监管,山东,国家能源局山东监管办公室-通知公告,国家能源局派出机构,关于印发《山东省电力现货市场交易规则(试行)》《山东省电力中长期市场交易规则(试行)》《山... 2020-06-16,2020-06-16,交易规则;中长期;现货,HTML,66,已入库,无需重复入库,https://sdb.nea.gov.cn/dtyw/tzgg/202309/t20230919_110422.html,https://sdb.nea.gov.cn/dtyw/tzgg/index_5.html
20260427_195648,CAND-698A8D7E10D7,SRC-R-003,区域监管,山东,国家能源局山东监管办公室-通知公告,国家能源局派出机构,关于修订《山东省电力现货市场交易规则(试行)》《山东省电力中长期市场交易规则(试行)》《山... 2020-07-31,2020-07-31,交易规则;中长期;现货,HTML,66,已入库,无需重复入库,https://sdb.nea.gov.cn/dtyw/tzgg/202309/t20230919_110428.html,https://sdb.nea.gov.cn/dtyw/tzgg/index_4.html
20260427_195648,CAND-E22FE011861F,SRC-R-002,区域监管,华中区域,国家能源局华中监管局-通知公告,国家能源局派出机构,国家能源局华中监管局关于印发《华中省间电力调峰及备用辅助服务市场运营规则》的通知 2022-10-11,2022-10-11,运营规则;辅助服务;调峰;备用;省间,HTML,66,已入库,无需重复入库,https://hzj.nea.gov.cn/dtyw/tzgg/202310/t20231021_165597.html,https://hzj.nea.gov.cn/dtyw/tzgg/index_7.html
20260427_195648,CAND-A21BC5FA777E,SRC-R-002,区域监管,华中区域,国家能源局华中监管局-通知公告,国家能源局派出机构,国家能源局华中监管局关于印发《湖北源网荷储电力调峰辅助服务市场运营规则》的通知 2024-01-03,2024-01-03,运营规则;辅助服务;调峰;源网荷储,HTML,66,已入库,无需重复入库,https://hzj.nea.gov.cn/dtyw/tzgg/202401/t20240124_229471.html,https://hzj.nea.gov.cn/dtyw/tzgg/index_5.html
20260427_195648,CAND-0D440B2FA19C,SRC-R-002,区域监管,华中区域,国家能源局华中监管局-通知公告,国家能源局派出机构,关于印发《重庆市电力中长期交易规则》的通知 2024-12-19,2024-12-19,交易规则;中长期,HTML,66,已入库,无需重复入库,https://hzj.nea.gov.cn/dtyw/tzgg/202412/t20241219_274177.html,https://hzj.nea.gov.cn/dtyw/tzgg/index_3.html
20260427_195648,CAND-3ADCAA1520E7,SRC-R-006,区域监管,西北区域,国家能源局西北监管局-通知公告,国家能源局派出机构,国家能源局西北监管局关于印发《西北区域抽水蓄能电站参与跨省电力交易实施细则（... 2025-05-15,2025-05-15,电力交易;实施细则;跨省,HTML,66,已入库,无需重复入库,https://xbj.nea.gov.cn/dtyw/tzgg/202505/t20250515_281064.html,https://xbj.nea.gov.cn/dtyw/tzgg/index_5.html
20260427_195648,CAND-A4374A2C3D17,SRC-R-001,区域监管,南方区域,国家能源局南方监管局-通知公示,国家能源局派出机构,关于印发《南方区域电力市场运行规则（试行，2025年V1.0版）》的通知 2025-06-17,2025-06-17,电力市场,HTML,66,已入库,无需重复入库,https://nfj.nea.gov.cn/xwzx/tzgg/202506/t20250625_283322.html,https://nfj.nea.gov.cn/xwzx/tzgg/index_3.html
20260427_195648,CAND-2E09D15F4DFD,SRC-R-006,区域监管,西北区域,国家能源局西北监管局-通知公告,国家能源局派出机构,国家能源局西北监管局关于明确电力辅助服务市场价格机制等相关事项的通知 2025-07-01,2025-07-01,辅助服务,HTML,66,已入库,无需重复入库,https://xbj.nea.gov.cn/dtyw/tzgg/202507/t20250701_283698.html,https://xbj.nea.gov.cn/dtyw/tzgg/index_5.html
20260427_195648,CAND-DEDA1D301C65,SRC-R-002,区域监管,华中区域,国家能源局华中监管局-通知公告,国家能源局派出机构,华中能源监管局关于公开征求《华中区域(东四省)省间电力互济市场交易规则》意见的通知 2025-08-01,2025-08-01,交易规则;省间,HTML,66,已入库,无需重复入库,https://hzj.nea.gov.cn/dtyw/tzgg/202508/t20250801_285216.html,https://hzj.nea.gov.cn/dtyw/tzgg/index_2.html
20260427_195648,CAND-F75ABE5310BB,SRC-R-002,区域监管,华中区域,国家能源局华中监管局-通知公告,国家能源局派出机构,关于印发《江西省电力市场规则（试行4.0版）》的通知 2025-09-23,2025-09-23,电力市场,HTML,66,已入库,无需重复入库,https://hzj.nea.gov.cn/dtyw/tzgg/202509/t20250923_287864.html,https://hzj.nea.gov.cn/dtyw/tzgg/index_2.html
20260427_195648,CAND-4BE00C1720DF,SRC-R-006,区域监管,西北区域,国家能源局西北监管局-通知公告,国家能源局派出机构,国家能源局西北监管局 青海省能源局关于印发《青海省电力中长期交易规则补充规定》... 2025-09-25,2025-09-25,交易规则;中长期,HTML,66,已入库,无需重复入库,https://xbj.nea.gov.cn/dtyw/tzgg/202509/t20250926_288044.html,https://xbj.nea.gov.cn/dtyw/tzgg/index_3.html
20260427_195648,CAND-89CB5D262F41,SRC-R-002,区域监管,华中区域,国家能源局华中监管局-通知公告,国家能源局派出机构,国家能源局华中监管局关于征求《江西省电力市场规则4.0版》部分条款修订意见的通知 2025-12-03,2025-12-03,电力市场,HTML,66,已入库,无需重复入库,https://hzj.nea.gov.cn/dtyw/tzgg/202512/t20251203_291649.html,https://hzj.nea.gov.cn/dtyw/tzgg/index_2.html
20260427_195648,CAND-D5A6AA701E02,SRC-R-001,区域监管,南方区域,国家能源局南方监管局-通知公示,国家能源局派出机构,关于加强辖区中长期批发交易合同签约履约监管的通知 2025-12-16,2025-12-16,中长期,HTML,66,已入库,无需重复入库,https://nfj.nea.gov.cn/xwzx/tzgg/202512/t20251216_292441.html,https://nfj.nea.gov.cn/xwzx/tzgg/index_1.html
20260427_195648,CAND-674A18FA039A,SRC-R-003,区域监管,山东,国家能源局山东监管办公室-通知公告,国家能源局派出机构,关于印发《山东电力市场规则(试行)》的通知 2025-12-17,2025-12-17,电力市场,HTML,66,已入库,无需重复入库,https://sdb.nea.gov.cn/dtyw/tzgg/202512/t20251217_292527.html,https://sdb.nea.gov.cn/dtyw/tzgg/
20260427_195648,CAND-166CF8A8B571,SRC-R-007,区域监管,华东区域,国家能源局华东监管局-通知公告,国家能源局派出机构,华东能源监管局关于加强电力中长期批发交易监管的通知 2025-12-23,2025-12-23,中长期,PDF,66,已入库,无需重复入库,https://hdj.nea.gov.cn/dtyw/tzgg/202512/P020251223588968488157.pdf,https://hdj.nea.gov.cn/dtyw/tzgg/index_6.html
20260427_195648,CAND-991CDC4524AC,SRC-R-001,区域监管,南方区域,国家能源局南方监管局-通知公示,国家能源局派出机构,关于印发《广东、广西、海南发电机组参与电力市场交易业务衔接暂行规定》的通知 2025-12-24,2025-12-24,电力市场,HTML,66,已入库,无需重复入库,https://nfj.nea.gov.cn/xwzx/tzgg/202512/t20251224_292993.html,https://nfj.nea.gov.cn/xwzx/tzgg/index_1.html
20260427_195648,CAND-08F5111897EA,SRC-R-003,区域监管,山东,国家能源局山东监管办公室-通知公告,国家能源局派出机构,关于印发《山东省电力并网运行管理实施细则》《山东省电力辅助服务管理实施细则》(修订稿)的通知 2026-01-06,2026-01-06,实施细则;辅助服务,HTML,66,已入库,无需重复入库,https://sdb.nea.gov.cn/dtyw/tzgg/202601/t20260106_293691.html,https://sdb.nea.gov.cn/dtyw/tzgg/
20260427_195648,CAND-D8A4A0C9BEFB,SRC-R-002,区域监管,华中区域,国家能源局华中监管局-通知公告,国家能源局派出机构,关于公开征求《华中区域省间电力中长期交易实施细则（征求意见稿）》意见的通知 2026-01-26,2026-01-26,实施细则;中长期;省间,HTML,66,已入库,无需重复入库,https://hzj.nea.gov.cn/dtyw/tzgg/202601/t20260126_294795.html,https://hzj.nea.gov.cn/dtyw/tzgg/index_1.html
20260427_195648,CAND-054169DB650B,SRC-R-002,区域监管,华中区域,国家能源局华中监管局-通知公告,国家能源局派出机构,华中能源监管局关于印发《华中区域（东四省）电力互济交易实施细则》的通知 2026-01-30,2026-01-30,实施细则,HTML,66,已入库,无需重复入库,https://hzj.nea.gov.cn/dtyw/tzgg/202601/t20260130_295027.html,https://hzj.nea.gov.cn/dtyw/tzgg/index_1.html
20260427_195648,CAND-20313BD46FD7,SRC-R-004,区域监管,华北区域,国家能源局华北监管局-通知公告,国家能源局派出机构,华北能源监管局关于征求“蒙西电力调频辅助服务交易实施细则”意见的函 2026-03-06,2026-03-06,实施细则;辅助服务;调频,HTML,66,已入库,无需重复入库,https://hbj.nea.gov.cn/hdhy/dczj/202603/t20260306_297498.html,https://hbj.nea.gov.cn/dtyw/tzgg/index_1.html
20260427_195648,CAND-9D436454D61A,SRC-R-007,区域监管,华东区域,国家能源局华东监管局-通知公告,国家能源局派出机构,国家能源局华东监管局关于印发《长三角跨省电力中长期市场实... 2026-04-17,2026-04-17,中长期;跨省,PDF,66,已入库,无需重复入库,https://hdj.nea.gov.cn/dtyw/tzgg/202604/P020260417606107102994.pdf,https://hdj.nea.gov.cn/dtyw/tzgg/
20260427_195648,CAND-55178B2DFCAA,SRC-N-001,国家级,全国,国家发展改革委-政策通知,国家发展改革委,关于修订省间电力现货交易规则的复函(发改办体改〔2026〕275号),,交易规则;现货;省间,HTML,64,已入库,无需重复入库,https://www.ndrc.gov.cn/xxgk/zcfb/tz/202604/t20260424_1404861.html,https://www.ndrc.gov.cn/xxgk/zcfb/tz/
20260427_195648,CAND-0866006539CB,SRC-N-002,国家级,全国,国家发展改革委-规范性文件,国家发展改革委,关于做好电力现货市场试点连续试结算相关工作的通知(发改办能源规〔2020〕245号),,现货;结算,HTML,64,已入库,无需重复入库,https://www.ndrc.gov.cn/xxgk/zcfb/ghxwj/202004/t20200403_1225133.html,https://www.ndrc.gov.cn/xxgk/zcfb/ghxwj/index_4.html
20260427_195648,CAND-F67BBBF9236F,SRC-N-002,国家级,全国,国家发展改革委-规范性文件,国家发展改革委,关于印发《电力中长期市场基本规则》的通知(发改能源规〔2025〕1656号),,中长期,HTML,64,已入库,无需重复入库,https://www.ndrc.gov.cn/xxgk/zcfb/ghxwj/202512/t20251226_1402666.html,https://www.ndrc.gov.cn/xxgk/zcfb/ghxwj/
20260427_195648,CAND-846936761193,SRC-N-002,国家级,全国,国家发展改革委-规范性文件,国家发展改革委,关于印发《电力市场计量结算基本规则》的通知(发改能源规〔2025〕976号),,电力市场;计量结算;结算,HTML,64,已入库,无需重复入库,https://www.ndrc.gov.cn/xxgk/zcfb/ghxwj/202508/t20250806_1399686.html,https://www.ndrc.gov.cn/xxgk/zcfb/ghxwj/
20260427_195648,CAND-B292F4557190,SRC-N-002,国家级,全国,国家发展改革委-规范性文件,国家发展改革委,关于印发《电力现货市场基本规则（试行）》的通知(发改能源规〔2023〕1217号),,现货,HTML,64,已入库,无需重复入库,https://www.ndrc.gov.cn/xxgk/zcfb/ghxwj/202309/t20230915_1360625.html,https://www.ndrc.gov.cn/xxgk/zcfb/ghxwj/index_2.html
20260427_195648,CAND-54244C417B2F,SRC-N-002,国家级,全国,国家发展改革委-规范性文件,国家发展改革委,关于印发《电力辅助服务市场基本规则》的通知(发改能源规〔2025〕411号),,辅助服务,HTML,64,已入库,无需重复入库,https://www.ndrc.gov.cn/xxgk/zcfb/ghxwj/202504/t20250429_1397483.html,https://www.ndrc.gov.cn/xxgk/zcfb/ghxwj/
20260427_195648,CAND-F3E6DA37CBFC,SRC-T-001,交易机构,南方区域,广州电力交易中心-交易规则,广州电力交易中心,关于印发《南方区域跨区跨省电力中长期交易规则》的通知,,交易规则;中长期;跨省;跨区,HTML,62,已入库,无需重复入库,https://www.gzpec.cn/law/jygz/202502/t20250226_34119.html,https://www.gzpec.cn/law/jygz/index_1.html
20260427_195648,CAND-2C79213C0817,SRC-R-003,区域监管,山东,国家能源局山东监管办公室-通知公告,国家能源局派出机构,关于修订山东省电力中长期交易规则有关条款的通知 2019-12-20,2019-12-20,交易规则;中长期,HTML,62,已入库,无需重复入库,https://sdb.nea.gov.cn/dtyw/tzgg/202309/t20230919_110409.html,https://sdb.nea.gov.cn/dtyw/tzgg/index_6.html
20260427_195648,CAND-E6623247A32E,SRC-R-003,区域监管,山东,国家能源局山东监管办公室-通知公告,国家能源局派出机构,山东能源监管办 山东省发展改革委 山东省能源局关于征求《山东省电力现货市场交易规则》、《... 2020-02-03,2020-02-03,交易规则;现货,HTML,62,已入库,无需重复入库,https://sdb.nea.gov.cn/dtyw/tzgg/202309/t20230919_110414.html,https://sdb.nea.gov.cn/dtyw/tzgg/index_5.html
20260427_195648,CAND-E4EE7C8D8297,SRC-R-003,区域监管,山东,国家能源局山东监管办公室-通知公告,国家能源局派出机构,关于公布山东电力现货市场结算试运行有关市场参数的通知(试行) 2020-08-05,2020-08-05,现货;结算,HTML,62,已入库,无需重复入库,https://sdb.nea.gov.cn/dtyw/tzgg/202309/t20230919_110429.html,https://sdb.nea.gov.cn/dtyw/tzgg/index_4.html
20260427_195648,CAND-0B7C65169BCC,SRC-R-003,区域监管,山东,国家能源局山东监管办公室-通知公告,国家能源局派出机构,关于修订《山东电力辅助服务市场运营规则（试行）（2020年修订版）》的通知 2020-12-31,2020-12-31,运营规则;辅助服务,HTML,62,已入库,无需重复入库,https://sdb.nea.gov.cn/dtyw/tzgg/202309/t20230919_110446.html,https://sdb.nea.gov.cn/dtyw/tzgg/index_3.html
20260427_195648,CAND-6EEB6D335723,SRC-R-003,区域监管,山东,国家能源局山东监管办公室-通知公告,国家能源局派出机构,关于印发《山东省电力中长期交易规则》的通知 2021-04-30,2021-04-30,交易规则;中长期,HTML,62,已入库,无需重复入库,https://sdb.nea.gov.cn/dtyw/tzgg/202309/t20230919_110453.html,https://sdb.nea.gov.cn/dtyw/tzgg/index_3.html
20260427_195648,CAND-E98292238119,SRC-R-003,区域监管,山东,国家能源局山东监管办公室-通知公告,国家能源局派出机构,关于修订《山东省电力中长期交易规则》的通知 2021-09-24,2021-09-24,交易规则;中长期,HTML,62,已入库,无需重复入库,https://sdb.nea.gov.cn/dtyw/tzgg/202309/t20230919_110462.html,https://sdb.nea.gov.cn/dtyw/tzgg/index_2.html
20260427_195648,CAND-167238164BDF,SRC-R-002,区域监管,华中区域,国家能源局华中监管局-通知公告,国家能源局派出机构,国家能源局华中监管局关于《华中省间电力调峰及备用辅助服务市场运营规则（征求意... 2022-04-24,2022-04-24,运营规则;辅助服务;调峰;备用;省间,HTML,62,已入库,无需重复入库,https://hzj.nea.gov.cn/dtyw/tzgg/202310/t20231021_165574.html,https://hzj.nea.gov.cn/dtyw/tzgg/index_8.html
20260427_195648,CAND-A21D2B578ABD,SRC-R-002,区域监管,华中区域,国家能源局华中监管局-通知公告,国家能源局派出机构,关于印发《江西省电力中长期交易实施细则》的通知 2022-08-18,2022-08-18,实施细则;中长期,HTML,62,已入库,无需重复入库,https://hzj.nea.gov.cn/dtyw/tzgg/202310/t20231021_165593.html,https://hzj.nea.gov.cn/dtyw/tzgg/index_7.html
20260427_195648,CAND-F79895D50A4D,SRC-R-002,区域监管,华中区域,国家能源局华中监管局-通知公告,国家能源局派出机构,关于印发《重庆市电力中长期交易规则》的通知 2022-09-28,2022-09-28,交易规则;中长期,HTML,62,已入库,无需重复入库,https://hzj.nea.gov.cn/dtyw/tzgg/202310/t20231021_165596.html,https://hzj.nea.gov.cn/dtyw/tzgg/index_7.html
20260427_195648,CAND-D122E3E18C09,SRC-R-002,区域监管,华中区域,国家能源局华中监管局-通知公告,国家能源局派出机构,关于印发《重庆电力调频辅助服务市场运营规则》的通知 2022-12-09,2022-12-09,运营规则;辅助服务;调频,HTML,62,已入库,无需重复入库,https://hzj.nea.gov.cn/dtyw/tzgg/202310/t20231021_165603.html,https://hzj.nea.gov.cn/dtyw/tzgg/index_6.html
20260427_195648,CAND-9347AA22F9B8,SRC-R-002,区域监管,华中区域,国家能源局华中监管局-通知公告,国家能源局派出机构,华中能源监管局关于印发《江西电力调频辅助服务市场运营规则》的通知 2022-12-29,2022-12-29,运营规则;辅助服务;调频,HTML,62,已入库,无需重复入库,https://hzj.nea.gov.cn/dtyw/tzgg/202310/t20231021_165604.html,https://hzj.nea.gov.cn/dtyw/tzgg/index_6.html
20260427_195648,CAND-7DF0C0026004,SRC-R-003,区域监管,山东,国家能源局山东监管办公室-通知公告,国家能源局派出机构,关于印发《山东省电力并网运行管理实施细则》、《山东省电力辅助服务管理实施细则》的通知 2023-07-24,2023-07-24,实施细则;辅助服务,HTML,62,已入库,无需重复入库,https://sdb.nea.gov.cn/dtyw/tzgg/202309/t20230919_110474.html,https://sdb.nea.gov.cn/dtyw/tzgg/index_1.html
20260427_195648,CAND-400F4CEBB421,SRC-R-003,区域监管,山东,国家能源局山东监管办公室-通知公告,国家能源局派出机构,关于征求《山东电力爬坡辅助服务市场交易规则(征求意见稿)》意见的通知 2023-08-08,2023-08-08,交易规则;辅助服务,HTML,62,已入库,无需重复入库,https://sdb.nea.gov.cn/dtyw/tzgg/202309/t20230919_110475.html,https://sdb.nea.gov.cn/dtyw/tzgg/index_1.html
20260427_195648,CAND-CB9FE0315E66,SRC-R-003,区域监管,山东,国家能源局山东监管办公室-通知公告,国家能源局派出机构,关于印发《山东电力市场规则(试行)》的通知 2024-04-19,2024-04-19,电力市场,HTML,62,已入库,无需重复入库,https://sdb.nea.gov.cn/dtyw/tzgg/202404/t20240419_261034.html,https://sdb.nea.gov.cn/dtyw/tzgg/index_1.html
20260427_195648,CAND-2321F82FD1F5,SRC-R-003,区域监管,山东,国家能源局山东监管办公室-通知公告,国家能源局派出机构,关于山东电力现货市场由试运行转正式运行的通知 2024-06-17,2024-06-17,现货,HTML,62,已入库,无需重复入库,https://sdb.nea.gov.cn/dtyw/tzgg/202406/t20240617_264674.html,https://sdb.nea.gov.cn/dtyw/tzgg/index_1.html
20260427_195648,CAND-CC8285BA8B80,SRC-R-002,区域监管,华中区域,国家能源局华中监管局-通知公告,国家能源局派出机构,华中能源监管局关于征求《湖北、江西、重庆电力调频辅助服务市场运行规则（征求意... 2024-11-20,2024-11-20,辅助服务;调频,HTML,62,已入库,无需重复入库,https://hzj.nea.gov.cn/dtyw/tzgg/202411/t20241120_272552.html,https://hzj.nea.gov.cn/dtyw/tzgg/index_4.html
20260427_195648,CAND-C52ED507A198,SRC-R-001,区域监管,南方区域,国家能源局南方监管局-通知公示,国家能源局派出机构,国家能源局南方监管局 广东省能源局关于印发《广东电力市场运行规则》的通知 2025-02-17,2025-02-17,电力市场,HTML,62,已入库,无需重复入库,https://nfj.nea.gov.cn/xwzx/tzgg/202502/t20250217_276657.html,https://nfj.nea.gov.cn/xwzx/tzgg/index_5.html
20260427_195648,CAND-E51176BC680C,SRC-R-002,区域监管,华中区域,国家能源局华中监管局-通知公告,国家能源局派出机构,国家能源局华中监管局关于印发《湖北、江西、重庆电力调频辅助服务市场运行规则》... 2025-04-02,2025-04-02,辅助服务;调频,HTML,62,已入库,无需重复入库,https://hzj.nea.gov.cn/dtyw/tzgg/202504/t20250402_279001.html,https://hzj.nea.gov.cn/dtyw/tzgg/index_3.html
20260427_195648,CAND-474CF655D0C1,SRC-P-013,省级,四川,四川省发展和改革委员会-政策文件,四川省发展和改革委员会,关于印发《四川省深化新能源上网电价市场化改革实施方案》的通知(川发改价格〔2025〕480号),2025-09-30,上网电价;新能源上网,HTML,62,已入库,无需重复入库,https://fgw.sc.gov.cn/sfgw/qtwj/2025/9/30/7ba86d11a51442df97eb0ad3b14865c2.shtml,https://fgw.sc.gov.cn/sfgw/zcwj/list.shtml
20260427_195648,CAND-82D40D13446A,SRC-R-002,区域监管,华中区域,国家能源局华中监管局-通知公告,国家能源局派出机构,关于公开征求《西藏自治区电力中长期交易实施细则（征求意见稿）》意见的通知 2025-11-22,2025-11-22,实施细则;中长期,HTML,62,已入库,无需重复入库,https://hzj.nea.gov.cn/dtyw/tzgg/202511/t20251122_290996.html,https://hzj.nea.gov.cn/dtyw/tzgg/index_2.html
20260427_195648,CAND-1A6D55E163A2,SRC-R-002,区域监管,华中区域,国家能源局华中监管局-通知公告,国家能源局派出机构,关于公开征求《江西电力中长期市场实施细则（征求意见稿）》意见的通知 2026-01-26,2026-01-26,实施细则;中长期,HTML,62,已入库,无需重复入库,https://hzj.nea.gov.cn/dtyw/tzgg/202601/t20260126_294792.html,https://hzj.nea.gov.cn/dtyw/tzgg/index_1.html
20260427_195648,CAND-35BEAAF48242,SRC-R-002,区域监管,华中区域,国家能源局华中监管局-通知公告,国家能源局派出机构,关于公开征求《湖北省电力中长期市场实施细则（征求意见稿）》意见的通知 2026-01-26,2026-01-26,实施细则;中长期,HTML,62,已入库,无需重复入库,https://hzj.nea.gov.cn/dtyw/tzgg/202601/t20260126_294794.html,https://hzj.nea.gov.cn/dtyw/tzgg/index_1.html
20260427_195648,CAND-63755B61E404,SRC-R-002,区域监管,华中区域,国家能源局华中监管局-通知公告,国家能源局派出机构,关于公开征求《西藏自治区电力中长期市场实施细则（征求意见稿）》意见的通知 2026-01-26,2026-01-26,实施细则;中长期,HTML,62,已入库,无需重复入库,https://hzj.nea.gov.cn/dtyw/tzgg/202601/t20260126_294793.html,https://hzj.nea.gov.cn/dtyw/tzgg/index_1.html
20260427_195648,CAND-3D787AF07371,SRC-R-002,区域监管,华中区域,国家能源局华中监管局-通知公告,国家能源局派出机构,关于公开征求《重庆电力中长期市场实施细则（征求意见稿）》意见的通知 2026-01-26,2026-01-26,实施细则;中长期,HTML,62,已入库,无需重复入库,https://hzj.nea.gov.cn/dtyw/tzgg/202601/t20260126_294791.html,https://hzj.nea.gov.cn/dtyw/tzgg/index_1.html
20260427_195648,CAND-9F7307C86756,SRC-R-006,区域监管,西北区域,国家能源局西北监管局-通知公告,国家能源局派出机构,国家能源局西北监管局 陕西省发展和改革委员会关于印发《陕西省电力中长期市场实施... 2026-02-28,2026-02-28,中长期,HTML,62,已入库,无需重复入库,https://xbj.nea.gov.cn/dtyw/tzgg/202602/t20260228_297105.html,https://xbj.nea.gov.cn/dtyw/tzgg/
20260427_195648,CAND-03A84802A07D,SRC-N-001,国家级,全国,国家发展改革委-政策通知,国家发展改革委,关于全面加快电力现货市场建设工作的通知(发改办体改〔2025〕394号),,现货,HTML,60,已入库,无需重复入库,https://www.ndrc.gov.cn/xxgk/zcfb/tz/202504/t20250429_1397488.html,https://www.ndrc.gov.cn/xxgk/zcfb/tz/index_2.html
20260427_195648,CAND-8C78A58B2467,SRC-N-002,国家级,全国,国家发展改革委-规范性文件,国家发展改革委,关于印发《区域电网输电价格定价办法(试行)》《跨省跨区专项工程输电价格定价办法(试行)》和《关于制定地方电网和增量配电网配电价格的指导意见》的通知(发改价格规﹝2017﹞2269号),,跨省;跨区,HTML,60,已入库,无需重复入库,https://www.ndrc.gov.cn/xxgk/zcfb/ghxwj/201801/t20180103_960934.html,https://www.ndrc.gov.cn/xxgk/zcfb/ghxwj/index_6.html
20260427_195648,CAND-2DD331A26622,SRC-N-001,国家级,全国,国家发展改革委-政策通知,国家发展改革委,关于印发《电力现货连续运行地区市场建设指引》的通知(发改能源〔2025〕1171号),,现货,HTML,60,已入库,无需重复入库,https://www.ndrc.gov.cn/xxgk/zcfb/tz/202509/t20250912_1400454.html,https://www.ndrc.gov.cn/xxgk/zcfb/tz/index_1.html
20260427_195648,CAND-51EB30208F66,SRC-N-002,国家级,全国,国家发展改革委-规范性文件,国家发展改革委,关于印发《跨省跨区专项工程输电价格定价办法》的通知(发改价格规〔2021〕1455号),,跨省;跨区,HTML,60,已入库,无需重复入库,https://www.ndrc.gov.cn/xxgk/zcfb/ghxwj/202110/t20211015_1299846.html,https://www.ndrc.gov.cn/xxgk/zcfb/ghxwj/index_3.html
20260427_195648,CAND-DCD3AEB88C73,SRC-N-002,国家级,全国,国家发展改革委-规范性文件,国家发展改革委,关于印发《跨省跨区电力应急调度管理办法》的通知(发改运行规〔2025〕1193号),,跨省;跨区,HTML,60,已入库,无需重复入库,https://www.ndrc.gov.cn/xxgk/zcfb/ghxwj/202510/t20251013_1400912.html,https://www.ndrc.gov.cn/xxgk/zcfb/ghxwj/
20260427_195648,CAND-7D4B7A7D5943,SRC-N-002,国家级,全国,国家发展改革委-规范性文件,国家发展改革委,关于印发输配电定价成本监审办法、省级电网输配电价定价办法、区域电网输电价格定价办法和跨省跨区专项工程输电价格定价办法的通知(发改价格规〔2025〕1490号),,跨省;跨区,HTML,60,已入库,无需重复入库,https://www.ndrc.gov.cn/xxgk/zcfb/ghxwj/202511/t20251127_1401964.html,https://www.ndrc.gov.cn/xxgk/zcfb/ghxwj/
20260427_195648,CAND-B0F72F50073E,SRC-N-001,国家级,全国,国家发展改革委-政策通知,国家发展改革委,关于建立健全电力辅助服务市场价格机制的通知(发改价格〔2024〕196号),,辅助服务,HTML,60,已入库,无需重复入库,https://www.ndrc.gov.cn/xxgk/zcfb/tz/202402/t20240208_1364053.html,https://www.ndrc.gov.cn/xxgk/zcfb/tz/index_6.html
20260427_195648,CAND-A0AD12B7E01C,SRC-N-001,国家级,全国,国家发展改革委-政策通知,国家发展改革委,关于进一步加快电力现货市场建设工作的通知(发改办体改〔2023〕813号),,现货,HTML,60,已入库,无需重复入库,https://www.ndrc.gov.cn/xxgk/zcfb/tz/202311/t20231101_1361704.html,https://www.ndrc.gov.cn/xxgk/zcfb/tz/index_7.html
20260427_195648,CAND-49126C771F24,SRC-N-002,国家级,全国,国家发展改革委-规范性文件,国家发展改革委,印发《关于加快储气设施建设和完善储气调峰辅助服务市场机制的意见》的通知(发改能源规〔2018〕637号),,辅助服务;调峰,HTML,60,已入库,无需重复入库,https://www.ndrc.gov.cn/xxgk/zcfb/ghxwj/201804/t20180427_960946.html,https://www.ndrc.gov.cn/xxgk/zcfb/ghxwj/index_5.html
20260427_195648,CAND-7BEF23BDDE40,SRC-N-002,国家级,全国,国家发展改革委-规范性文件,国家发展改革委,印发《关于深化电力现货市场建设试点工作的意见》 的通知(发改办能源规〔2019〕828号),,现货,HTML,60,已入库,无需重复入库,https://www.ndrc.gov.cn/xxgk/zcfb/ghxwj/201908/t20190807_960970.html,https://www.ndrc.gov.cn/xxgk/zcfb/ghxwj/index_5.html
20260427_195648,CAND-543BC9B2A348,SRC-P-033,省级,内蒙古自治区,内蒙古自治区能源局-通知公告,内蒙古自治区能源局,内蒙古自治区能源局关于做好2026年内蒙古东部电力交易市场中长期交易有关事宜的通知,,电力交易;中长期,HTML,58,已入库,无需重复入库,https://nyj.nmg.gov.cn/slh/tz/202512/t20251230_2843236.html,https://nyj.nmg.gov.cn/slh/tz/index_2.html
20260427_195648,CAND-7F4BF875A3C0,SRC-P-033,省级,内蒙古自治区,内蒙古自治区能源局-通知公告,内蒙古自治区能源局,内蒙古自治区能源局关于做好2026年内蒙古电力多边交易市场中长期交易有关事宜的通知,,中长期,HTML,58,已入库,无需重复入库,https://nyj.nmg.gov.cn/slh/tz/202512/t20251230_2843227.html,https://nyj.nmg.gov.cn/slh/tz/index_2.html
20260427_195648,CAND-E24F3D75D906,SRC-T-001,交易机构,南方区域,广州电力交易中心-交易规则,广州电力交易中心,国家发展改革委、国家能源局关于印发《电力中长期交易基本规则》的通知,,中长期,HTML,58,已入库,无需重复入库,https://www.gzpec.cn/law/jygz/202505/t20250516_34493.html,https://www.gzpec.cn/law/jygz/index_2.html
20260427_195648,CAND-CA2DDC4243DF,SRC-T-001,交易机构,南方区域,广州电力交易中心-交易规则,广州电力交易中心,广东交易〔2024〕79号 关于发布广东电力市场配套实施细则（2024年修订）的通知,,电力市场;实施细则,HTML,58,已入库,无需重复入库,https://www.gzpec.cn/law/jygz/202502/t20250214_34017.html,https://www.gzpec.cn/law/jygz/index_1.html
20260427_195648,CAND-EF110663B66D,SRC-P-002,省级,广东,广东省能源局-通知公告,广东省能源局,广东省能源局 国家能源局南方监管局关于印发《广东电力市场常态化开展年度交易实施方案》的通知10-28,,电力市场;年度交易,HTML,58,已入库,无需重复入库,https://drc.gd.gov.cn/snyj/tzgg/content/post_4790294.html,https://drc.gd.gov.cn/snyj/tzgg/mindex_4.html
20260427_195648,CAND-0378DA9BD287,SRC-R-003,区域监管,山东,国家能源局山东监管办公室-通知公告,国家能源局派出机构,关于修订山东省电力中长期交易规则的通知 2017-12-08,2017-12-08,交易规则;中长期,HTML,58,已入库,无需重复入库,https://sdb.nea.gov.cn/dtyw/tzgg/202309/t20230919_110353.html,https://sdb.nea.gov.cn/dtyw/tzgg/index_9.html
20260427_195648,CAND-5F7D6C5FF569,SRC-R-003,区域监管,山东,国家能源局山东监管办公室-通知公告,国家能源局派出机构,关于征求《北京电力交易中心省间电力中长期交易实施细则（暂行）》意见的函 2018-03-28,2018-03-28,电力交易;实施细则;中长期;省间,HTML,58,已入库,无需重复入库,https://sdb.nea.gov.cn/dtyw/tzgg/202309/t20230919_110364.html,https://sdb.nea.gov.cn/dtyw/tzgg/index_9.html
20260427_195648,CAND-0276F5E7CCA4,SRC-R-003,区域监管,山东,国家能源局山东监管办公室-通知公告,国家能源局派出机构,关于修订《山东省电力市场监管办法(试行)》的通知 2019-04-02,2019-04-02,电力市场;市场监管,HTML,58,已入库,无需重复入库,https://sdb.nea.gov.cn/dtyw/tzgg/202309/t20230919_110393.html,https://sdb.nea.gov.cn/dtyw/tzgg/index_7.html
20260427_195648,CAND-9AE540E7CE9C,SRC-R-003,区域监管,山东,国家能源局山东监管办公室-通知公告,国家能源局派出机构,关于征求《山东省电力现货市场交易规则》《山东省电力中长期市场交易规则》(征求意见稿)意见... 2019-06-12,2019-06-12,交易规则;中长期;现货,HTML,58,已入库,无需重复入库,https://sdb.nea.gov.cn/dtyw/tzgg/202309/t20230919_110398.html,https://sdb.nea.gov.cn/dtyw/tzgg/index_6.html
20260427_195648,CAND-5D282BE53855,SRC-R-003,区域监管,山东,国家能源局山东监管办公室-通知公告,国家能源局派出机构,关于对山东广能节能科技有限公司违反电力市场交易规则情况的通报 2019-12-25,2019-12-25,电力市场;交易规则,HTML,58,已入库,无需重复入库,https://sdb.nea.gov.cn/dtyw/tzgg/202309/t20230919_110411.html,https://sdb.nea.gov.cn/dtyw/tzgg/index_6.html
20260427_195648,CAND-D51C84C07821,SRC-R-003,区域监管,山东,国家能源局山东监管办公室-通知公告,国家能源局派出机构,关于征求山东电力现货市场结算试运行有关市场参数意见的公告 2020-07-17,2020-07-17,现货;结算,HTML,58,已入库,无需重复入库,https://sdb.nea.gov.cn/dtyw/tzgg/202309/t20230919_110426.html,https://sdb.nea.gov.cn/dtyw/tzgg/index_5.html
20260427_195648,CAND-132F8B76865D,SRC-R-003,区域监管,山东,国家能源局山东监管办公室-通知公告,国家能源局派出机构,关于简化山东电力中长期交易合同电量偏差免考核工作流程的通知 2021-08-25,2021-08-25,中长期,HTML,58,已入库,无需重复入库,https://sdb.nea.gov.cn/dtyw/tzgg/202309/t20230919_110457.html,https://sdb.nea.gov.cn/dtyw/tzgg/index_3.html
20260427_195648,CAND-259ADC9C14A2,SRC-R-003,区域监管,山东,国家能源局山东监管办公室-通知公告,国家能源局派出机构,关于简化山东电力中长期交易合同电量偏差免考核工作流程的通知 2021-08-25,2021-08-25,中长期,HTML,58,已入库,无需重复入库,https://sdb.nea.gov.cn/dtyw/tzgg/202309/t20230919_110456.html,https://sdb.nea.gov.cn/dtyw/tzgg/index_3.html
20260427_195648,CAND-12E862EC73F9,SRC-R-002,区域监管,华中区域,国家能源局华中监管局-通知公告,国家能源局派出机构,华中能源监管局关于印发修订《华中电力调峰辅助服务市场省间调峰辅助服务河南电网... 2021-09-10,2021-09-10,辅助服务;调峰;省间,HTML,58,已入库,无需重复入库,https://hzj.nea.gov.cn/dtyw/tzgg/202310/t20231021_165561.html,https://hzj.nea.gov.cn/dtyw/tzgg/index_9.html
20260427_195648,CAND-D18D54C2E0D2,SRC-R-002,区域监管,华中区域,国家能源局华中监管局-通知公告,国家能源局派出机构,华中能源监管局关于印发《新型市场主体参与华中电力调峰辅助服务市场规则（试行）... 2021-11-23,2021-11-23,辅助服务;调峰,HTML,58,已入库,无需重复入库,https://hzj.nea.gov.cn/dtyw/tzgg/202310/t20231021_165565.html,https://hzj.nea.gov.cn/dtyw/tzgg/index_9.html
20260427_195648,CAND-F61B124506B3,SRC-R-002,区域监管,华中区域,国家能源局华中监管局-通知公告,国家能源局派出机构,华中能源监管局 四川能源监管办关于印发《川渝一体化电力调峰辅助服务市场运营规则... 2021-11-25,2021-11-25,运营规则;辅助服务;调峰,HTML,58,已入库,无需重复入库,https://hzj.nea.gov.cn/dtyw/tzgg/202310/t20231021_165566.html,https://hzj.nea.gov.cn/dtyw/tzgg/index_9.html
20260427_195648,CAND-ACF967E65E36,SRC-R-002,区域监管,华中区域,国家能源局华中监管局-通知公告,国家能源局派出机构,华中能源监管局关于印发《华中区域电力市场信息披露办法》的通知 2022-04-01,2022-04-01,电力市场,HTML,58,已入库,无需重复入库,https://hzj.nea.gov.cn/dtyw/tzgg/202310/t20231021_165573.html,https://hzj.nea.gov.cn/dtyw/tzgg/index_8.html
20260427_195648,CAND-46701D6E763F,SRC-R-002,区域监管,华中区域,国家能源局华中监管局-通知公告,国家能源局派出机构,国家能源局华中监管局 湖北省能源局 关于印发《湖北省电力中长期交易实施 细则》的... 2022-08-19,2022-08-19,中长期,HTML,58,已入库,无需重复入库,https://hzj.nea.gov.cn/dtyw/tzgg/202310/t20231021_165594.html,https://hzj.nea.gov.cn/dtyw/tzgg/index_7.html
20260427_195648,CAND-D747CE2B163D,SRC-R-002,区域监管,华中区域,国家能源局华中监管局-通知公告,国家能源局派出机构,关于印发《西藏电力辅助服务管理实施细则》《西藏电力并网运行管理实施细则》的通知 2022-12-29,2022-12-29,实施细则;辅助服务,HTML,58,已入库,无需重复入库,https://hzj.nea.gov.cn/dtyw/tzgg/202310/t20231021_165605.html,https://hzj.nea.gov.cn/dtyw/tzgg/index_6.html
20260427_195648,CAND-9BE26E741336,SRC-MU-005,直辖市,天津,天津市工业和信息化局-委局文件,天津市工业和信息化局,市工业和信息化局关于做好天津市2024年电力市场化交易工作的通知2023-11-07,2023-11-07,电力市场;市场化交易,HTML,58,已入库,无需重复入库,https://gyxxh.tj.gov.cn/ZWGK4147/ZCWJ6355/wjwj/202311/t20231107_6449862.html,https://gyxxh.tj.gov.cn/ZWGK4147/ZCWJ6355/wjwj/index_7.html
20260427_195648,CAND-0E5C62271FC6,SRC-R-003,区域监管,山东,国家能源局山东监管办公室-通知公告,国家能源局派出机构,《山东电力市场规则(试行)》编制说明 2024-04-20,2024-04-20,电力市场,HTML,58,已入库,无需重复入库,https://sdb.nea.gov.cn/dtyw/tzgg/202404/t20240420_261036.html,https://sdb.nea.gov.cn/dtyw/tzgg/index_1.html
20260427_195648,CAND-F77C27F1490D,SRC-R-002,区域监管,华中区域,国家能源局华中监管局-通知公告,国家能源局派出机构,国家能源局华中监管局关于公开征求《华中区域省间电力中长期交易规则（征求意见稿... 2024-04-30,2024-04-30,交易规则;中长期;省间,HTML,58,已入库,无需重复入库,https://hzj.nea.gov.cn/dtyw/tzgg/202404/t20240430_261641.html,https://hzj.nea.gov.cn/dtyw/tzgg/index_4.html
20260427_195648,CAND-28574D802149,SRC-R-002,区域监管,华中区域,国家能源局华中监管局-通知公告,国家能源局派出机构,国家能源局华中监管局关于公开征求《川渝一体化电力调峰辅助服务市场交易规则（征... 2024-04-30,2024-04-30,交易规则;辅助服务;调峰,HTML,58,已入库,无需重复入库,https://hzj.nea.gov.cn/dtyw/tzgg/202404/t20240430_261642.html,https://hzj.nea.gov.cn/dtyw/tzgg/index_4.html
20260427_195648,CAND-CAE77C6F9411,SRC-R-003,区域监管,山东,国家能源局山东监管办公室-通知公告,国家能源局派出机构,关于印发《山东电力市场参数（试行）》的通知 2024-05-31,2024-05-31,电力市场,HTML,58,已入库,无需重复入库,https://sdb.nea.gov.cn/dtyw/tzgg/202405/t20240531_263857.html,https://sdb.nea.gov.cn/dtyw/tzgg/index_1.html
20260427_195648,CAND-9549320EF267,SRC-R-002,区域监管,华中区域,国家能源局华中监管局-通知公告,国家能源局派出机构,华中能源监管局关于《重庆市电力中长期交易规则（修订稿）》公开征求意见的通知 2024-11-01,2024-11-01,交易规则;中长期,HTML,58,已入库,无需重复入库,https://hzj.nea.gov.cn/dtyw/tzgg/202411/t20241112_272191.html,https://hzj.nea.gov.cn/dtyw/tzgg/index_4.html
20260427_195648,CAND-D5C34F91B807,SRC-MU-005,直辖市,天津,天津市工业和信息化局-委局文件,天津市工业和信息化局,市工业和信息化局关于做好天津市2025年电力市场化交易工作的通知2024-11-15,2024-11-15,电力市场;市场化交易,HTML,58,已入库,无需重复入库,https://gyxxh.tj.gov.cn/ZWGK4147/ZCWJ6355/wjwj/202411/t20241115_6780472.html,https://gyxxh.tj.gov.cn/ZWGK4147/ZCWJ6355/wjwj/index_4.html
20260427_195648,CAND-2B6F6F94C514,SRC-R-003,区域监管,山东,国家能源局山东监管办公室-通知公告,国家能源局派出机构,关于公开征求《山东电力市场规则(试行)》(征求意见稿)意见的通知 2025-07-29,2025-07-29,电力市场,HTML,58,已入库,无需重复入库,https://sdb.nea.gov.cn/dtyw/tzgg/202507/t20250729_284995.html,https://sdb.nea.gov.cn/dtyw/tzgg/
20260427_195648,CAND-6B0EF181710E,SRC-R-006,区域监管,西北区域,国家能源局西北监管局-通知公告,国家能源局派出机构,国家能源局西北监管局关于征求《青海省电力中长期交易规则补充规定（征求意见稿）... 2025-08-13,2025-08-13,交易规则;中长期,HTML,58,已入库,无需重复入库,https://xbj.nea.gov.cn/dtyw/tzgg/202508/t20250813_285708.html,https://xbj.nea.gov.cn/dtyw/tzgg/index_4.html
20260427_195648,CAND-A3868601F802,SRC-R-002,区域监管,华中区域,国家能源局华中监管局-通知公告,国家能源局派出机构,国家能源局华中监管局关于公开征求《重庆电力中长期交易实施细则（征求意见稿）》... 2025-09-17,2025-09-17,实施细则;中长期,HTML,58,已入库,无需重复入库,https://hzj.nea.gov.cn/dtyw/tzgg/202509/t20250918_287628.html,https://hzj.nea.gov.cn/dtyw/tzgg/index_2.html
20260427_195648,CAND-B95E146723F0,SRC-R-004,区域监管,华北区域,国家能源局华北监管局-通知公告,国家能源局派出机构,华北能源监管局关于征求京津唐电力调峰辅助服务市场运营规则 （征求意见稿）意见的... 2025-11-17,2025-11-17,运营规则;辅助服务;调峰,HTML,58,已入库,无需重复入库,https://hbj.nea.gov.cn/dtyw/tzgg/202511/t20251117_290529.html,https://hbj.nea.gov.cn/dtyw/tzgg/index_4.html
20260427_195648,CAND-5E3CE632EDAD,SRC-MU-005,直辖市,天津,天津市工业和信息化局-委局文件,天津市工业和信息化局,市工业和信息化局等部门关于印发《天津市电力需求侧管理实施细则》的通知2025-11-25,2025-11-25,实施细则,HTML,58,已入库,无需重复入库,https://gyxxh.tj.gov.cn/ZWGK4147/ZCWJ6355/wjwj/202505/t20250515_6931797.html,https://gyxxh.tj.gov.cn/ZWGK4147/ZCWJ6355/wjwj/
20260427_195648,CAND-51AC1D580A00,SRC-R-006,区域监管,西北区域,国家能源局西北监管局-通知公告,国家能源局派出机构,国家能源局西北监管局关于公开征求《西北区域省间电力互济交易运营规则（试行）（... 2026-01-23,2026-01-23,运营规则;省间,HTML,58,已入库,无需重复入库,https://xbj.nea.gov.cn/dtyw/tzgg/202601/t20260123_294688.html,https://xbj.nea.gov.cn/dtyw/tzgg/index_1.html
20260427_195648,CAND-1C4703E1E9A1,SRC-R-006,区域监管,西北区域,国家能源局西北监管局-通知公告,国家能源局派出机构,国家能源局西北监管局关于征求陕西、宁夏、青海电力中长期市场实施细则（征求意见... 2026-01-26,2026-01-26,实施细则;中长期,HTML,58,已入库,无需重复入库,https://xbj.nea.gov.cn/dtyw/tzgg/202601/t20260126_294781.html,https://xbj.nea.gov.cn/dtyw/tzgg/index_1.html
20260427_195648,CAND-01719E4565A1,SRC-R-003,区域监管,山东,国家能源局山东监管办公室-通知公告,国家能源局派出机构,关于公开征求《山东电力市场规则(试行)》(征求意见稿)意见的通知 2026-03-17,2026-03-17,电力市场,HTML,58,已入库,无需重复入库,https://sdb.nea.gov.cn/dtyw/tzgg/202603/t20260317_298055.html,https://sdb.nea.gov.cn/dtyw/tzgg/
20260427_195648,CAND-9A3E9D6FC03A,SRC-R-003,区域监管,山东,国家能源局山东监管办公室-通知公告,国家能源局派出机构,关于公开征求《山东电力市场监管办法(征求意见稿)》等意见的通知 2026-03-27,2026-03-27,电力市场;市场监管,HTML,58,已入库,无需重复入库,https://sdb.nea.gov.cn/dtyw/tzgg/202603/t20260327_298703.html,https://sdb.nea.gov.cn/dtyw/tzgg/
20260427_195648,CAND-BD4599933584,SRC-N-001,国家级,全国,国家发展改革委-政策通知,国家发展改革委,关于做好2023年电力中长期合同签订履约工作的通知(发改运行〔2022〕1861号),,中长期,HTML,56,已入库,无需重复入库,https://www.ndrc.gov.cn/xxgk/zcfb/tz/202212/t20221222_1343756.html,https://www.ndrc.gov.cn/xxgk/zcfb/tz/index_9.html
20260427_195648,CAND-B3B8DDADB664,SRC-N-001,国家级,全国,国家发展改革委-政策通知,国家发展改革委,关于完善发电侧容量电价机制的通知(发改价格〔2026〕114号),,容量电价,HTML,56,已入库,无需重复入库,https://www.ndrc.gov.cn/xxgk/zcfb/tz/202601/t20260130_1403524.html,https://www.ndrc.gov.cn/xxgk/zcfb/tz/
20260427_195648,CAND-981F2EE25AF0,SRC-N-001,国家级,全国,国家发展改革委-政策通知,国家发展改革委,关于建立全国统一电力市场评价制度的通知(发改办体改〔2025〕1032号),,电力市场,HTML,56,已入库,无需重复入库,https://www.ndrc.gov.cn/xxgk/zcfb/tz/202512/t20251217_1402475.html,https://www.ndrc.gov.cn/xxgk/zcfb/tz/
20260427_195648,CAND-69BAE4E34EE3,SRC-N-001,国家级,全国,国家发展改革委-政策通知,国家发展改革委,关于建立煤电容量电价机制的通知(发改价格〔2023〕1501号),,容量电价,HTML,56,已入库,无需重复入库,https://www.ndrc.gov.cn/xxgk/zcfb/tz/202311/t20231110_1361897.html,https://www.ndrc.gov.cn/xxgk/zcfb/tz/index_7.html
20260427_195648,CAND-BCED5F53818D,SRC-N-001,国家级,全国,国家发展改革委-政策通知,国家发展改革委,关于抽水蓄能电站容量电价及有关事项的通知(发改价格〔2023〕533号),,容量电价,HTML,56,已入库,无需重复入库,https://www.ndrc.gov.cn/xxgk/zcfb/tz/202305/t20230515_1355744.html,https://www.ndrc.gov.cn/xxgk/zcfb/tz/index_8.html
20260427_195648,CAND-51C6A877DCE2,SRC-N-001,国家级,全国,国家发展改革委-政策通知,国家发展改革委,关于有序推动绿电直连发展有关事项的通知(发改能源〔2025〕650号),,绿电,HTML,56,已入库,无需重复入库,https://www.ndrc.gov.cn/xxgk/zcfb/tz/202505/t20250530_1398138.html,https://www.ndrc.gov.cn/xxgk/zcfb/tz/index_2.html
20260427_195648,CAND-1E20E600C3CB,SRC-N-001,国家级,全国,国家发展改革委-政策通知,国家发展改革委,关于深化新能源上网电价市场化改革 促进新能源高质量发展的通知(发改价格〔2025〕136号),,上网电价;新能源上网,HTML,56,已入库,无需重复入库,https://www.ndrc.gov.cn/xxgk/zcfb/tz/202502/t20250209_1396066.html,https://www.ndrc.gov.cn/xxgk/zcfb/tz/index_2.html
20260427_195648,CAND-ED23AB24F7F3,SRC-T-001,交易机构,南方区域,广州电力交易中心-交易规则,广州电力交易中心,关于印发《南方区域绿色电力交易规则（试行）》的通知,,电力交易;交易规则,HTML,54,已入库,无需重复入库,https://www.gzpec.cn/law/jygz/202502/t20250226_34121.html,https://www.gzpec.cn/law/jygz/index_2.html
20260427_195648,CAND-1906B162121D,SRC-MU-007,直辖市,上海,上海市发展和改革委员会-政策文件,上海市发展和改革委员会,关于进一步做好我市电力现货市场限价相关事项的通知,,现货,HTML,54,已入库,无需重复入库,http://fgw.sh.gov.cn/fgw_jggl/20260211/35cf80d1b101492dacbad5a6c9504c6b.html,https://fgw.sh.gov.cn/fgw_zcwjfl/index_2.html
20260427_195648,CAND-A525045BF78A,SRC-P-033,省级,内蒙古自治区,内蒙古自治区能源局-通知公告,内蒙古自治区能源局,内蒙古自治区发展改革委 能源局关于印发《深化蒙东电网新能源上网电价市场化改革实施方案》的通知,,上网电价;新能源上网,HTML,54,已入库,无需重复入库,https://nyj.nmg.gov.cn/slh/tz/202601/t20260109_2847080.html,https://nyj.nmg.gov.cn/slh/tz/index_2.html
20260427_195648,CAND-502852DE5B26,SRC-P-033,省级,内蒙古自治区,内蒙古自治区能源局-通知公告,内蒙古自治区能源局,内蒙古自治区发展改革委 能源局关于印发《深化蒙西电网新能源上网电价市场化改革实施方案》的通知,,上网电价;新能源上网,HTML,54,已入库,无需重复入库,https://nyj.nmg.gov.cn/slh/tz/202601/t20260109_2847060.html,https://nyj.nmg.gov.cn/slh/tz/index_2.html
20260427_195648,CAND-662052378680,SRC-P-033,省级,内蒙古自治区,内蒙古自治区能源局-通知公告,内蒙古自治区能源局,内蒙古自治区能源局关于印发《内蒙古自治区单一电力用户绿电直连项目开发建设实施方案（试行）》的通知,,绿电,HTML,54,已入库,无需重复入库,https://nyj.nmg.gov.cn/slh/tz/202601/t20260115_2848788.html,https://nyj.nmg.gov.cn/slh/tz/index_2.html
20260427_195648,CAND-EE6D85F7E032,SRC-T-001,交易机构,南方区域,广州电力交易中心-交易规则,广州电力交易中心,发改能源规〔2023〕1217号 《电力现货市场基本规则（试行）》,,现货,HTML,54,已入库,无需重复入库,https://www.gzpec.cn/law/jygz/202502/t20250226_34120.html,https://www.gzpec.cn/law/jygz/index_2.html
20260427_195648,CAND-344B99BC3D66,SRC-P-002,省级,广东,广东省能源局-通知公告,广东省能源局,广东省能源局关于做好2026年电力市场年度交易工作的通知12-03,,电力市场;年度交易,HTML,54,已入库,无需重复入库,https://drc.gd.gov.cn/snyj/tzgg/content/post_4808354.html,https://drc.gd.gov.cn/snyj/tzgg/mindex_4.html
20260427_195648,CAND-5DD9FFE71E57,SRC-T-001,交易机构,南方区域,广州电力交易中心-交易规则,广州电力交易中心,电力中长期交易基本规则—绿色电力交易专章,,电力交易;中长期,HTML,54,已入库,无需重复入库,https://www.gzpec.cn/law/jygz/202502/t20250226_34102.html,https://www.gzpec.cn/law/jygz/index_1.html
20260427_195648,CAND-D691BB80BCA7,SRC-R-003,区域监管,山东,国家能源局山东监管办公室-通知公告,国家能源局派出机构,关于简化新能源发电企业参与山东电力市场准入流程的通知 2020-12-02,2020-12-02,电力市场,HTML,54,已入库,无需重复入库,https://sdb.nea.gov.cn/dtyw/tzgg/202309/t20230919_110444.html,https://sdb.nea.gov.cn/dtyw/tzgg/index_3.html
20260427_195648,CAND-09ACA5D01832,SRC-R-003,区域监管,山东,国家能源局山东监管办公室-通知公告,国家能源局派出机构,关于公开征求《山东电力市场规则(试行)》(征求意见稿)意见的通知 2024-01-08,2024-01-08,电力市场,HTML,54,已入库,无需重复入库,https://sdb.nea.gov.cn/dtyw/tzgg/202401/t20240112_226902.html,https://sdb.nea.gov.cn/dtyw/tzgg/index_1.html
20260427_195648,CAND-3D4A64C4C00C,SRC-R-003,区域监管,山东,国家能源局山东监管办公室-通知公告,国家能源局派出机构,关于公开征求《山东省电力并网运行管理实施细则(征求意见稿)》《山东省电力辅助服务管理实施... 2025-09-30,2025-09-30,实施细则;辅助服务,HTML,54,已入库,无需重复入库,https://sdb.nea.gov.cn/dtyw/tzgg/202509/t20250930_288340.html,https://sdb.nea.gov.cn/dtyw/tzgg/
20260427_195648,CAND-F33CEF16E818,SRC-T-001,交易机构,南方区域,广州电力交易中心-交易规则,广州电力交易中心,关于南方区域电力市场全月结算试运行市场监管有关事项,,电力市场;市场监管;结算,HTML,50,已入库,无需重复入库,https://www.gzpec.cn/law/jygz/202502/t20250214_34022.html,https://www.gzpec.cn/law/jygz/index_1.html
20260427_195648,CAND-851724B83592,SRC-MU-007,直辖市,上海,上海市发展和改革委员会-政策文件,上海市发展和改革委员会,关于明确我市应急备用煤电机组容量电价有关事项的通知,,备用;容量电价,HTML,50,已入库,无需重复入库,http://fgw.sh.gov.cn/fgw_jggl/20251117/ebc8f3ed4221492ca1dec080bae71d18.html,https://fgw.sh.gov.cn/fgw_zcwjfl/index_4.html
20260427_195648,CAND-5ED24A411178,SRC-MU-007,直辖市,上海,上海市发展和改革委员会-政策文件,上海市发展和改革委员会,关于调整我市煤电容量电价有关事项的通知,,容量电价,HTML,50,已入库,无需重复入库,http://fgw.sh.gov.cn/fgw_jggl/20251224/68a86b82ba89475eb9b57f3b6d88be02.html,https://fgw.sh.gov.cn/fgw_zcwjfl/index_3.html
20260427_195648,CAND-890E791E0DE5,SRC-T-001,交易机构,南方区域,广州电力交易中心-交易规则,广州电力交易中心,可再生能源绿色电力证书核发和交易规则,,交易规则,HTML,50,已入库,无需重复入库,https://www.gzpec.cn/law/jygz/202502/t20250226_34101.html,https://www.gzpec.cn/law/jygz/index_1.html
20260427_195648,CAND-4ECBDBC2ED91,SRC-MU-004,直辖市,天津,天津市发展和改革委员会-政策法规,天津市发展和改革委员会,天津市深化新能源上网电价市场化改革实施方案.docx,,上网电价;新能源上网,DOCX,50,已入库,无需重复入库,https://fzgg.tj.gov.cn/zwgk_47325/zcfg_47338/zcwjx/fgwj/202510/W020251022356486089649.docx,https://fzgg.tj.gov.cn/zwgk_47325/zcfg_47338/
20260427_195648,CAND-ED15D5C74142,SRC-P-002,省级,广东,广东省能源局-通知公告,广东省能源局,广东省发展改革委关于申报新能源可持续发展价格结算机制存量项目的通知09-30,,结算,HTML,50,已入库,无需重复入库,https://drc.gd.gov.cn/snyj/tzgg/content/post_4781135.html,https://drc.gd.gov.cn/snyj/tzgg/mindex_4.html
20260427_195648,CAND-AF700450D9CF,SRC-T-001,交易机构,南方区域,广州电力交易中心-交易规则,广州电力交易中心,电力市场注册基本规则,,电力市场;注册,HTML,50,已入库,无需重复入库,https://www.gzpec.cn/law/jygz/202502/t20250226_34100.html,https://www.gzpec.cn/law/jygz/index_1.html
20260427_195648,CAND-780DD684D921,SRC-T-001,交易机构,南方区域,广州电力交易中心-交易规则,广州电力交易中心,电力市场运行基本规则,,电力市场,HTML,50,已入库,无需重复入库,https://www.gzpec.cn/law/jygz/202502/t20250226_34096.html,https://www.gzpec.cn/law/jygz/index_1.html
20260427_195648,CAND-D81BDF16D05E,SRC-T-001,交易机构,南方区域,广州电力交易中心-交易规则,广州电力交易中心,第20号_中华人民共和国国家发展和改革委员会令（电力市场运行基本规则）,,电力市场,HTML,50,已入库,无需重复入库,https://www.gzpec.cn/law/jygz/202505/t20250516_34494.html,https://www.gzpec.cn/law/jygz/index_1.html
20260427_195648,CAND-FBC65BBD1E49,SRC-T-001,交易机构,南方区域,广州电力交易中心-交易规则,广州电力交易中心,贵州电力市场规则,,电力市场,HTML,50,已入库,无需重复入库,https://www.gzpec.cn/law/jygz/202502/t20250214_34020.html,https://www.gzpec.cn/law/jygz/index_1.html
20260427_195648,CAND-3923155EE013,SRC-R-003,区域监管,山东,国家能源局山东监管办公室-通知公告,国家能源局派出机构,关于征求《山东电力辅助服务市场运营规则（试行）（2020年修订版）》（征求意见稿）意见的函 2020-10-20,2020-10-20,运营规则;辅助服务,HTML,50,已入库,无需重复入库,https://sdb.nea.gov.cn/dtyw/tzgg/202309/t20230919_110439.html,https://sdb.nea.gov.cn/dtyw/tzgg/index_4.html
20260427_195648,CAND-66F282BB0BE8,SRC-R-003,区域监管,山东,国家能源局山东监管办公室-通知公告,国家能源局派出机构,山东能源监管办关于《山东省电力中长期交易规则(征求意见稿)》公开征求意见的公告 2021-02-11,2021-02-11,交易规则;中长期,HTML,50,已入库,无需重复入库,https://sdb.nea.gov.cn/dtyw/tzgg/202309/t20230919_110449.html,https://sdb.nea.gov.cn/dtyw/tzgg/index_3.html
20260427_195648,CAND-65D5E02295A9,SRC-R-003,区域监管,山东,国家能源局山东监管办公室-通知公告,国家能源局派出机构,山东能源监管办关于《山东电力辅助服务市场运营规则(试行)(2021年修订版)(征求意见稿)》公开... 2021-09-03,2021-09-03,运营规则;辅助服务,HTML,50,已入库,无需重复入库,https://sdb.nea.gov.cn/dtyw/tzgg/202309/t20230919_110459.html,https://sdb.nea.gov.cn/dtyw/tzgg/index_2.html
20260427_195648,CAND-257CE410F028,SRC-N-002,国家级,全国,国家发展改革委-规范性文件,国家发展改革委,关于推进电力源网荷储一体化和多能互补发展的指导意见(发改能源规〔2021〕280号),,源网荷储,HTML,48,已入库,无需重复入库,https://www.ndrc.gov.cn/xxgk/zcfb/ghxwj/202103/t20210305_1269046.html,https://www.ndrc.gov.cn/xxgk/zcfb/ghxwj/index_3.html
20260427_195648,CAND-A739C746F8C8,SRC-MU-007,直辖市,上海,上海市发展和改革委员会-政策文件,上海市发展和改革委员会,关于上海市2025年度新能源增量项目机制电价竞价结果的通知,,机制电价,HTML,46,已入库,无需重复入库,http://fgw.sh.gov.cn/fgw_jggl/20251203/fe1be03f19b8401a8e2c765b1477c39c.html,https://fgw.sh.gov.cn/fgw_zcwjfl/index_4.html
20260427_195648,CAND-2492100A4252,SRC-P-033,省级,内蒙古自治区,内蒙古自治区能源局-通知公告,内蒙古自治区能源局,内蒙古自治区能源局关于公开征求《内蒙古电力多边交易市场规则体系2026年修订版(征求意见稿)》《蒙东电力市场规则体系2026年修订版(征求意见稿)》意见建议的公告,,电力市场;规则体系,HTML,46,已入库,无需重复入库,https://nyj.nmg.gov.cn/slh/tz/202602/t20260214_2863478.html,https://nyj.nmg.gov.cn/slh/tz/index_1.html
20260427_195648,CAND-0A6267C3002F,SRC-R-003,区域监管,山东,国家能源局山东监管办公室-通知公告,国家能源局派出机构,关于征求《山东电力市场参数(试行)》(征求意见稿)意见的公告 2024-04-19,2024-04-19,电力市场,HTML,46,已入库,无需重复入库,https://sdb.nea.gov.cn/dtyw/tzgg/202404/t20240419_261032.html,https://sdb.nea.gov.cn/dtyw/tzgg/index_1.html
20260427_195648,CAND-CDA7AFEC1D6C,SRC-P-033,省级,内蒙古自治区,内蒙古自治区能源局-通知公告,内蒙古自治区能源局,关于公开征求《内蒙古自治区绿电直连项目开发建设实施方案（试行）》意见的公告,,绿电,HTML,42,已入库,无需重复入库,https://nyj.nmg.gov.cn/slh/tz/202511/t20251119_2820339.html,https://nyj.nmg.gov.cn/slh/tz/index_4.html
