资料编号,文件标题,附件标题,附件URL,本地PDF路径,来源页面,下载状态,文件大小,采集时间,备注
AUTO-20260424-55178B2DFC,关于修订省间电力现货交易规则的复函(发改办体改〔2026〕275号),省间电力现货交易规则.pdf,https://www.ndrc.gov.cn/xxgk/zcfb/tz/202604/P020260424330206042944.pdf,01_原始资料\PDF附件\AUTO-20260424-55178B2DFC_01_省间电力现货交易规则.pdf_FEBB84B1.pdf,https://www.ndrc.gov.cn/xxgk/zcfb/tz/202604/t20260424_1404861.html,existing_local_pdf,498761,2026-04-30 16:15:09,台账中已有本地PDF；已匹配网页附件链接
AUTO-20260424-97CB3F74FC,国家能源局华中监管局关于印发《华中区域省间电力中长期市场实施细则》的通知,华中区域省间电力中长期市场实施细则.pdf,https://hzj.nea.gov.cn/dtyw/tzgg/202604/P020260409344099309328.pdf,01_原始资料\PDF附件\AUTO-20260424-97CB3F74FC_01_华中区域省间电力中长期市场实施细则.pdf_ABD994AC.pdf,https://hzj.nea.gov.cn/dtyw/tzgg/202604/t20260409_299361.html,existing_local_pdf,396762,2026-04-30 16:15:09,台账中已有本地PDF；已匹配网页附件链接
AUTO-20260424-663B4D5B07,关于印发《湖北省电力中长期市场实施细则》的通知,《湖北省电力中长期市场实施细则》.pdf,https://hzj.nea.gov.cn/dtyw/tzgg/202604/P020260414530138531095.pdf,01_原始资料\PDF附件\AUTO-20260424-663B4D5B07_01_《湖北省电力中长期市场实施细则》.pdf_E185194B.pdf,https://hzj.nea.gov.cn/dtyw/tzgg/202604/t20260414_299623.html,existing_local_pdf,282052,2026-04-30 16:15:09,台账中已有本地PDF；已匹配网页附件链接
AUTO-20260424-674A18FA03,关于印发《山东电力市场规则(试行)》的通知,《山东电力市场规则（试行）》.pdf,https://sdb.nea.gov.cn/dtyw/tzgg/202512/P020251217677138093680.pdf,01_原始资料\PDF附件\AUTO-20260424-674A18FA03_01_《山东电力市场规则（试行）》.pdf_F382C760.pdf,https://sdb.nea.gov.cn/dtyw/tzgg/202512/t20251217_292527.html,existing_local_pdf,2603176,2026-04-30 16:15:09,台账中已有本地PDF；已匹配网页附件链接
AUTO-20260424-08F5111897,关于印发《山东省电力并网运行管理实施细则》《山东省电力辅助服务管理实施细则》(修订稿)的通知,附件1：山东省电力并网运行管理实施细则.pdf,https://sdb.nea.gov.cn/dtyw/tzgg/202601/P020260106631211425731.pdf,01_原始资料\PDF附件\AUTO-20260424-08F5111897_01_附件1：山东省电力并网运行管理实施细则.pdf_44F6F969.pdf,https://sdb.nea.gov.cn/dtyw/tzgg/202601/t20260106_293691.html,existing_local_pdf,1000495,2026-04-30 16:15:09,台账中已有本地PDF；已匹配网页附件链接
AUTO-20260424-08F5111897,关于印发《山东省电力并网运行管理实施细则》《山东省电力辅助服务管理实施细则》(修订稿)的通知,附件2：山东省电力辅助服务管理实施细则.pdf,https://sdb.nea.gov.cn/dtyw/tzgg/202601/P020260106631211820518.pdf,01_原始资料\PDF附件\AUTO-20260424-08F5111897_02_附件2：山东省电力辅助服务管理实施细则.pdf_673C446A.pdf,https://sdb.nea.gov.cn/dtyw/tzgg/202601/t20260106_293691.html,existing_local_pdf,281564,2026-04-30 16:15:09,台账中已有本地PDF；已匹配网页附件链接
AUTO-20260424-E89DAD0775,南方区域电力市场中长期电能量交易实施细则等5项实施细则,附件1：南方区域电力市场中长期电能量交易实施细则（2025年V1.0版）.pdf,https://www.gzpec.cn/law/jygz/202506/P020250624627774778458.pdf,01_原始资料\PDF附件\AUTO-20260424-E89DAD0775_02_附件1：南方区域电力市场中长期电能量交易实施细则（2025年V1.0版）.pdf_D8AD522A.pdf,https://www.gzpec.cn/law/jygz/202506/t20250624_34712.html,existing_local_pdf,442383,2026-04-30 16:15:09,台账中已有本地PDF；已匹配网页附件链接
AUTO-20260424-E89DAD0775,南方区域电力市场中长期电能量交易实施细则等5项实施细则,附件2：南方区域电力市场现货电能量交易实施细则（2025年V1.0版）.pdf,https://www.gzpec.cn/law/jygz/202506/P020250624627775659586.pdf,01_原始资料\PDF附件\AUTO-20260424-E89DAD0775_03_附件2：南方区域电力市场现货电能量交易实施细则（2025年V1.0版）.pdf_C56BF2E4.pdf,https://www.gzpec.cn/law/jygz/202506/t20250624_34712.html,existing_local_pdf,2107536,2026-04-30 16:15:09,台账中已有本地PDF；已匹配网页附件链接
AUTO-20260424-E89DAD0775,南方区域电力市场中长期电能量交易实施细则等5项实施细则,附件3：南方区域电力市场现货结算实施细则（2025年V1.0版）.pdf,https://www.gzpec.cn/law/jygz/202506/P020250624627776816358.pdf,01_原始资料\PDF附件\AUTO-20260424-E89DAD0775_04_附件3：南方区域电力市场现货结算实施细则（2025年V1.0版）.pdf_542EBA3D.pdf,https://www.gzpec.cn/law/jygz/202506/t20250624_34712.html,existing_local_pdf,320730,2026-04-30 16:15:09,台账中已有本地PDF；已匹配网页附件链接
AUTO-20260424-E89DAD0775,南方区域电力市场中长期电能量交易实施细则等5项实施细则,附件4：南方区域电力市场信息披露实施细则（2025年V1.0版）.pdf,https://www.gzpec.cn/law/jygz/202506/P020250624627777936238.pdf,01_原始资料\PDF附件\AUTO-20260424-E89DAD0775_05_附件4：南方区域电力市场信息披露实施细则（2025年V1.0版）.pdf_B7A2A5E8.pdf,https://www.gzpec.cn/law/jygz/202506/t20250624_34712.html,existing_local_pdf,376669,2026-04-30 16:15:09,台账中已有本地PDF；已匹配网页附件链接
AUTO-20260424-E89DAD0775,南方区域电力市场中长期电能量交易实施细则等5项实施细则,附件5：南方区域电力市场注册实施细则（2025年V1.0版）.pdf,https://www.gzpec.cn/law/jygz/202506/P020250624627779289579.pdf,01_原始资料\PDF附件\AUTO-20260424-E89DAD0775_06_附件5：南方区域电力市场注册实施细则（2025年V1.0版）.pdf_891A13C2.pdf,https://www.gzpec.cn/law/jygz/202506/t20250624_34712.html,existing_local_pdf,542443,2026-04-30 16:15:09,台账中已有本地PDF；已匹配网页附件链接
AUTO-20260424-E89DAD0775,南方区域电力市场中长期电能量交易实施细则等5项实施细则,附件6：关于对南方区域电力市场有关配套实施细则审定意见的函.pdf,https://www.gzpec.cn/law/jygz/202506/P020250624627780369283.pdf,01_原始资料\PDF附件\AUTO-20260424-E89DAD0775_07_附件6：关于对南方区域电力市场有关配套实施细则审定意见的函.pdf_487A2869.pdf,https://www.gzpec.cn/law/jygz/202506/t20250624_34712.html,existing_local_pdf,331263,2026-04-30 16:15:09,台账中已有本地PDF；已匹配网页附件链接
AUTO-20260424-E89DAD0775,南方区域电力市场中长期电能量交易实施细则等5项实施细则,附件7：关于同意印发南方区域电力市场注册实施细则的复函.pdf,https://www.gzpec.cn/law/jygz/202506/P020250624627781237128.pdf,01_原始资料\PDF附件\AUTO-20260424-E89DAD0775_08_附件7：关于同意印发南方区域电力市场注册实施细则的复函.pdf_0DC290A1.pdf,https://www.gzpec.cn/law/jygz/202506/t20250624_34712.html,existing_local_pdf,185358,2026-04-30 16:15:09,台账中已有本地PDF；已匹配网页附件链接
AUTO-20260424-E89DAD0775,南方区域电力市场中长期电能量交易实施细则等5项实施细则,关于印发《南方区域电力市场中长期电能量交易实施细则》等5项实施细则的通知.pdf,https://www.gzpec.cn/law/jygz/202506/P020250624627773766677.pdf,01_原始资料\PDF附件\AUTO-20260424-E89DAD0775_01_关于印发《南方区域电力市场中长期电能量交易实施细则》等5项实施细则的通知.pdf_DFE31B60.pdf,https://www.gzpec.cn/law/jygz/202506/t20250624_34712.html,existing_local_pdf,1020280,2026-04-30 16:15:09,台账中已有本地PDF；已匹配网页附件链接
AUTO-20260425-54244C417B,关于印发《电力辅助服务市场基本规则》的通知(发改能源规〔2025〕411号),电力辅助服务市场基本规则.pdf,https://www.ndrc.gov.cn/xxgk/zcfb/ghxwj/202504/P020250429394923912678.pdf,01_原始资料\PDF附件\AUTO-20260425-54244C417B_01_电力辅助服务市场基本规则.pdf_7A150739.pdf,https://www.ndrc.gov.cn/xxgk/zcfb/ghxwj/202504/t20250429_1397483.html,existing_local_pdf,312061,2026-04-30 16:15:09,台账中已有本地PDF；已匹配网页附件链接
AUTO-20260425-D49D5FABE6,关于印发《重庆市电力中长期市场实施细则》的通知,《重庆市电力中长期市场实施细则》.pdf,https://hzj.nea.gov.cn/dtyw/tzgg/202604/P020260414531101375135.pdf,01_原始资料\PDF附件\AUTO-20260425-D49D5FABE6_01_《重庆市电力中长期市场实施细则》.pdf_BDBF4488.pdf,https://hzj.nea.gov.cn/dtyw/tzgg/202604/t20260414_299624.html,existing_local_pdf,316277,2026-04-30 16:15:09,台账中已有本地PDF；已匹配网页附件链接
AUTO-20260425-712572408D,关于印发《西藏自治区电力中长期市场实施细则》的通知,《西藏自治区电力中长期市场实施细则》.pdf,https://hzj.nea.gov.cn/dtyw/tzgg/202604/P020260414532440751059.pdf,01_原始资料\PDF附件\AUTO-20260425-712572408D_01_《西藏自治区电力中长期市场实施细则》.pdf_31F465BD.pdf,https://hzj.nea.gov.cn/dtyw/tzgg/202604/t20260414_299625.html,existing_local_pdf,1281912,2026-04-30 16:15:09,台账中已有本地PDF；已匹配网页附件链接
AUTO-20260425-A74926FCBF,关于印发《江西省电力中长期市场实施细则》的通知,《江西省电力中长期市场实施细则》.pdf,https://hzj.nea.gov.cn/dtyw/tzgg/202604/P020260414536924001672.pdf,01_原始资料\PDF附件\AUTO-20260425-A74926FCBF_01_《江西省电力中长期市场实施细则》.pdf_23E2DC28.pdf,https://hzj.nea.gov.cn/dtyw/tzgg/202604/t20260414_299627.html,existing_local_pdf,292123,2026-04-30 16:15:09,台账中已有本地PDF；已匹配网页附件链接
AUTO-20260425-01719E4565,关于公开征求《山东电力市场规则(试行)》(征求意见稿)意见的通知,附件1：《山东电力市场规则（试行）（2026年修订版）》（征求意见稿）.pdf,https://sdb.nea.gov.cn/dtyw/tzgg/202603/P020260317509525517564.pdf,01_原始资料\PDF附件\AUTO-20260425-01719E4565_01_附件1：《山东电力市场规则（试行）（2026年修订版）》（征求意见稿）.pdf_07A971D1.pdf,https://sdb.nea.gov.cn/dtyw/tzgg/202603/t20260317_298055.html,existing_local_pdf,2750046,2026-04-30 16:15:09,台账中已有本地PDF；已匹配网页附件链接
AUTO-20260425-01719E4565,关于公开征求《山东电力市场规则(试行)》(征求意见稿)意见的通知,附件2：修改意见反馈表.pdf,https://sdb.nea.gov.cn/dtyw/tzgg/202603/P020260317509525952042.pdf,01_原始资料\PDF附件\AUTO-20260425-01719E4565_02_附件2：修改意见反馈表.pdf_CFEA3786.pdf,https://sdb.nea.gov.cn/dtyw/tzgg/202603/t20260317_298055.html,existing_local_pdf,45540,2026-04-30 16:15:09,台账中已有本地PDF；已匹配网页附件链接
AUTO-20260425-D5F253F0B2,关于印发重庆市支持智能网联新能源商用产业发展政策措施（2025—2027年）的通知,下载图片版,https://jjxxw.cq.gov.cn/zwgk_213/zcwj/xzgfxwj/202512/W020260305376891364801.pdf,01_原始资料\PDF附件\AUTO-20260425-D5F253F0B2_01_下载图片版_85EED52C.pdf,https://jjxxw.cq.gov.cn/zwgk_213/zcwj/xzgfxwj/202512/t20251230_15280986.html,existing_local_pdf,196584,2026-04-30 16:15:09,台账中已有本地PDF；已匹配网页附件链接
AUTO-20260425-3D4A64C4C0,关于公开征求《山东省电力并网运行管理实施细则(征求意见稿)》《山东省电力辅助服务管理实施细则(征求意见稿)》意见的通知,山东省电力并网运行管理实施细则(征求意见稿).pdf,https://sdb.nea.gov.cn/dtyw/tzgg/202509/P020250930592737003905.pdf,01_原始资料\PDF附件\AUTO-20260425-3D4A64C4C0_01_山东省电力并网运行管理实施细则(征求意见稿).pdf_459A1BEC.pdf,https://sdb.nea.gov.cn/dtyw/tzgg/202509/t20250930_288340.html,existing_local_pdf,981202,2026-04-30 16:15:09,台账中已有本地PDF；已匹配网页附件链接
AUTO-20260425-3D4A64C4C0,关于公开征求《山东省电力并网运行管理实施细则(征求意见稿)》《山东省电力辅助服务管理实施细则(征求意见稿)》意见的通知,山东省电力辅助服务管理实施细则(征求意见稿).pdf,https://sdb.nea.gov.cn/dtyw/tzgg/202509/P020250930592737518938.pdf,01_原始资料\PDF附件\AUTO-20260425-3D4A64C4C0_02_山东省电力辅助服务管理实施细则(征求意见稿).pdf_24681306.pdf,https://sdb.nea.gov.cn/dtyw/tzgg/202509/t20250930_288340.html,existing_local_pdf,283255,2026-04-30 16:15:09,台账中已有本地PDF；已匹配网页附件链接
AUTO-20260425-3D4A64C4C0,关于公开征求《山东省电力并网运行管理实施细则(征求意见稿)》《山东省电力辅助服务管理实施细则(征求意见稿)》意见的通知,“两个细则”编制说明.pdf,https://sdb.nea.gov.cn/dtyw/tzgg/202509/P020250930592737668696.pdf,01_原始资料\PDF附件\AUTO-20260425-3D4A64C4C0_03_“两个细则”编制说明.pdf_770135F3.pdf,https://sdb.nea.gov.cn/dtyw/tzgg/202509/t20250930_288340.html,existing_local_pdf,197874,2026-04-30 16:15:09,台账中已有本地PDF；已匹配网页附件链接
AUTO-20260425-3D4A64C4C0,关于公开征求《山东省电力并网运行管理实施细则(征求意见稿)》《山东省电力辅助服务管理实施细则(征求意见稿)》意见的通知,修改意见反馈表.pdf,https://sdb.nea.gov.cn/dtyw/tzgg/202509/P020250930592737795440.pdf,01_原始资料\PDF附件\AUTO-20260425-3D4A64C4C0_04_修改意见反馈表.pdf_A0D1E98F.pdf,https://sdb.nea.gov.cn/dtyw/tzgg/202509/t20250930_288340.html,existing_local_pdf,45505,2026-04-30 16:15:09,台账中已有本地PDF；已匹配网页附件链接
AUTO-20260425-2B6F6F94C5,关于公开征求《山东电力市场规则(试行)》(征求意见稿)意见的通知,附件1：《山东电力市场规则（试行）》（征求意见稿）.pdf,https://sdb.nea.gov.cn/dtyw/tzgg/202507/P020250729768088441992.pdf,01_原始资料\PDF附件\AUTO-20260425-2B6F6F94C5_01_附件1：《山东电力市场规则（试行）》（征求意见稿）.pdf_0E547356.pdf,https://sdb.nea.gov.cn/dtyw/tzgg/202507/t20250729_284995.html,existing_local_pdf,2602613,2026-04-30 16:15:09,台账中已有本地PDF；已匹配网页附件链接
AUTO-20260425-2B6F6F94C5,关于公开征求《山东电力市场规则(试行)》(征求意见稿)意见的通知,附件2：《山东电力市场规则（试行）》（征求意见稿）编制说明.pdf,https://sdb.nea.gov.cn/dtyw/tzgg/202507/P020250731577450167907.pdf,01_原始资料\PDF附件\AUTO-20260425-2B6F6F94C5_02_附件2：《山东电力市场规则（试行）》（征求意见稿）编制说明.pdf_CBB608C5.pdf,https://sdb.nea.gov.cn/dtyw/tzgg/202507/t20250729_284995.html,existing_local_pdf,268253,2026-04-30 16:15:09,台账中已有本地PDF；已匹配网页附件链接
AUTO-20260425-2B6F6F94C5,关于公开征求《山东电力市场规则(试行)》(征求意见稿)意见的通知,附件3：修改意见反馈表.pdf,https://sdb.nea.gov.cn/dtyw/tzgg/202507/P020250729768089291149.pdf,01_原始资料\PDF附件\AUTO-20260425-2B6F6F94C5_03_附件3：修改意见反馈表.pdf_0FAF51B1.pdf,https://sdb.nea.gov.cn/dtyw/tzgg/202507/t20250729_284995.html,existing_local_pdf,45554,2026-04-30 16:15:09,台账中已有本地PDF；已匹配网页附件链接
AUTO-20260425-B21BF48126,海南电力市场规则,海南交易〔2025〕1号 附件：《海南电力市场保底售电实施方案（2025年版）》-2025-01-07.pdf,https://www.gzpec.cn/law/jygz/202505/P020250516613424758358.pdf,01_原始资料\PDF附件\AUTO-20260425-B21BF48126_01_海南交易〔2025〕1号_附件：《海南电力市场保底售电实施方案（2025年版）》-2025-01-07.pdf_BDCD779C.pdf,https://www.gzpec.cn/law/jygz/202505/t20250516_34492.html,existing_local_pdf,219332,2026-04-30 16:15:09,台账中已有本地PDF；已匹配网页附件链接
AUTO-20260425-B21BF48126,海南电力市场规则,海南交易〔2024〕30号 附件：《海南电力市场注册管理实施细则（1.0版）》.pdf,https://www.gzpec.cn/law/jygz/202505/P020250516613427394562.pdf,01_原始资料\PDF附件\AUTO-20260425-B21BF48126_02_海南交易〔2024〕30号_附件：《海南电力市场注册管理实施细则（1.0版）》.pdf_3A9A935D.pdf,https://www.gzpec.cn/law/jygz/202505/t20250516_34492.html,existing_local_pdf,354440,2026-04-30 16:15:09,台账中已有本地PDF；已匹配网页附件链接
AUTO-20260425-B21BF48126,海南电力市场规则,海南交易〔2024〕74号 附件：《海南电力市场信息披露实施细则（2024年版）》.pdf,https://www.gzpec.cn/law/jygz/202505/P020250516613428551970.pdf,01_原始资料\PDF附件\AUTO-20260425-B21BF48126_03_海南交易〔2024〕74号_附件：《海南电力市场信息披露实施细则（2024年版）》.pdf_27C527BE.pdf,https://www.gzpec.cn/law/jygz/202505/t20250516_34492.html,existing_local_pdf,447217,2026-04-30 16:15:09,台账中已有本地PDF；已匹配网页附件链接
AUTO-20260425-B21BF48126,海南电力市场规则,附件2：《海南电力市场中长期电能量交易实施细则（非现货环境下1.0版）》.pdf,https://www.gzpec.cn/law/jygz/202505/P020250516613429568950.pdf,01_原始资料\PDF附件\AUTO-20260425-B21BF48126_04_附件2：《海南电力市场中长期电能量交易实施细则（非现货环境下1.0版）》.pdf_3BEA873A.pdf,https://www.gzpec.cn/law/jygz/202505/t20250516_34492.html,existing_local_pdf,319381,2026-04-30 16:15:09,台账中已有本地PDF；已匹配网页附件链接
AUTO-20260425-B21BF48126,海南电力市场规则,附件3：《海南电力市场结算实施细则（非现货环境下1.0版）》.pdf,https://www.gzpec.cn/law/jygz/202505/P020250516613430558154.pdf,01_原始资料\PDF附件\AUTO-20260425-B21BF48126_05_附件3：《海南电力市场结算实施细则（非现货环境下1.0版）》.pdf_1CF63EF2.pdf,https://www.gzpec.cn/law/jygz/202505/t20250516_34492.html,existing_local_pdf,264217,2026-04-30 16:15:09,台账中已有本地PDF；已匹配网页附件链接
AUTO-20260425-F965FCA4C5,广西电力市场规则,广西壮族自治区能源局 国家能源局南方监管局关于2025年广西电力市场化交易工作有关事项的通知.pdf,https://www.gzpec.cn/law/jygz/202505/P020250516607051636648.pdf,01_原始资料\PDF附件\AUTO-20260425-F965FCA4C5_01_广西壮族自治区能源局_国家能源局南方监管局关于2025年广西电力市场化交易工作有关事项的通知.pdf_1EE58E7C.pdf,https://www.gzpec.cn/law/jygz/202505/t20250516_34491.html,existing_local_pdf,4275857,2026-04-30 16:15:09,台账中已有本地PDF；已匹配网页附件链接
AUTO-20260425-F965FCA4C5,广西电力市场规则,广西壮族自治区能源局关于2025年广西电力市场政府授权合约机制有关事项的通知.pdf,https://www.gzpec.cn/law/jygz/202505/P020250516607052806169.pdf,01_原始资料\PDF附件\AUTO-20260425-F965FCA4C5_02_广西壮族自治区能源局关于2025年广西电力市场政府授权合约机制有关事项的通知.pdf_D4E7BEFD.pdf,https://www.gzpec.cn/law/jygz/202505/t20250516_34491.html,existing_local_pdf,54721,2026-04-30 16:15:09,台账中已有本地PDF；已匹配网页附件链接
AUTO-20260425-F965FCA4C5,广西电力市场规则,广西壮族自治区能源局关于保障2025年电力中长期合同高比例签约履约的通知.pdf,https://www.gzpec.cn/law/jygz/202505/P020250516607054131990.pdf,01_原始资料\PDF附件\AUTO-20260425-F965FCA4C5_03_广西壮族自治区能源局关于保障2025年电力中长期合同高比例签约履约的通知.pdf_AC0E63A9.pdf,https://www.gzpec.cn/law/jygz/202505/t20250516_34491.html,existing_local_pdf,43155,2026-04-30 16:15:09,台账中已有本地PDF；已匹配网页附件链接
AUTO-20260425-F965FCA4C5,广西电力市场规则,广西壮族自治区能源局关于进一步明确2025年电力市场交易有关事项的通知.pdf,https://www.gzpec.cn/law/jygz/202505/P020250516607055116667.pdf,01_原始资料\PDF附件\AUTO-20260425-F965FCA4C5_04_广西壮族自治区能源局关于进一步明确2025年电力市场交易有关事项的通知.pdf_7B1F9717.pdf,https://www.gzpec.cn/law/jygz/202505/t20250516_34491.html,existing_local_pdf,44458,2026-04-30 16:15:09,台账中已有本地PDF；已匹配网页附件链接
AUTO-20260425-F965FCA4C5,广西电力市场规则,广西壮族自治区能源局关于进一步优化调整低谷电力消纳交易有关事项的通知_盖章件.pdf,https://www.gzpec.cn/law/jygz/202505/P020250516607056630720.pdf,01_原始资料\PDF附件\AUTO-20260425-F965FCA4C5_05_广西壮族自治区能源局关于进一步优化调整低谷电力消纳交易有关事项的通知_盖章件.pdf_35095FB2.pdf,https://www.gzpec.cn/law/jygz/202505/t20250516_34491.html,existing_local_pdf,42107,2026-04-30 16:15:09,台账中已有本地PDF；已匹配网页附件链接
AUTO-20260425-F965FCA4C5,广西电力市场规则,关于印发广西电力市场售电公司信用评价管理实施细则（5.0版）的通知.pdf,https://www.gzpec.cn/law/jygz/202505/P020250516607057639393.pdf,01_原始资料\PDF附件\AUTO-20260425-F965FCA4C5_06_关于印发广西电力市场售电公司信用评价管理实施细则（5.0版）的通知.pdf_3A94ABFB.pdf,https://www.gzpec.cn/law/jygz/202505/t20250516_34491.html,existing_local_pdf,340666,2026-04-30 16:15:09,台账中已有本地PDF；已匹配网页附件链接
AUTO-20260425-F965FCA4C5,广西电力市场规则,关于印发《广西电力市场信息披露实施细则》的通知.pdf,https://www.gzpec.cn/law/jygz/202505/P020250516607058793809.pdf,01_原始资料\PDF附件\AUTO-20260425-F965FCA4C5_07_关于印发《广西电力市场信息披露实施细则》的通知.pdf_60479191.pdf,https://www.gzpec.cn/law/jygz/202505/t20250516_34491.html,existing_local_pdf,403683,2026-04-30 16:15:09,台账中已有本地PDF；已匹配网页附件链接
AUTO-20260425-F965FCA4C5,广西电力市场规则,关于印发《广西电力市场履约风险管理实施细则（4.0版）》的通知.pdf,https://www.gzpec.cn/law/jygz/202505/P020250516607059841706.pdf,01_原始资料\PDF附件\AUTO-20260425-F965FCA4C5_08_关于印发《广西电力市场履约风险管理实施细则（4.0版）》的通知.pdf_6A7ADB7C.pdf,https://www.gzpec.cn/law/jygz/202505/t20250516_34491.html,existing_local_pdf,455574,2026-04-30 16:15:09,台账中已有本地PDF；已匹配网页附件链接
AUTO-20260425-F965FCA4C5,广西电力市场规则,关于印发《广西电力市场履约风险管理工作指引》的通知 (2).pdf,https://www.gzpec.cn/law/jygz/202505/P020250516607060956623.pdf,01_原始资料\PDF附件\AUTO-20260425-F965FCA4C5_09_关于印发《广西电力市场履约风险管理工作指引》的通知_(2).pdf_637EEBC6.pdf,https://www.gzpec.cn/law/jygz/202505/t20250516_34491.html,existing_local_pdf,471767,2026-04-30 16:15:09,台账中已有本地PDF；已匹配网页附件链接
AUTO-20260425-8808868383,广东电力市场规则,广东电力交易中心有限责任公司关于发布广东电力市场配套实施细则（2025年修订）的通知.pdf,https://www.gzpec.cn/law/jygz/202505/P020250516601778330389.pdf,01_原始资料\PDF附件\AUTO-20260425-8808868383_01_广东电力交易中心有限责任公司关于发布广东电力市场配套实施细则（2025年修订）的通知.pdf_15661EB5.pdf,https://www.gzpec.cn/law/jygz/202505/t20250516_34490.html,existing_local_pdf,137915,2026-04-30 16:15:09,台账中已有本地PDF；已匹配网页附件链接
AUTO-20260425-8808868383,广东电力市场规则,附件1：广东电力市场现货电能量交易实施细则（2025年修订）.pdf,https://www.gzpec.cn/law/jygz/202505/P020250516601779253100.pdf,01_原始资料\PDF附件\AUTO-20260425-8808868383_02_附件1：广东电力市场现货电能量交易实施细则（2025年修订）.pdf_99AC6CC4.pdf,https://www.gzpec.cn/law/jygz/202505/t20250516_34490.html,existing_local_pdf,1581952,2026-04-30 16:15:09,台账中已有本地PDF；已匹配网页附件链接
AUTO-20260425-8808868383,广东电力市场规则,附件2：广东电力市场中长期电能量交易实施细则（2025年修订）.pdf,https://www.gzpec.cn/law/jygz/202505/P020250516601780570067.pdf,01_原始资料\PDF附件\AUTO-20260425-8808868383_03_附件2：广东电力市场中长期电能量交易实施细则（2025年修订）.pdf_59734813.pdf,https://www.gzpec.cn/law/jygz/202505/t20250516_34490.html,existing_local_pdf,405201,2026-04-30 16:15:09,台账中已有本地PDF；已匹配网页附件链接
AUTO-20260425-8808868383,广东电力市场规则,附件3：广东电力现货市场结算实施细则.pdf,https://www.gzpec.cn/law/jygz/202505/P020250516601781432998.pdf,01_原始资料\PDF附件\AUTO-20260425-8808868383_04_附件3：广东电力现货市场结算实施细则.pdf_F20FA87D.pdf,https://www.gzpec.cn/law/jygz/202505/t20250516_34490.html,existing_local_pdf,1197455,2026-04-30 16:15:09,台账中已有本地PDF；已匹配网页附件链接
AUTO-20260425-8808868383,广东电力市场规则,附件4：广东电力市场信息披露管理实施细则（2025年修订）.pdf,https://www.gzpec.cn/law/jygz/202505/P020250516601782738343.pdf,01_原始资料\PDF附件\AUTO-20260425-8808868383_05_附件4：广东电力市场信息披露管理实施细则（2025年修订）.pdf_B8949EB1.pdf,https://www.gzpec.cn/law/jygz/202505/t20250516_34490.html,existing_local_pdf,470691,2026-04-30 16:15:09,台账中已有本地PDF；已匹配网页附件链接
AUTO-20260425-8808868383,广东电力市场规则,附件5：广东电力市场注册实施细则（2025年修订）.pdf,https://www.gzpec.cn/law/jygz/202505/P020250516601783797739.pdf,01_原始资料\PDF附件\AUTO-20260425-8808868383_06_附件5：广东电力市场注册实施细则（2025年修订）.pdf_D39198A4.pdf,https://www.gzpec.cn/law/jygz/202505/t20250516_34490.html,existing_local_pdf,376099,2026-04-30 16:15:09,台账中已有本地PDF；已匹配网页附件链接
AUTO-20260425-53BB03C30D,关于印发《电力辅助服务市场基本规则》的通知,发改能源规〔2025〕411号_国家发展改革委 国家能源局关于印发《电力辅助服务市场基本规则》的通知.pdf,https://www.gzpec.cn/law/jygz/202504/P020250424596580044408.pdf,01_原始资料\PDF附件\AUTO-20260425-53BB03C30D_01_发改能源规〔2025〕411号_国家发展改革委_国家能源局关于印发《电力辅助服务市场基本规则》的通知.pdf_72B97652.pdf,https://www.gzpec.cn/law/jygz/202504/t20250424_34448.html,existing_local_pdf,49019204,2026-04-30 16:15:09,台账中已有本地PDF；已匹配网页附件链接
AUTO-20260425-921C75C18D,关于我市开展气电价格联动调整有关事项的通知_价格管理,569433eda633878a7488abe13f140a2a.pdf,http://fgw.sh.gov.cn/cmsres/eb/eb13ccbe5e8243aa9e2ae2f837ea5990/569433eda633878a7488abe13f140a2a.pdf,01_原始资料\PDF附件\AUTO-20260425-921C75C18D_01_569433eda633878a7488abe13f140a2a.pdf_F6B461AA.pdf,http://fgw.sh.gov.cn/fgw_jggl/20260424/62667a4bb7c44726a46cbe4c60c38c55.html,existing_local_pdf,138475,2026-04-30 16:15:09,台账中已有本地PDF；已匹配网页附件链接
AUTO-20260425-3BC0A77C4C,关于我市开展气电价格联动调整有关事项的通知_价格管理,569433eda633878a7488abe13f140a2a.pdf,http://fgw.sh.gov.cn/cmsres/41/411611e9cc884a0bb2fdcadf8c35eef9/569433eda633878a7488abe13f140a2a.pdf,01_原始资料\PDF附件\AUTO-20260425-3BC0A77C4C_01_569433eda633878a7488abe13f140a2a.pdf_631AB900.pdf,http://fgw.sh.gov.cn/fgw_jggl/20260226/9af29306008f42e39689c7490660e438.html,existing_local_pdf,139082,2026-04-30 16:15:09,台账中已有本地PDF；已匹配网页附件链接
AUTO-20260425-7D4B7A7D59,关于印发输配电定价成本监审办法、省级电网输配电价定价办法、区域电网输电价格定价办法和跨省跨区专项工程输电价格定价办法的通知(发改价格规〔2025〕1490号),《输配电定价成本监审办法》.pdf,https://www.ndrc.gov.cn/xxgk/zcfb/ghxwj/202511/P020251127364890316760.pdf,01_原始资料\PDF附件\AUTO-20260425-7D4B7A7D59_01_《输配电定价成本监审办法》.pdf_55A03B86.pdf,https://www.ndrc.gov.cn/xxgk/zcfb/ghxwj/202511/t20251127_1401964.html,existing_local_pdf,281411,2026-04-30 16:15:09,台账中已有本地PDF；已匹配网页附件链接
AUTO-20260425-7D4B7A7D59,关于印发输配电定价成本监审办法、省级电网输配电价定价办法、区域电网输电价格定价办法和跨省跨区专项工程输电价格定价办法的通知(发改价格规〔2025〕1490号),《省级电网输配电价定价办法》.pdf,https://www.ndrc.gov.cn/xxgk/zcfb/ghxwj/202511/P020251127364890634572.pdf,01_原始资料\PDF附件\AUTO-20260425-7D4B7A7D59_02_《省级电网输配电价定价办法》.pdf_D9A784D7.pdf,https://www.ndrc.gov.cn/xxgk/zcfb/ghxwj/202511/t20251127_1401964.html,existing_local_pdf,261282,2026-04-30 16:15:09,台账中已有本地PDF；已匹配网页附件链接
AUTO-20260425-7D4B7A7D59,关于印发输配电定价成本监审办法、省级电网输配电价定价办法、区域电网输电价格定价办法和跨省跨区专项工程输电价格定价办法的通知(发改价格规〔2025〕1490号),《区域电网输电价格定价办法》.pdf,https://www.ndrc.gov.cn/xxgk/zcfb/ghxwj/202511/P020251127364890814190.pdf,01_原始资料\PDF附件\AUTO-20260425-7D4B7A7D59_03_《区域电网输电价格定价办法》.pdf_9C676DD8.pdf,https://www.ndrc.gov.cn/xxgk/zcfb/ghxwj/202511/t20251127_1401964.html,existing_local_pdf,210779,2026-04-30 16:15:09,台账中已有本地PDF；已匹配网页附件链接
AUTO-20260425-7D4B7A7D59,关于印发输配电定价成本监审办法、省级电网输配电价定价办法、区域电网输电价格定价办法和跨省跨区专项工程输电价格定价办法的通知(发改价格规〔2025〕1490号),《跨省跨区专项工程输电价格定价办法》.pdf,https://www.ndrc.gov.cn/xxgk/zcfb/ghxwj/202511/P020251127364890979771.pdf,01_原始资料\PDF附件\AUTO-20260425-7D4B7A7D59_04_《跨省跨区专项工程输电价格定价办法》.pdf_6E6EF63D.pdf,https://www.ndrc.gov.cn/xxgk/zcfb/ghxwj/202511/t20251127_1401964.html,existing_local_pdf,240032,2026-04-30 16:15:09,台账中已有本地PDF；已匹配网页附件链接
AUTO-20260425-02AD665464,关于印发南方区域电力市场配套实施细则的通知,关于印发南方区域电力市场配套实施细则的通知.pdf,https://www.gzpec.cn/law/jygz/202502/P020250214533563306082.pdf,01_原始资料\PDF附件\AUTO-20260425-02AD665464_01_关于印发南方区域电力市场配套实施细则的通知.pdf_27C074C8.pdf,https://www.gzpec.cn/law/jygz/202502/t20250214_34019.html,existing_local_pdf,2459633,2026-04-30 16:15:09,台账中已有本地PDF；已匹配网页附件链接
AUTO-20260425-02AD665464,关于印发南方区域电力市场配套实施细则的通知,附件1：关于对南方区域电力市场配套实施细则的审定意见的函.pdf,https://www.gzpec.cn/law/jygz/202502/P020250214533564965113.pdf,01_原始资料\PDF附件\AUTO-20260425-02AD665464_02_附件1：关于对南方区域电力市场配套实施细则的审定意见的函.pdf_80B9C602.pdf,https://www.gzpec.cn/law/jygz/202502/t20250214_34019.html,existing_local_pdf,537070,2026-04-30 16:15:09,台账中已有本地PDF；已匹配网页附件链接
AUTO-20260425-02AD665464,关于印发南方区域电力市场配套实施细则的通知,附件2：南方区域电力市场现货电能量交易实施细则（试行V3.0）.pdf,https://www.gzpec.cn/law/jygz/202502/P020250214533566700061.pdf,01_原始资料\PDF附件\AUTO-20260425-02AD665464_03_附件2：南方区域电力市场现货电能量交易实施细则（试行V3.0）.pdf_C0489E06.pdf,https://www.gzpec.cn/law/jygz/202502/t20250214_34019.html,existing_local_pdf,2079292,2026-04-30 16:15:09,台账中已有本地PDF；已匹配网页附件链接
AUTO-20260425-02AD665464,关于印发南方区域电力市场配套实施细则的通知,附件3：南方区域电力市场现货结算实施细则（试行V3.0）.pdf,https://www.gzpec.cn/law/jygz/202502/P020250214533568325207.pdf,01_原始资料\PDF附件\AUTO-20260425-02AD665464_04_附件3：南方区域电力市场现货结算实施细则（试行V3.0）.pdf_387EFDD6.pdf,https://www.gzpec.cn/law/jygz/202502/t20250214_34019.html,existing_local_pdf,414705,2026-04-30 16:15:09,台账中已有本地PDF；已匹配网页附件链接
AUTO-20260425-8469367611,关于印发《电力市场计量结算基本规则》的通知(发改能源规〔2025〕976号),《电力市场计量结算基本规则》.pdf,https://www.ndrc.gov.cn/xxgk/zcfb/ghxwj/202508/P020250806612959537783.pdf,01_原始资料\PDF附件\AUTO-20260425-8469367611_01_《电力市场计量结算基本规则》.pdf_D61B8274.pdf,https://www.ndrc.gov.cn/xxgk/zcfb/ghxwj/202508/t20250806_1399686.html,existing_local_pdf,285207,2026-04-30 16:15:09,台账中已有本地PDF；已匹配网页附件链接
AUTO-20260425-F67BBBF923,关于印发《电力中长期市场基本规则》的通知(发改能源规〔2025〕1656号),《电力中长期市场基本规则》.pdf,https://www.ndrc.gov.cn/xxgk/zcfb/ghxwj/202512/P020251226622166557290.pdf,01_原始资料\PDF附件\AUTO-20260425-F67BBBF923_01_《电力中长期市场基本规则》.pdf_37866990.pdf,https://www.ndrc.gov.cn/xxgk/zcfb/ghxwj/202512/t20251226_1402666.html,existing_local_pdf,369145,2026-04-30 16:15:09,台账中已有本地PDF；已匹配网页附件链接
AUTO-20260425-19A93F32F1,云南电力市场规则,[2024]146号国家能源局云南监管办公室 云南省发展和改革委员会 云南省能源局关于同意印发《云南电力市场现货电能量交易实施细则（V2.0版）》等五个实施细则的复函.pdf,https://www.gzpec.cn/law/jygz/202502/P020250214535301398404.pdf,01_原始资料\PDF附件\AUTO-20260425-19A93F32F1_01_[2024]146号国家能源局云南监管办公室_云南省发展和改革委员会_云南省能源局关于同意印发《云南电力市场现货电能量交易实施细则（V2.0版）》等五个实施细则的复函.pdf_DD1D8B8B.pdf,https://www.gzpec.cn/law/jygz/202502/t20250214_34021.html,existing_local_pdf,2911741,2026-04-30 16:15:09,台账中已有本地PDF；已匹配网页附件链接
AUTO-20260425-19A93F32F1,云南电力市场规则,[2024]145号国家能源局云南监管办公室 云南省发展和改革委员会 云南省能源局关于印发《云南电力中长期交易实施细则》《云南省绿色电力交易实施细则》的通知_纯图版.pdf,https://www.gzpec.cn/law/jygz/202502/P020250214571412895800.pdf,01_原始资料\PDF附件\AUTO-20260425-19A93F32F1_02_[2024]145号国家能源局云南监管办公室_云南省发展和改革委员会_云南省能源局关于印发《云南电力中长期交易实施细则》《云南省绿色电力交易实施细则》的通知_纯图版.pdf_586FA459.pdf,https://www.gzpec.cn/law/jygz/202502/t20250214_34021.html,existing_local_pdf,49749699,2026-04-30 16:15:09,台账中已有本地PDF；已匹配网页附件链接
AUTO-20260425-19A93F32F1,云南电力市场规则,国家能源局云南监管办公室 云南省发展和改革委员会 云南省能源局关于印发《云南电力中长期交易实施细则》《云南省绿色电力交易实施细则》的通知.pdf,https://www.gzpec.cn/law/jygz/202502/P020250516615201082350.pdf,01_原始资料\PDF附件\AUTO-20260425-19A93F32F1_03_国家能源局云南监管办公室_云南省发展和改革委员会_云南省能源局关于印发《云南电力中长期交易实施细则》《云南省绿色电力交易实施细则》的通知.pdf_0AAD5293.pdf,https://www.gzpec.cn/law/jygz/202502/t20250214_34021.html,existing_local_pdf,2828748,2026-04-30 16:15:09,台账中已有本地PDF；已匹配网页附件链接
AUTO-20260425-19A93F32F1,云南电力市场规则,附件：《云南电力市场燃煤发电交易实施办法》补充修订条款.pdf,https://www.gzpec.cn/law/jygz/202502/P020250516615202221527.pdf,01_原始资料\PDF附件\AUTO-20260425-19A93F32F1_04_附件：《云南电力市场燃煤发电交易实施办法》补充修订条款.pdf_D2ADD528.pdf,https://www.gzpec.cn/law/jygz/202502/t20250214_34021.html,existing_local_pdf,301905,2026-04-30 16:15:09,台账中已有本地PDF；已匹配网页附件链接
AUTO-20260425-19A93F32F1,云南电力市场规则,附件：云南电力市场燃煤发电交易实施办法.pdf,https://www.gzpec.cn/law/jygz/202502/P020250516615203155087.pdf,01_原始资料\PDF附件\AUTO-20260425-19A93F32F1_05_附件：云南电力市场燃煤发电交易实施办法.pdf_1F6DF0BD.pdf,https://www.gzpec.cn/law/jygz/202502/t20250214_34021.html,existing_local_pdf,375633,2026-04-30 16:15:09,台账中已有本地PDF；已匹配网页附件链接
AUTO-20260425-19A93F32F1,云南电力市场规则,附件：云南电力市场现货电能量交易实施细则（V2.0版）-2024-12-13.pdf,https://www.gzpec.cn/law/jygz/202502/P020250516615204238761.pdf,01_原始资料\PDF附件\AUTO-20260425-19A93F32F1_06_附件：云南电力市场现货电能量交易实施细则（V2.0版）-2024-12-13.pdf_B662F526.pdf,https://www.gzpec.cn/law/jygz/202502/t20250214_34021.html,existing_local_pdf,454701,2026-04-30 16:15:09,台账中已有本地PDF；已匹配网页附件链接
AUTO-20260425-19A93F32F1,云南电力市场规则,附件2 云南电力市场结算实施细则（V2.0版）.pdf,https://www.gzpec.cn/law/jygz/202502/P020250516615205696789.pdf,01_原始资料\PDF附件\AUTO-20260425-19A93F32F1_07_附件2_云南电力市场结算实施细则（V2.0版）.pdf_48054EE6.pdf,https://www.gzpec.cn/law/jygz/202502/t20250214_34021.html,existing_local_pdf,620453,2026-04-30 16:15:09,台账中已有本地PDF；已匹配网页附件链接
AUTO-20260425-19A93F32F1,云南电力市场规则,附件3 云南电力市场交易信用管理实施细则（V2.0版）.pdf,https://www.gzpec.cn/law/jygz/202502/P020250516615206808002.pdf,01_原始资料\PDF附件\AUTO-20260425-19A93F32F1_08_附件3_云南电力市场交易信用管理实施细则（V2.0版）.pdf_97C32C3C.pdf,https://www.gzpec.cn/law/jygz/202502/t20250214_34021.html,existing_local_pdf,359017,2026-04-30 16:15:09,台账中已有本地PDF；已匹配网页附件链接
AUTO-20260425-19A93F32F1,云南电力市场规则,附件4 云南电力市场售电公司履约保函（保险）管理实施细则（V2.0版）.pdf,https://www.gzpec.cn/law/jygz/202502/P020250516615208121746.pdf,01_原始资料\PDF附件\AUTO-20260425-19A93F32F1_09_附件4_云南电力市场售电公司履约保函（保险）管理实施细则（V2.0版）.pdf_77F3E333.pdf,https://www.gzpec.cn/law/jygz/202502/t20250214_34021.html,existing_local_pdf,230770,2026-04-30 16:15:09,台账中已有本地PDF；已匹配网页附件链接
AUTO-20260425-19A93F32F1,云南电力市场规则,附件5 云南电力零售市场实施细则（V2.0版）.pdf,https://www.gzpec.cn/law/jygz/202502/P020250516615209181305.pdf,01_原始资料\PDF附件\AUTO-20260425-19A93F32F1_10_附件5_云南电力零售市场实施细则（V2.0版）.pdf_343DE5C9.pdf,https://www.gzpec.cn/law/jygz/202502/t20250214_34021.html,existing_local_pdf,424618,2026-04-30 16:15:09,台账中已有本地PDF；已匹配网页附件链接
AUTO-20260425-3D787AF073,关于公开征求《重庆电力中长期市场实施细则（征求意见稿）》意见的通知,附件-重庆电力中长期市场实施细则（征求意见稿）.pdf,https://hzj.nea.gov.cn/dtyw/tzgg/202601/P020260126752525491534.pdf,01_原始资料\PDF附件\AUTO-20260425-3D787AF073_01_附件-重庆电力中长期市场实施细则（征求意见稿）.pdf_F355F4E1.pdf,https://hzj.nea.gov.cn/dtyw/tzgg/202601/t20260126_294791.html,existing_local_pdf,310119,2026-04-30 16:15:09,台账中已有本地PDF；已匹配网页附件链接
AUTO-20260425-63755B61E4,关于公开征求《西藏自治区电力中长期市场实施细则（征求意见稿）》意见的通知,《西藏自治区电力中长期市场实施细则（征求意见稿）》.pdf,https://hzj.nea.gov.cn/dtyw/tzgg/202601/P020260126763673928861.pdf,01_原始资料\PDF附件\AUTO-20260425-63755B61E4_01_《西藏自治区电力中长期市场实施细则（征求意见稿）》.pdf_B400AD66.pdf,https://hzj.nea.gov.cn/dtyw/tzgg/202601/t20260126_294793.html,existing_local_pdf,1319208,2026-04-30 16:15:09,台账中已有本地PDF；已匹配网页附件链接
AUTO-20260425-35BEAAF482,关于公开征求《湖北省电力中长期市场实施细则（征求意见稿）》意见的通知,《湖北省电力中长期市场实施细则（征求意见稿）》.pdf,https://hzj.nea.gov.cn/dtyw/tzgg/202601/P020260126765926019405.pdf,01_原始资料\PDF附件\AUTO-20260425-35BEAAF482_01_《湖北省电力中长期市场实施细则（征求意见稿）》.pdf_B79D9F0C.pdf,https://hzj.nea.gov.cn/dtyw/tzgg/202601/t20260126_294794.html,existing_local_pdf,502985,2026-04-30 16:15:09,台账中已有本地PDF；已匹配网页附件链接
AUTO-20260425-1A6D55E163,关于公开征求《江西电力中长期市场实施细则（征求意见稿）》意见的通知,附件-江西省电力中长期市场实施细则（征求意见稿）.pdf,https://hzj.nea.gov.cn/dtyw/tzgg/202601/P020260126755703798037.pdf,01_原始资料\PDF附件\AUTO-20260425-1A6D55E163_01_附件-江西省电力中长期市场实施细则（征求意见稿）.pdf_1D85D9DD.pdf,https://hzj.nea.gov.cn/dtyw/tzgg/202601/t20260126_294792.html,existing_local_pdf,325608,2026-04-30 16:15:09,台账中已有本地PDF；已匹配网页附件链接
AUTO-20260425-D8A4A0C9BE,关于公开征求《华中区域省间电力中长期交易实施细则（征求意见稿）》意见的通知,华中区域省间电力中长期交易实施细则（征求意见稿）.pdf,https://hzj.nea.gov.cn/dtyw/tzgg/202601/P020260126788478942955.pdf,01_原始资料\PDF附件\AUTO-20260425-D8A4A0C9BE_01_华中区域省间电力中长期交易实施细则（征求意见稿）.pdf_3A9B7260.pdf,https://hzj.nea.gov.cn/dtyw/tzgg/202601/t20260126_294795.html,existing_local_pdf,381864,2026-04-30 16:15:09,台账中已有本地PDF；已匹配网页附件链接
AUTO-20260425-BD09FE2823,关于印发《南方区域新能源参与电力市场交易实施方案（试行）》的通知,关于印发《南方区域新能源参与电力市场交易实施方案（试行）》的通知.pdf,https://nfj.nea.gov.cn/xwzx/tzgg/202601/P020260104519707491129.pdf,01_原始资料\PDF附件\AUTO-20260425-BD09FE2823_01_关于印发《南方区域新能源参与电力市场交易实施方案（试行）》的通知.pdf_392BD8A4.pdf,https://nfj.nea.gov.cn/xwzx/tzgg/202601/t20260104_293533.html,existing_local_pdf,164152,2026-04-30 16:15:09,台账中已有本地PDF；已匹配网页附件链接
AUTO-20260425-991CDC4524,关于印发《广东、广西、海南发电机组参与电力市场交易业务衔接暂行规定》的通知,关于印发《广东、广西、海南发电机组参与电力市场交易业务衔接暂行规定》的通知 (1).pdf,https://nfj.nea.gov.cn/xwzx/tzgg/202512/P020251224364841072676.pdf,01_原始资料\PDF附件\AUTO-20260425-991CDC4524_01_关于印发《广东、广西、海南发电机组参与电力市场交易业务衔接暂行规定》的通知_(1).pdf_1C48E14B.pdf,https://nfj.nea.gov.cn/xwzx/tzgg/202512/t20251224_292993.html,existing_local_pdf,141731,2026-04-30 16:15:09,台账中已有本地PDF；已匹配网页附件链接
AUTO-20260425-D5A6AA701E,关于加强辖区中长期批发交易合同签约履约监管的通知,关于加强辖区中长期批发交易合同签约履约监管的通知.pdf,https://nfj.nea.gov.cn/xwzx/tzgg/202512/P020251216430560511685.pdf,01_原始资料\PDF附件\AUTO-20260425-D5A6AA701E_01_关于加强辖区中长期批发交易合同签约履约监管的通知.pdf_B1970315.pdf,https://nfj.nea.gov.cn/xwzx/tzgg/202512/t20251216_292441.html,existing_local_pdf,134796,2026-04-30 16:15:09,台账中已有本地PDF；已匹配网页附件链接
AUTO-20260425-89CB5D262F,国家能源局华中监管局关于征求《江西省电力市场规则4.0版》部分条款修订意见的通知,附件1-附件5.各实施细则（4.0修订版征求意见稿）编制说明.pdf,https://hzj.nea.gov.cn/dtyw/tzgg/202512/P020251203570190721538.pdf,01_原始资料\PDF附件\AUTO-20260425-89CB5D262F_01_附件1-附件5.各实施细则（4.0修订版征求意见稿）编制说明.pdf_1C62C908.pdf,https://hzj.nea.gov.cn/dtyw/tzgg/202512/t20251203_291649.html,existing_local_pdf,556445,2026-04-30 16:15:09,台账中已有本地PDF；已匹配网页附件链接
AUTO-20260425-89CB5D262F,国家能源局华中监管局关于征求《江西省电力市场规则4.0版》部分条款修订意见的通知,附件6-江西省电力市场规则（4.0修订版征求意见稿）.pdf,https://hzj.nea.gov.cn/dtyw/tzgg/202512/P020251203570191125067.pdf,01_原始资料\PDF附件\AUTO-20260425-89CB5D262F_02_附件6-江西省电力市场规则（4.0修订版征求意见稿）.pdf_25A375FB.pdf,https://hzj.nea.gov.cn/dtyw/tzgg/202512/t20251203_291649.html,existing_local_pdf,1374680,2026-04-30 16:15:09,台账中已有本地PDF；已匹配网页附件链接
AUTO-20260425-82D40D1344,关于公开征求《西藏自治区电力中长期交易实施细则（征求意见稿）》意见的通知,附件1：西藏自治区电力中长期交易实施细则（征求意见稿）.pdf,https://hzj.nea.gov.cn/dtyw/tzgg/202511/P020251122395127396679.pdf,01_原始资料\PDF附件\AUTO-20260425-82D40D1344_01_附件1：西藏自治区电力中长期交易实施细则（征求意见稿）.pdf_362FF8AF.pdf,https://hzj.nea.gov.cn/dtyw/tzgg/202511/t20251122_290996.html,existing_local_pdf,1367678,2026-04-30 16:15:09,台账中已有本地PDF；已匹配网页附件链接
AUTO-20260425-F75ABE5310,关于印发《江西省电力市场规则（试行4.0版）》的通知,《江西省电力市场规则（试行4.0版）》.pdf,https://hzj.nea.gov.cn/dtyw/tzgg/202509/P020250923546537577099.pdf,01_原始资料\PDF附件\AUTO-20260425-F75ABE5310_01_《江西省电力市场规则（试行4.0版）》.pdf_1239ADCE.pdf,https://hzj.nea.gov.cn/dtyw/tzgg/202509/t20250923_287864.html,existing_local_pdf,1141528,2026-04-30 16:15:09,台账中已有本地PDF；已匹配网页附件链接
AUTO-20260426-A3868601F8,国家能源局华中监管局关于公开征求《重庆电力中长期交易实施细则（征求意见稿）》意见的通知,重庆电力中长期交易实施细则（征求意见稿）.pdf,https://hzj.nea.gov.cn/dtyw/tzgg/202509/P020250919349909052106.pdf,01_原始资料\PDF附件\AUTO-20260426-A3868601F8_01_重庆电力中长期交易实施细则（征求意见稿）.pdf_09C08555.pdf,https://hzj.nea.gov.cn/dtyw/tzgg/202509/t20250918_287628.html,existing_local_pdf,342228,2026-04-30 16:15:09,台账中已有本地PDF；已匹配网页附件链接
AUTO-20260426-DEDA1D301C,华中能源监管局关于公开征求《华中区域(东四省)省间电力互济市场交易规则》意见的通知,附件1 华中区域（东四省）省间电力互济市场交易规则（征求意见稿） .pdf,https://hzj.nea.gov.cn/dtyw/tzgg/202508/P020250801612112819358.pdf,01_原始资料\PDF附件\AUTO-20260426-DEDA1D301C_01_附件1_华中区域（东四省）省间电力互济市场交易规则（征求意见稿）_.pdf_382B6D20.pdf,https://hzj.nea.gov.cn/dtyw/tzgg/202508/t20250801_285216.html,existing_local_pdf,325179,2026-04-30 16:15:09,台账中已有本地PDF；已匹配网页附件链接
AUTO-20260426-DEDA1D301C,华中能源监管局关于公开征求《华中区域(东四省)省间电力互济市场交易规则》意见的通知,附件2 编制说明.pdf,https://hzj.nea.gov.cn/dtyw/tzgg/202508/P020250801612113041848.pdf,01_原始资料\PDF附件\AUTO-20260426-DEDA1D301C_02_附件2_编制说明.pdf_B84C1FC8.pdf,https://hzj.nea.gov.cn/dtyw/tzgg/202508/t20250801_285216.html,existing_local_pdf,137022,2026-04-30 16:15:09,台账中已有本地PDF；已匹配网页附件链接
AUTO-20260426-482E9580D6,关于提升海南省新能源和新型并网主体涉网安全能力的通知,关于提升海南省新能源和新型并网主体涉网安全能力的通知.pdf,https://nfj.nea.gov.cn/xwzx/tzgg/202508/P020250801529105122799.pdf,01_原始资料\PDF附件\AUTO-20260426-482E9580D6_01_关于提升海南省新能源和新型并网主体涉网安全能力的通知.pdf_7E8F5774.pdf,https://nfj.nea.gov.cn/xwzx/tzgg/202508/t20250801_285183.html,existing_local_pdf,345208,2026-04-30 16:15:09,台账中已有本地PDF；已匹配网页附件链接
AUTO-20260426-DBC1C0D7C5,关于提升广西壮族自治区新能源和新型并网主体涉网安全能力的通知,关于提升广西壮族自治区新能源和新型并网主体涉网安全能力的通知.pdf,https://nfj.nea.gov.cn/xwzx/tzgg/202508/P020250801528583964517.pdf,01_原始资料\PDF附件\AUTO-20260426-DBC1C0D7C5_01_关于提升广西壮族自治区新能源和新型并网主体涉网安全能力的通知.pdf_0CEE595B.pdf,https://nfj.nea.gov.cn/xwzx/tzgg/202508/t20250801_285182.html,existing_local_pdf,5201742,2026-04-30 16:15:09,台账中已有本地PDF；已匹配网页附件链接
AUTO-20260426-5AA1473F8F,关于提升广东省新能源和新型并网主体涉网安全能力的通知,关于提升广东省新能源和新型并网主体涉网安全能力的通知.pdf,https://nfj.nea.gov.cn/xwzx/tzgg/202508/P020250801528095544541.pdf,01_原始资料\PDF附件\AUTO-20260426-5AA1473F8F_01_关于提升广东省新能源和新型并网主体涉网安全能力的通知.pdf_C172BC84.pdf,https://nfj.nea.gov.cn/xwzx/tzgg/202508/t20250801_285181.html,existing_local_pdf,4916354,2026-04-30 16:15:09,台账中已有本地PDF；已匹配网页附件链接
AUTO-20260426-A4374A2C3D,关于印发《南方区域电力市场运行规则（试行，2025年V1.0版）》的通知,关于印发《南方区域电力市场运行规则（试行，2025年V1.0版）》的通知.pdf,https://nfj.nea.gov.cn/xwzx/tzgg/202506/P020250625360641274024.pdf,01_原始资料\PDF附件\AUTO-20260426-A4374A2C3D_01_关于印发《南方区域电力市场运行规则（试行，2025年V1.0版）》的通知.pdf_85CBA48F.pdf,https://nfj.nea.gov.cn/xwzx/tzgg/202506/t20250625_283322.html,existing_local_pdf,463602,2026-04-30 16:15:09,台账中已有本地PDF；已匹配网页附件链接
AUTO-20260426-E51176BC68,国家能源局华中监管局关于印发《湖北、江西、重庆电力调频辅助服务市场运行规则》的通知,湖北、江西、重庆电力调频辅助服务市场运行规则.pdf,https://hzj.nea.gov.cn/dtyw/tzgg/202504/P020250402414856913103.pdf,01_原始资料\PDF附件\AUTO-20260426-E51176BC68_01_湖北、江西、重庆电力调频辅助服务市场运行规则.pdf_965FC4B8.pdf,https://hzj.nea.gov.cn/dtyw/tzgg/202504/t20250402_279001.html,existing_local_pdf,329947,2026-04-30 16:15:09,台账中已有本地PDF；已匹配网页附件链接
AUTO-20260426-0D440B2FA1,关于印发《重庆市电力中长期交易规则》的通知,《重庆市电力中长期交易规则》.pdf,https://hzj.nea.gov.cn/dtyw/tzgg/202412/P020241219392030892553.pdf,01_原始资料\PDF附件\AUTO-20260426-0D440B2FA1_01_《重庆市电力中长期交易规则》.pdf_B1E17BE4.pdf,https://hzj.nea.gov.cn/dtyw/tzgg/202412/t20241219_274177.html,existing_local_pdf,13864756,2026-04-30 16:15:09,台账中已有本地PDF；已匹配网页附件链接
AUTO-20260426-0A6267C300,关于征求《山东电力市场参数(试行)》(征求意见稿)意见的公告,《山东电力市场参数（试行）》（征求意见稿）.pdf,https://sdb.nea.gov.cn/dtyw/tzgg/202404/P020240419657746755059.pdf,01_原始资料\PDF附件\AUTO-20260426-0A6267C300_01_《山东电力市场参数（试行）》（征求意见稿）.pdf_F4D84030.pdf,https://sdb.nea.gov.cn/dtyw/tzgg/202404/t20240419_261032.html,existing_local_pdf,1168122,2026-04-30 16:15:09,台账中已有本地PDF；已匹配网页附件链接
AUTO-20260426-0A6267C300,关于征求《山东电力市场参数(试行)》(征求意见稿)意见的公告,修改建议反馈表.pdf,https://sdb.nea.gov.cn/dtyw/tzgg/202404/P020240419657746978302.pdf,01_原始资料\PDF附件\AUTO-20260426-0A6267C300_02_修改建议反馈表.pdf_BCA169F3.pdf,https://sdb.nea.gov.cn/dtyw/tzgg/202404/t20240419_261032.html,existing_local_pdf,46131,2026-04-30 16:15:09,台账中已有本地PDF；已匹配网页附件链接
AUTO-20260426-CB9FE0315E,关于印发《山东电力市场规则(试行)》的通知,《山东电力市场规则（试行）》.pdf,https://sdb.nea.gov.cn/dtyw/tzgg/202404/P020240419659603804969.pdf,01_原始资料\PDF附件\AUTO-20260426-CB9FE0315E_01_《山东电力市场规则（试行）》.pdf_B8C58AC3.pdf,https://sdb.nea.gov.cn/dtyw/tzgg/202404/t20240419_261034.html,existing_local_pdf,1479279,2026-04-30 16:15:09,台账中已有本地PDF；已匹配网页附件链接
AUTO-20260426-09ACA5D018,关于公开征求《山东电力市场规则(试行)》(征求意见稿)意见的通知,附件1：《山东电力市场规则（试行）》（征求意见稿）.pdf,https://sdb.nea.gov.cn/dtyw/tzgg/202401/P020240112671824217910.pdf,01_原始资料\PDF附件\AUTO-20260426-09ACA5D018_01_附件1：《山东电力市场规则（试行）》（征求意见稿）.pdf_A96778F6.pdf,https://sdb.nea.gov.cn/dtyw/tzgg/202401/t20240112_226902.html,existing_local_pdf,2525524,2026-04-30 16:15:09,台账中已有本地PDF；已匹配网页附件链接
AUTO-20260426-09ACA5D018,关于公开征求《山东电力市场规则(试行)》(征求意见稿)意见的通知,附件2：山东电力市场规则编制说明.pdf,https://sdb.nea.gov.cn/dtyw/tzgg/202401/P020240112671824443937.pdf,01_原始资料\PDF附件\AUTO-20260426-09ACA5D018_02_附件2：山东电力市场规则编制说明.pdf_6ADFFCC4.pdf,https://sdb.nea.gov.cn/dtyw/tzgg/202401/t20240112_226902.html,existing_local_pdf,266636,2026-04-30 16:15:09,台账中已有本地PDF；已匹配网页附件链接
AUTO-20260426-09ACA5D018,关于公开征求《山东电力市场规则(试行)》(征求意见稿)意见的通知,附件3：修改意见反馈表.pdf,https://sdb.nea.gov.cn/dtyw/tzgg/202401/P020240112671824530569.pdf,01_原始资料\PDF附件\AUTO-20260426-09ACA5D018_03_附件3：修改意见反馈表.pdf_1F6A87B8.pdf,https://sdb.nea.gov.cn/dtyw/tzgg/202401/t20240112_226902.html,existing_local_pdf,44295,2026-04-30 16:15:09,台账中已有本地PDF；已匹配网页附件链接
AUTO-20260426-7DF0C00260,关于印发《山东省电力并网运行管理实施细则》、《山东省电力辅助服务管理实施细则》的通知,《山东省电力并网运行管理实施细则》,https://sdb.nea.gov.cn/main/ContentManage/Article/File/2023/07/24/202307241702242722.pdf,01_原始资料\PDF附件\AUTO-20260426-7DF0C00260_01_《山东省电力并网运行管理实施细则》_523B003D.pdf,https://sdb.nea.gov.cn/dtyw/tzgg/202309/t20230919_110474.html,existing_local_pdf,833210,2026-04-30 16:15:09,台账中已有本地PDF；已匹配网页附件链接
AUTO-20260426-7DF0C00260,关于印发《山东省电力并网运行管理实施细则》、《山东省电力辅助服务管理实施细则》的通知,《山东省电力辅助服务管理实施细则》,https://sdb.nea.gov.cn/main/ContentManage/Article/File/2023/07/24/202307241702345061.pdf,01_原始资料\PDF附件\AUTO-20260426-7DF0C00260_02_《山东省电力辅助服务管理实施细则》_1714A239.pdf,https://sdb.nea.gov.cn/dtyw/tzgg/202309/t20230919_110474.html,existing_local_pdf,345909,2026-04-30 16:15:09,台账中已有本地PDF；已匹配网页附件链接
AUTO-20260426-E982922381,关于修订《山东省电力中长期交易规则》的通知,202109241632578090.pdf,https://sdb.nea.gov.cn/main/ContentManage/Article/File/2021/09/24/202109241632578090.pdf,01_原始资料\PDF附件\AUTO-20260426-E982922381_01_202109241632578090.pdf_7D95CE08.pdf,https://sdb.nea.gov.cn/dtyw/tzgg/202309/t20230919_110462.html,existing_local_pdf,1571282,2026-04-30 16:15:09,台账中已有本地PDF；已匹配网页附件链接
AUTO-20260426-132F8B7686,关于简化山东电力中长期交易合同电量偏差免考核工作流程的通知,202108192033252573.pdf,https://sdb.nea.gov.cn/main/ContentManage/Article/File/2021/08/19/202108192033252573.pdf,01_原始资料\PDF附件\AUTO-20260426-132F8B7686_01_202108192033252573.pdf_929F26C7.pdf,https://sdb.nea.gov.cn/dtyw/tzgg/202309/t20230919_110457.html,existing_local_pdf,1258123,2026-04-30 16:15:09,台账中已有本地PDF；已匹配网页附件链接
AUTO-20260426-259ADC9C14,关于简化山东电力中长期交易合同电量偏差免考核工作流程的通知,202108192033252573.pdf,https://sdb.nea.gov.cn/main/ContentManage/Article/File/2021/08/19/202108192033252573.pdf,01_原始资料\PDF附件\AUTO-20260426-259ADC9C14_01_202108192033252573.pdf_929F26C7.pdf,https://sdb.nea.gov.cn/dtyw/tzgg/202309/t20230919_110456.html,existing_local_pdf,1258123,2026-04-30 16:15:09,台账中已有本地PDF；已匹配网页附件链接
AUTO-20260427-9D436454D6,国家能源局华东监管局关于印发《长三角跨省电力中长期市场实施细则》的通知,2026-04-17_华东区域_国家能源局派出机构_国家能源局华东监管局关于印发《长三角跨省电力中长期市场实..._2026-04-17.pdf,https://hdj.nea.gov.cn/dtyw/tzgg/202604/P020260417606107102994.pdf,01_原始资料\官方政策\2026-04-17_华东区域_国家能源局派出机构_国家能源局华东监管局关于印发《长三角跨省电力中长期市场实..._2026-04-17.pdf,https://hdj.nea.gov.cn/dtyw/tzgg/202604/P020260417606107102994.pdf,existing_local_pdf,3189585,2026-04-30 16:15:09,台账中已有本地PDF
AUTO-20260427-0A34FA35E6,关于印发《安徽电力中长期市场实施细则》的通知,2026-03-31_华东区域_国家能源局派出机构_关于印发《安徽电力中长期市场实施细则》的通知_2026-03-31.pdf,https://hdj.nea.gov.cn/dtyw/tzgg/202603/P020260331593555268345.pdf,01_原始资料\官方政策\2026-03-31_华东区域_国家能源局派出机构_关于印发《安徽电力中长期市场实施细则》的通知_2026-03-31.pdf,https://hdj.nea.gov.cn/dtyw/tzgg/202603/P020260331593555268345.pdf,existing_local_pdf,14512454,2026-04-30 16:15:09,台账中已有本地PDF
AUTO-20260427-6A8B006887,关于印发《上海电力中长期市场实施细则》的通知,2026-03-31_华东区域_国家能源局派出机构_关于印发《上海电力中长期市场实施细则》的通知_2026-03-31.pdf,https://hdj.nea.gov.cn/dtyw/tzgg/202603/P020260331593974942947.pdf,01_原始资料\官方政策\2026-03-31_华东区域_国家能源局派出机构_关于印发《上海电力中长期市场实施细则》的通知_2026-03-31.pdf,https://hdj.nea.gov.cn/dtyw/tzgg/202603/P020260331593974942947.pdf,existing_local_pdf,22111406,2026-04-30 16:15:09,台账中已有本地PDF
AUTO-20260427-20313BD46F,华北能源监管局关于征求“蒙西电力调频辅助服务交易实施细则”意见的函,蒙西电力市场调频辅助服务交易实施细则.pdf,https://hbj.nea.gov.cn/hdhy/dczj/202603/P020260306570347717550.pdf,01_原始资料\PDF附件\AUTO-20260427-20313BD46F_01_蒙西电力市场调频辅助服务交易实施细则.pdf_5837CF53.pdf,https://hbj.nea.gov.cn/hdhy/dczj/202603/t20260306_297498.html,existing_local_pdf,583449,2026-04-30 16:15:09,台账中已有本地PDF；已匹配网页附件链接
AUTO-20260427-9F7307C867,国家能源局西北监管局 陕西省发展和改革委员会关于印发《陕西省电力中长期市场实施细则》的通知,国家能源局西北监管局 陕西省发展和改革委员会关于印发《陕西省电力中长期市场实施细则》的通知.pdf,https://xbj.nea.gov.cn/dtyw/tzgg/202602/P020260228694897427117.pdf,01_原始资料\PDF附件\AUTO-20260427-9F7307C867_01_国家能源局西北监管局_陕西省发展和改革委员会关于印发《陕西省电力中长期市场实施细则》的通知.pdf_4F80F06F.pdf,https://xbj.nea.gov.cn/dtyw/tzgg/202602/t20260228_297105.html,existing_local_pdf,20504476,2026-04-30 16:15:09,台账中已有本地PDF；已匹配网页附件链接
AUTO-20260427-8BA55D72F9,国家能源局西北监管局关于征求《西北区域省间电力中长期市场实施细则（2026年修订版）（征求意见稿）》意见建议的通知,西北区域跨省电力中长期交易实施细则（2026年修订版）（征求意见稿）.pdf,https://xbj.nea.gov.cn/dtyw/tzgg/202602/P020260312671615407822.pdf,01_原始资料\PDF附件\AUTO-20260427-8BA55D72F9_01_西北区域跨省电力中长期交易实施细则（2026年修订版）（征求意见稿）.pdf_014AFD23.pdf,https://xbj.nea.gov.cn/dtyw/tzgg/202602/t20260214_296071.html,existing_local_pdf,383176,2026-04-30 16:15:09,台账中已有本地PDF；已匹配网页附件链接
AUTO-20260427-1C4703E1E9,国家能源局西北监管局关于征求陕西、宁夏、青海电力中长期市场实施细则（征求意见稿）意见建议的通知,附件1：陕西省电力中长期市场实施细则（征求意见稿）.pdf,https://xbj.nea.gov.cn/dtyw/tzgg/202601/P020260312672650917037.pdf,01_原始资料\PDF附件\AUTO-20260427-1C4703E1E9_01_附件1：陕西省电力中长期市场实施细则（征求意见稿）.pdf_0BEABE44.pdf,https://xbj.nea.gov.cn/dtyw/tzgg/202601/t20260126_294781.html,existing_local_pdf,500091,2026-04-30 16:15:09,台账中已有本地PDF；已匹配网页附件链接
AUTO-20260427-1C4703E1E9,国家能源局西北监管局关于征求陕西、宁夏、青海电力中长期市场实施细则（征求意见稿）意见建议的通知,附件2：宁夏回族自治区电力中长期市场实施细则（征求意见稿）.pdf,https://xbj.nea.gov.cn/dtyw/tzgg/202601/P020260126632094940979.pdf,01_原始资料\PDF附件\AUTO-20260427-1C4703E1E9_02_附件2：宁夏回族自治区电力中长期市场实施细则（征求意见稿）.pdf_D028DDD4.pdf,https://xbj.nea.gov.cn/dtyw/tzgg/202601/t20260126_294781.html,existing_local_pdf,423848,2026-04-30 16:15:09,台账中已有本地PDF；已匹配网页附件链接
AUTO-20260427-1C4703E1E9,国家能源局西北监管局关于征求陕西、宁夏、青海电力中长期市场实施细则（征求意见稿）意见建议的通知,附件3：青海省电力中长期市场实施细则（征求意见稿）.pdf,https://xbj.nea.gov.cn/dtyw/tzgg/202601/P020260126632095129401.pdf,01_原始资料\PDF附件\AUTO-20260427-1C4703E1E9_03_附件3：青海省电力中长期市场实施细则（征求意见稿）.pdf_42F16C0D.pdf,https://xbj.nea.gov.cn/dtyw/tzgg/202601/t20260126_294781.html,existing_local_pdf,1457745,2026-04-30 16:15:09,台账中已有本地PDF；已匹配网页附件链接
AUTO-20260427-51AC1D580A,国家能源局西北监管局关于公开征求《西北区域省间电力互济交易运营规则（试行）（征求意见稿）》意见建议的通知,西北区域省间电力互济交易运营规则（试行）（征求意见稿）.pdf,https://xbj.nea.gov.cn/dtyw/tzgg/202601/P020260312672184688997.pdf,01_原始资料\PDF附件\AUTO-20260427-51AC1D580A_01_西北区域省间电力互济交易运营规则（试行）（征求意见稿）.pdf_FE8D0DCF.pdf,https://xbj.nea.gov.cn/dtyw/tzgg/202601/t20260123_294688.html,existing_local_pdf,632283,2026-04-30 16:15:09,台账中已有本地PDF；已匹配网页附件链接
AUTO-20260427-B95E146723,华北能源监管局关于征求京津唐电力调峰辅助服务市场运营规则 （征求意见稿）意见的通告,附件：京津唐电力调峰辅助服务市场运营规则（征求意见稿）final.pdf,https://hbj.nea.gov.cn/dtyw/tzgg/202511/P020251117389924557721.pdf,01_原始资料\PDF附件\AUTO-20260427-B95E146723_01_附件：京津唐电力调峰辅助服务市场运营规则（征求意见稿）final.pdf_C3E0C228.pdf,https://hbj.nea.gov.cn/dtyw/tzgg/202511/t20251117_290529.html,existing_local_pdf,276613,2026-04-30 16:15:09,台账中已有本地PDF；已匹配网页附件链接
AUTO-20260427-1806176B6C,国家能源局西北监管局关于印发《西北区域跨省电力中长期交易实施细则——新型储能交易专章》的通知,西北监能市场〔2025〕77号 -国家能源局西北监管局关于印发《西北区域跨省电力中长期交易实施细则——新型储能交易专章》的通知.pdf,https://xbj.nea.gov.cn/dtyw/tzgg/202510/P020251106631376268963.pdf,01_原始资料\PDF附件\AUTO-20260427-1806176B6C_01_西北监能市场〔2025〕77号_-国家能源局西北监管局关于印发《西北区域跨省电力中长期交易实施细则——新型储能交易专章》的通知.pdf_2D51E130.pdf,https://xbj.nea.gov.cn/dtyw/tzgg/202510/t20251030_289676.html,existing_local_pdf,536835,2026-04-30 16:15:09,台账中已有本地PDF；已匹配网页附件链接
AUTO-20260427-4BE00C1720,国家能源局西北监管局 青海省能源局关于印发《青海省电力中长期交易规则补充规定》的通知,国家能源局西北监管局 青海省能源局关于印发《青海省电力中长期交易规则补充规定》的通知.pdf,https://xbj.nea.gov.cn/dtyw/tzgg/202509/P020250926386002736981.pdf,01_原始资料\PDF附件\AUTO-20260427-4BE00C1720_01_国家能源局西北监管局_青海省能源局关于印发《青海省电力中长期交易规则补充规定》的通知.pdf_292A74C3.pdf,https://xbj.nea.gov.cn/dtyw/tzgg/202509/t20250926_288044.html,existing_local_pdf,690907,2026-04-30 16:15:09,台账中已有本地PDF；已匹配网页附件链接
AUTO-20260427-5EF9021CE0,国家能源局西北监管局关于征求《西北区域跨省电力中长期交易实施细则——新型储能交易专章（征求意见稿）》意见建议的通知,附件：西北区域跨省电力中长期交易实施细则——新型储能交易专章（征求意见稿）.pdf,https://xbj.nea.gov.cn/dtyw/tzgg/202508/P020250825595356485564.pdf,01_原始资料\PDF附件\AUTO-20260427-5EF9021CE0_01_附件：西北区域跨省电力中长期交易实施细则——新型储能交易专章（征求意见稿）.pdf_7BBDA3E9.pdf,https://xbj.nea.gov.cn/dtyw/tzgg/202508/t20250825_286163.html,existing_local_pdf,100339,2026-04-30 16:15:09,台账中已有本地PDF；已匹配网页附件链接
AUTO-20260427-6B0EF18171,国家能源局西北监管局关于征求《青海省电力中长期交易规则补充规定（征求意见稿）》意见建议的通知,附件-青海省电力中长期交易规则补充规定（征求意见稿）.pdf,https://xbj.nea.gov.cn/dtyw/tzgg/202508/P020250813628935832641.pdf,01_原始资料\PDF附件\AUTO-20260427-6B0EF18171_01_附件-青海省电力中长期交易规则补充规定（征求意见稿）.pdf_E44EE72D.pdf,https://xbj.nea.gov.cn/dtyw/tzgg/202508/t20250813_285708.html,existing_local_pdf,116699,2026-04-30 16:15:09,台账中已有本地PDF；已匹配网页附件链接
AUTO-20260427-2E09D15F4D,国家能源局西北监管局关于明确电力辅助服务市场价格机制等相关事项的通知,国家能源局西北监管局关于明确电力辅助服务市场价格机制等相关事项的通知.pdf,https://xbj.nea.gov.cn/dtyw/tzgg/202507/P020250701635064649240.pdf,01_原始资料\PDF附件\AUTO-20260427-2E09D15F4D_01_国家能源局西北监管局关于明确电力辅助服务市场价格机制等相关事项的通知.pdf_024F1196.pdf,https://xbj.nea.gov.cn/dtyw/tzgg/202507/t20250701_283698.html,existing_local_pdf,326080,2026-04-30 16:15:09,台账中已有本地PDF；已匹配网页附件链接
AUTO-20260427-CC8285BA8B,华中能源监管局关于征求《湖北、江西、重庆电力调频辅助服务市场运行规则（征求意见稿）》意见的通知,湖北、江西、重庆电力调频辅助服务市场运行规则（征求意见稿）.pdf,https://hzj.nea.gov.cn/dtyw/tzgg/202411/P020241120517351562242.pdf,01_原始资料\PDF附件\AUTO-20260427-CC8285BA8B_01_湖北、江西、重庆电力调频辅助服务市场运行规则（征求意见稿）.pdf_D052C17E.pdf,https://hzj.nea.gov.cn/dtyw/tzgg/202411/t20241120_272552.html,existing_local_pdf,456929,2026-04-30 16:15:09,台账中已有本地PDF；已匹配网页附件链接
AUTO-20260427-CC8285BA8B,华中能源监管局关于征求《湖北、江西、重庆电力调频辅助服务市场运行规则（征求意见稿）》意见的通知,编制说明.pdf,https://hzj.nea.gov.cn/dtyw/tzgg/202411/P020241120517351834954.pdf,01_原始资料\PDF附件\AUTO-20260427-CC8285BA8B_02_编制说明.pdf_AA6573ED.pdf,https://hzj.nea.gov.cn/dtyw/tzgg/202411/t20241120_272552.html,existing_local_pdf,156538,2026-04-30 16:15:09,台账中已有本地PDF；已匹配网页附件链接
AUTO-20260427-9549320EF2,华中能源监管局关于《重庆市电力中长期交易规则（修订稿）》公开征求意见的通知,《重庆市电力中长期交易规则（修订稿）》.pdf,https://hzj.nea.gov.cn/dtyw/tzgg/202411/P020241112622775160368.pdf,01_原始资料\PDF附件\AUTO-20260427-9549320EF2_01_《重庆市电力中长期交易规则（修订稿）》.pdf_B5643A67.pdf,https://hzj.nea.gov.cn/dtyw/tzgg/202411/t20241112_272191.html,existing_local_pdf,287741,2026-04-30 16:15:09,台账中已有本地PDF；已匹配网页附件链接
AUTO-20260427-28574D8021,国家能源局华中监管局关于公开征求《川渝一体化电力调峰辅助服务市场交易规则（征求意见稿）》意见的通知,附件1 川渝一体化电力调峰辅助服务市场交易规则（征求意见稿）.pdf,https://hzj.nea.gov.cn/dtyw/tzgg/202404/P020240430545252438405.pdf,01_原始资料\PDF附件\AUTO-20260427-28574D8021_01_附件1_川渝一体化电力调峰辅助服务市场交易规则（征求意见稿）.pdf_812BD1F0.pdf,https://hzj.nea.gov.cn/dtyw/tzgg/202404/t20240430_261642.html,existing_local_pdf,414908,2026-04-30 16:15:09,台账中已有本地PDF；已匹配网页附件链接
AUTO-20260427-28574D8021,国家能源局华中监管局关于公开征求《川渝一体化电力调峰辅助服务市场交易规则（征求意见稿）》意见的通知,附件2 《川渝一体化电力调峰辅助服务市场交易规则（征求意见稿）》编制说明.pdf,https://hzj.nea.gov.cn/dtyw/tzgg/202404/P020240430545252644717.pdf,01_原始资料\PDF附件\AUTO-20260427-28574D8021_02_附件2_《川渝一体化电力调峰辅助服务市场交易规则（征求意见稿）》编制说明.pdf_6DB56B27.pdf,https://hzj.nea.gov.cn/dtyw/tzgg/202404/t20240430_261642.html,existing_local_pdf,305099,2026-04-30 16:15:09,台账中已有本地PDF；已匹配网页附件链接
AUTO-20260427-F77C27F149,国家能源局华中监管局关于公开征求《华中区域省间电力中长期交易规则（征求意见稿）》意见的通知,附件1：华中区域省间电力中长期交易规则（征求意见稿）.pdf,https://hzj.nea.gov.cn/dtyw/tzgg/202404/P020240430543076429522.pdf,01_原始资料\PDF附件\AUTO-20260427-F77C27F149_01_附件1：华中区域省间电力中长期交易规则（征求意见稿）.pdf_D793D1A4.pdf,https://hzj.nea.gov.cn/dtyw/tzgg/202404/t20240430_261641.html,existing_local_pdf,1407864,2026-04-30 16:15:09,台账中已有本地PDF；已匹配网页附件链接
AUTO-20260427-F77C27F149,国家能源局华中监管局关于公开征求《华中区域省间电力中长期交易规则（征求意见稿）》意见的通知,附件2：关于《华中区域省间电力中长期交易规则（征求意见稿）》的编制说明.pdf,https://hzj.nea.gov.cn/dtyw/tzgg/202404/P020240430543076951672.pdf,01_原始资料\PDF附件\AUTO-20260427-F77C27F149_02_附件2：关于《华中区域省间电力中长期交易规则（征求意见稿）》的编制说明.pdf_A7C4303D.pdf,https://hzj.nea.gov.cn/dtyw/tzgg/202404/t20240430_261641.html,existing_local_pdf,185645,2026-04-30 16:15:09,台账中已有本地PDF；已匹配网页附件链接
AUTO-20260427-66F282BB0B,山东能源监管办关于《山东省电力中长期交易规则(征求意见稿)》公开征求意见的公告,202102110851543391.pdf,https://sdb.nea.gov.cn/main/ContentManage/Article/File/2021/02/11/202102110851543391.pdf,01_原始资料\PDF附件\AUTO-20260427-66F282BB0B_01_202102110851543391.pdf_209D3027.pdf,https://sdb.nea.gov.cn/dtyw/tzgg/202309/t20230919_110449.html,existing_local_pdf,406082,2026-04-30 16:15:09,台账中已有本地PDF；已匹配网页附件链接
AUTO-20260427-0B7C65169B,关于修订《山东电力辅助服务市场运营规则（试行）（2020年修订版）》的通知,202012311358387845.pdf,https://sdb.nea.gov.cn/main/ContentManage/Article/File/2020/12/31/202012311358387845.pdf,01_原始资料\PDF附件\AUTO-20260427-0B7C65169B_01_202012311358387845.pdf_57EBC192.pdf,https://sdb.nea.gov.cn/dtyw/tzgg/202309/t20230919_110446.html,existing_local_pdf,3288484,2026-04-30 16:15:09,台账中已有本地PDF；已匹配网页附件链接
AUTO-20260427-D691BB80BC,关于简化新能源发电企业参与山东电力市场准入流程的通知,202012021452583209.pdf,https://sdb.nea.gov.cn/main/ContentManage/Article/File/2020/12/02/202012021452583209.pdf,01_原始资料\PDF附件\AUTO-20260427-D691BB80BC_01_202012021452583209.pdf_B1D21F4A.pdf,https://sdb.nea.gov.cn/dtyw/tzgg/202309/t20230919_110444.html,existing_local_pdf,84505,2026-04-30 16:15:09,台账中已有本地PDF；已匹配网页附件链接
AUTO-20260427-3923155EE0,关于征求《山东电力辅助服务市场运营规则（试行）（2020年修订版）》（征求意见稿）意见的函,202010201425462756.pdf,https://sdb.nea.gov.cn/main/ContentManage/Article/File/2020/10/20/202010201425462756.pdf,01_原始资料\PDF附件\AUTO-20260427-3923155EE0_01_202010201425462756.pdf_B98527FA.pdf,https://sdb.nea.gov.cn/dtyw/tzgg/202309/t20230919_110439.html,existing_local_pdf,1352004,2026-04-30 16:15:09,台账中已有本地PDF；已匹配网页附件链接
AUTO-20260427-E4EE7C8D82,关于公布山东电力现货市场结算试运行有关市场参数的通知(试行),山东电力现货市场结算试运行期间有关市场参数,https://sdb.nea.gov.cn/main/ContentManage/Article/File/2020/08/05/202008051610211684.pdf,01_原始资料\PDF附件\AUTO-20260427-E4EE7C8D82_01_山东电力现货市场结算试运行期间有关市场参数_A1F0C0DC.pdf,https://sdb.nea.gov.cn/dtyw/tzgg/202309/t20230919_110429.html,existing_local_pdf,218505,2026-04-30 16:15:09,台账中已有本地PDF；已匹配网页附件链接
AUTO-20260427-698A8D7E10,关于修订《山东省电力现货市场交易规则(试行)》《山东省电力中长期市场交易规则(试行)》《山东省电力零售市场交易规则(试行)》的通知,1. 三个市场交易规则有关修订条款(2020年7月修订版),https://sdb.nea.gov.cn/main/ContentManage/Article/File/2020/07/31/202007312051403143.pdf,01_原始资料\PDF附件\AUTO-20260427-698A8D7E10_01_1._三个市场交易规则有关修订条款(2020年7月修订版)_06A20D19.pdf,https://sdb.nea.gov.cn/dtyw/tzgg/202309/t20230919_110428.html,existing_local_pdf,175351,2026-04-30 16:15:09,台账中已有本地PDF；已匹配网页附件链接
AUTO-20260427-698A8D7E10,关于修订《山东省电力现货市场交易规则(试行)》《山东省电力中长期市场交易规则(试行)》《山东省电力零售市场交易规则(试行)》的通知,2. 三个市场交易规则(2020年7月修订版),https://sdb.nea.gov.cn/main/ContentManage/Article/File/2020/07/31/202007312052034080.pdf,01_原始资料\PDF附件\AUTO-20260427-698A8D7E10_02_2._三个市场交易规则(2020年7月修订版)_451775D2.pdf,https://sdb.nea.gov.cn/dtyw/tzgg/202309/t20230919_110428.html,existing_local_pdf,1813754,2026-04-30 16:15:09,台账中已有本地PDF；已匹配网页附件链接
AUTO-20260427-FBC65BBD1E,贵州电力市场规则,〔2024〕_关于南方区域电力市场全月结算试运行市场监管有关事项的通知.pdf,https://www.gzpec.cn/law/jygz/202502/P020250214536113534615.pdf,01_原始资料\PDF附件\AUTO-20260427-FBC65BBD1E_01_〔2024〕_关于南方区域电力市场全月结算试运行市场监管有关事项的通知.pdf_579AB11C.pdf,https://www.gzpec.cn/law/jygz/202502/t20250214_34020.html,existing_local_pdf,463549,2026-04-30 16:15:09,台账中已有本地PDF；已匹配网页附件链接
AUTO-20260427-FBC65BBD1E,贵州电力市场规则,〔2024〕 南方区域电力市场运行规则（试行）.pdf,https://www.gzpec.cn/law/jygz/202502/P020250214536114882030.pdf,01_原始资料\PDF附件\AUTO-20260427-FBC65BBD1E_02_〔2024〕_南方区域电力市场运行规则（试行）.pdf_3ED6EC71.pdf,https://www.gzpec.cn/law/jygz/202502/t20250214_34020.html,existing_local_pdf,618679,2026-04-30 16:15:09,台账中已有本地PDF；已匹配网页附件链接
AUTO-20260427-D81BDF16D0,第20号_中华人民共和国国家发展和改革委员会令（电力市场运行基本规则）,第20号_中华人民共和国国家发展和改革委员会令（电力市场运行基本规则）.pdf,https://www.gzpec.cn/law/jygz/202505/P020250516618310566610.pdf,01_原始资料\PDF附件\AUTO-20260427-D81BDF16D0_01_第20号_中华人民共和国国家发展和改革委员会令（电力市场运行基本规则）.pdf_9D7E2BB2.pdf,https://www.gzpec.cn/law/jygz/202505/t20250516_34494.html,existing_local_pdf,2415479,2026-04-30 16:15:09,台账中已有本地PDF；已匹配网页附件链接
AUTO-20260427-344B99BC3D,广东省发展和改革委员会 - 广东省能源局关于做好2026年电力市场年度交易工作的通知,附件1-4.pdf,https://drc.gd.gov.cn/attachment/0/600/600088/4808354.pdf,01_原始资料\PDF附件\AUTO-20260427-344B99BC3D_01_附件1-4.pdf_21276E31.pdf,https://drc.gd.gov.cn/snyj/tzgg/content/post_4808354.html,existing_local_pdf,176288,2026-04-30 16:15:09,台账中已有本地PDF；已匹配网页附件链接
AUTO-20260427-EF110663B6,广东省发展和改革委员会 - 广东省能源局 国家能源局南方监管局关于印发《广东电力市场常态化开展年度交易实施方案》的通知,广东电力市场常态化开展年度交易实施方案.pdf,https://drc.gd.gov.cn/attachment/0/596/596990/4790294.pdf,01_原始资料\PDF附件\AUTO-20260427-EF110663B6_01_广东电力市场常态化开展年度交易实施方案.pdf_FF695068.pdf,https://drc.gd.gov.cn/snyj/tzgg/content/post_4790294.html,existing_local_pdf,176784,2026-04-30 16:15:09,台账中已有本地PDF；已匹配网页附件链接
AUTO-20260427-CA2DDC4243,关于发布广东电力市场配套实施细则（2024年修订）的通知,广东交易〔2024〕79号 关于发布广东电力市场配套实施细则（2024年修订）的通知.pdf,https://www.gzpec.cn/law/jygz/202502/P020250214530658606540.pdf,01_原始资料\PDF附件\AUTO-20260427-CA2DDC4243_01_广东交易〔2024〕79号_关于发布广东电力市场配套实施细则（2024年修订）的通知.pdf_46FF7181.pdf,https://www.gzpec.cn/law/jygz/202502/t20250214_34017.html,existing_local_pdf,130696,2026-04-30 16:15:09,台账中已有本地PDF；已匹配网页附件链接
AUTO-20260427-CA2DDC4243,关于发布广东电力市场配套实施细则（2024年修订）的通知,广东交易〔2024〕79号 广东电力市场现货电能量交易实施细则（2024年修订）.pdf,https://www.gzpec.cn/law/jygz/202502/P020250214530659778183.pdf,01_原始资料\PDF附件\AUTO-20260427-CA2DDC4243_02_广东交易〔2024〕79号_广东电力市场现货电能量交易实施细则（2024年修订）.pdf_D43620FB.pdf,https://www.gzpec.cn/law/jygz/202502/t20250214_34017.html,existing_local_pdf,1348317,2026-04-30 16:15:09,台账中已有本地PDF；已匹配网页附件链接
AUTO-20260427-CA2DDC4243,关于发布广东电力市场配套实施细则（2024年修订）的通知,广东交易〔2024〕79号 广东电力市场信息披露管理实施细则（2024年修订）.pdf,https://www.gzpec.cn/law/jygz/202502/P020250214530661601925.pdf,01_原始资料\PDF附件\AUTO-20260427-CA2DDC4243_03_广东交易〔2024〕79号_广东电力市场信息披露管理实施细则（2024年修订）.pdf_E2D35FB4.pdf,https://www.gzpec.cn/law/jygz/202502/t20250214_34017.html,existing_local_pdf,674523,2026-04-30 16:15:09,台账中已有本地PDF；已匹配网页附件链接
AUTO-20260427-CA2DDC4243,关于发布广东电力市场配套实施细则（2024年修订）的通知,广东交易〔2024〕79号 广东电力市场中长期电能量交易实施细则（2024年修订）.pdf,https://www.gzpec.cn/law/jygz/202502/P020250214530662638683.pdf,01_原始资料\PDF附件\AUTO-20260427-CA2DDC4243_04_广东交易〔2024〕79号_广东电力市场中长期电能量交易实施细则（2024年修订）.pdf_21207631.pdf,https://www.gzpec.cn/law/jygz/202502/t20250214_34017.html,existing_local_pdf,687334,2026-04-30 16:15:09,台账中已有本地PDF；已匹配网页附件链接
AUTO-20260427-CA2DDC4243,关于发布广东电力市场配套实施细则（2024年修订）的通知,广东交易〔2024〕79号 广东电力现货市场结算实施细则（2024年修订）.pdf,https://www.gzpec.cn/law/jygz/202502/P020250214530663620573.pdf,01_原始资料\PDF附件\AUTO-20260427-CA2DDC4243_05_广东交易〔2024〕79号_广东电力现货市场结算实施细则（2024年修订）.pdf_63281AF2.pdf,https://www.gzpec.cn/law/jygz/202502/t20250214_34017.html,existing_local_pdf,822799,2026-04-30 16:15:09,台账中已有本地PDF；已匹配网页附件链接
AUTO-20260427-E24F3D75D9,关于印发《电力中长期交易基本规则》的通知,正文1.pdf,https://www.gzpec.cn/law/jygz/202505/P020250516617649183947.pdf,01_原始资料\PDF附件\AUTO-20260427-E24F3D75D9_01_正文1.pdf_0AAE01DB.pdf,https://www.gzpec.cn/law/jygz/202505/t20250516_34493.html,existing_local_pdf,22048834,2026-04-30 16:15:09,台账中已有本地PDF；已匹配网页附件链接
AUTO-20260427-1906B16212,关于进一步做好我市电力现货市场限价相关事项的通知_价格管理,32bd56acd31b1f88234ecbce52fa0b3e.pdf,http://fgw.sh.gov.cn/cmsres/93/9340b2633ab74596910ef04d2e2047cf/32bd56acd31b1f88234ecbce52fa0b3e.pdf,01_原始资料\PDF附件\AUTO-20260427-1906B16212_01_32bd56acd31b1f88234ecbce52fa0b3e.pdf_E97F4A59.pdf,http://fgw.sh.gov.cn/fgw_jggl/20260211/35cf80d1b101492dacbad5a6c9504c6b.html,existing_local_pdf,106685,2026-04-30 16:15:09,台账中已有本地PDF；已匹配网页附件链接
AUTO-20260427-5ED24A4111,关于调整我市煤电容量电价有关事项的通知_价格管理,49c3a9514703ee123d50259ff1669579.pdf,http://fgw.sh.gov.cn/cmsres/c8/c80cbe30e5a6493f848c7d3e0957ea29/49c3a9514703ee123d50259ff1669579.pdf,01_原始资料\PDF附件\AUTO-20260427-5ED24A4111_01_49c3a9514703ee123d50259ff1669579.pdf_4DDD706E.pdf,http://fgw.sh.gov.cn/fgw_jggl/20251224/68a86b82ba89475eb9b57f3b6d88be02.html,existing_local_pdf,325935,2026-04-30 16:15:09,台账中已有本地PDF；已匹配网页附件链接
AUTO-20260427-851724B835,关于明确我市应急备用煤电机组容量电价有关事项的通知_价格管理,d759a1df2720bd292cd9758d500ae385.pdf,http://fgw.sh.gov.cn/cmsres/78/7884d6cadc7343c1a1e6c05211301580/d759a1df2720bd292cd9758d500ae385.pdf,01_原始资料\PDF附件\AUTO-20260427-851724B835_01_d759a1df2720bd292cd9758d500ae385.pdf_7A58C8C6.pdf,http://fgw.sh.gov.cn/fgw_jggl/20251117/ebc8f3ed4221492ca1dec080bae71d18.html,existing_local_pdf,591412,2026-04-30 16:15:09,台账中已有本地PDF；已匹配网页附件链接
AUTO-20260427-2DD331A266,关于印发《电力现货连续运行地区市场建设指引》的通知(发改能源〔2025〕1171号),《电力现货连续运行地区市场建设指引》.pdf,https://www.ndrc.gov.cn/xxgk/zcfb/tz/202509/P020250912610548270912.pdf,01_原始资料\PDF附件\AUTO-20260427-2DD331A266_01_《电力现货连续运行地区市场建设指引》.pdf_EB2C3CB2.pdf,https://www.ndrc.gov.cn/xxgk/zcfb/tz/202509/t20250912_1400454.html,existing_local_pdf,202817,2026-04-30 16:15:09,台账中已有本地PDF；已匹配网页附件链接
AUTO-20260427-B292F45571,关于印发《电力现货市场基本规则（试行）》的通知(发改能源规〔2023〕1217号),《电力现货市场基本规则（试行）》.pdf,https://www.ndrc.gov.cn/xxgk/zcfb/ghxwj/202309/P020230915357678894853.pdf,01_原始资料\PDF附件\AUTO-20260427-B292F45571_01_《电力现货市场基本规则（试行）》.pdf_05D3C855.pdf,https://www.ndrc.gov.cn/xxgk/zcfb/ghxwj/202309/t20230915_1360625.html,existing_local_pdf,641987,2026-04-30 16:15:09,台账中已有本地PDF；已匹配网页附件链接
AUTO-20260427-ED23AB24F7,关于印发《南方区域绿色电力交易规则（试行）》的通知,关于印发《南方区域绿色电力交易规则（试行）》的通知.pdf.pdf,https://www.gzpec.cn/law/jygz/202502/P020250226622018274476.pdf,01_原始资料\PDF附件\AUTO-20260427-ED23AB24F7_01_关于印发《南方区域绿色电力交易规则（试行）》的通知.pdf.pdf_A18038C7.pdf,https://www.gzpec.cn/law/jygz/202502/t20250226_34121.html,existing_local_pdf,1329724,2026-04-30 16:15:09,台账中已有本地PDF；已匹配网页附件链接
AUTO-20260427-F33CEF16E8,关于南方区域电力市场全月结算试运行市场监管有关事项,〔2024〕_关于南方区域电力市场全月结算试运行市场监管有关事项的通知.pdf,https://www.gzpec.cn/law/jygz/202502/P020250214536113534615.pdf,01_原始资料\PDF附件\AUTO-20260427-F33CEF16E8_01_〔2024〕_关于南方区域电力市场全月结算试运行市场监管有关事项的通知.pdf_579AB11C.pdf,https://www.gzpec.cn/law/jygz/202502/t20250214_34022.html,existing_local_pdf,463549,2026-04-30 16:15:09,台账中已有本地PDF；已匹配网页附件链接
AUTO-20260427-F33CEF16E8,关于南方区域电力市场全月结算试运行市场监管有关事项,〔2024〕 南方区域电力市场运行规则（试行）.pdf,https://www.gzpec.cn/law/jygz/202502/P020250214536114882030.pdf,01_原始资料\PDF附件\AUTO-20260427-F33CEF16E8_02_〔2024〕_南方区域电力市场运行规则（试行）.pdf_3ED6EC71.pdf,https://www.gzpec.cn/law/jygz/202502/t20250214_34022.html,existing_local_pdf,618679,2026-04-30 16:15:09,台账中已有本地PDF；已匹配网页附件链接
AUTO-20260427-A739C746F8,关于上海市2025年度新能源增量项目机制电价竞价结果的通知_价格管理,42ce242adb89b94415e1ec57d20df78f.pdf,http://fgw.sh.gov.cn/cmsres/11/11417eb5a0364d9881acdb7374f87618/42ce242adb89b94415e1ec57d20df78f.pdf,01_原始资料\PDF附件\AUTO-20260427-A739C746F8_01_42ce242adb89b94415e1ec57d20df78f.pdf_C5B1F554.pdf,http://fgw.sh.gov.cn/fgw_jggl/20251203/fe1be03f19b8401a8e2c765b1477c39c.html,existing_local_pdf,566675,2026-04-30 16:15:09,台账中已有本地PDF；已匹配网页附件链接
AUTO-20260427-C45458E7FC,国家能源局西北监管局关于印发《西北区域跨省电力中长期交易实施细则》的通知（全文）,西北监能市场〔2024〕74号-国家能源局西北监管局关于印发《西北区域跨省电力中长期交易实施细则》的通知（全文）.pdf,https://xbj.nea.gov.cn/dtyw/tzgg/202410/P020241018549956172927.pdf,01_原始资料\PDF附件\AUTO-20260427-C45458E7FC_01_西北监能市场〔2024〕74号-国家能源局西北监管局关于印发《西北区域跨省电力中长期交易实施细则》的通知（全文）.pdf_33626124.pdf,https://xbj.nea.gov.cn/dtyw/tzgg/202410/t20241018_271012.html,existing_local_pdf,3796863,2026-04-30 16:15:09,台账中已有本地PDF；已匹配网页附件链接
AUTO-20260427-EC19F02593,国家能源局西北监管局关于印发《西北区域省间电力互济交易实施细则(试行)》的通知,国家能源局西北监管局关于印发《西北区域省间电力互济交易实施细则(试行)》的通知 .pdf,https://xbj.nea.gov.cn/dtyw/tzgg/202604/P020260427638766443964.pdf,01_原始资料\PDF附件\AUTO-20260427-EC19F02593_01_国家能源局西北监管局关于印发《西北区域省间电力互济交易实施细则(试行)》的通知_.pdf_DE817B79.pdf,https://xbj.nea.gov.cn/dtyw/tzgg/202604/t20260427_300347.html,existing_local_pdf,854080,2026-04-30 16:15:09,台账中已有本地PDF；已匹配网页附件链接
AUTO-20260427-BAC94CD920,关于印发《山东省电力现货市场交易规则(试行)》《山东省电力中长期市场交易规则(试行)》《山东省电力零售市场交易规则(试行)》的通知,1.山东省电力现货市场交易规则（试行),https://sdb.nea.gov.cn/History/main/Doc/2020616154351.pdf,01_原始资料\PDF附件\AUTO-20260427-BAC94CD920_01_1.山东省电力现货市场交易规则（试行)_B4958BE9.pdf,https://sdb.nea.gov.cn/dtyw/tzgg/202309/t20230919_110422.html,existing_local_pdf,1575222,2026-04-30 16:15:09,台账中已有本地PDF；已匹配网页附件链接
AUTO-20260427-BAC94CD920,关于印发《山东省电力现货市场交易规则(试行)》《山东省电力中长期市场交易规则(试行)》《山东省电力零售市场交易规则(试行)》的通知,2.山东省电力中长期市场交易规则（试行),https://sdb.nea.gov.cn/History/main/Doc/2020616154518.pdf,01_原始资料\PDF附件\AUTO-20260427-BAC94CD920_02_2.山东省电力中长期市场交易规则（试行)_6068C1DF.pdf,https://sdb.nea.gov.cn/dtyw/tzgg/202309/t20230919_110422.html,existing_local_pdf,856915,2026-04-30 16:15:09,台账中已有本地PDF；已匹配网页附件链接
AUTO-20260427-BAC94CD920,关于印发《山东省电力现货市场交易规则(试行)》《山东省电力中长期市场交易规则(试行)》《山东省电力零售市场交易规则(试行)》的通知,3.山东省电力零售市场交易规则（试行),https://sdb.nea.gov.cn/History/main/Doc/2020616154545.pdf,01_原始资料\PDF附件\AUTO-20260427-BAC94CD920_03_3.山东省电力零售市场交易规则（试行)_5AAC8CCC.pdf,https://sdb.nea.gov.cn/dtyw/tzgg/202309/t20230919_110422.html,existing_local_pdf,522199,2026-04-30 16:15:09,台账中已有本地PDF；已匹配网页附件链接
AUTO-20260427-E22FE01186,国家能源局华中监管局关于印发《华中省间电力调峰及备用辅助服务市场运营规则》的通知,华中省间电力调峰及备用辅助服务市场运营规则.pdf,http://hzj.nea.gov.cn/UploadFiles/2022/2531665454528171_496879fd-fbba-4206-accd-2c47f3365ffc.pdf,01_原始资料\PDF附件\AUTO-20260427-E22FE01186_01_华中省间电力调峰及备用辅助服务市场运营规则.pdf_63F691CC.pdf,https://hzj.nea.gov.cn/dtyw/tzgg/202310/t20231021_165597.html,existing_local_pdf,299675,2026-04-30 16:15:09,台账中已有本地PDF；已匹配网页附件链接
AUTO-20260427-5D8B9D2AA9,国家能源局西北监管局关于印发《西北区域备用辅助服务市场运营规则》的通知,西北区域备用辅助服务市场运营规则.pdf,https://xbj.nea.gov.cn/upload/2023/05/18/1684395956367000.pdf,01_原始资料\PDF附件\AUTO-20260427-5D8B9D2AA9_01_西北区域备用辅助服务市场运营规则.pdf_986F5687.pdf,https://xbj.nea.gov.cn/dtyw/tzgg/202310/t20231013_147606.html,existing_local_pdf,1681404,2026-04-30 16:15:09,台账中已有本地PDF；已匹配网页附件链接
AUTO-20260427-426F6E93C0,国家能源局西北监管局关于印发《西北区域省间调峰辅助服务市场运营规则》补充修订条款的通知,西北监能市场〔2023〕2号-国家能源局西北监管局关于印发《西北区域省间调峰辅助服务市场运营规则》补充修订条款的通知.pdf,https://xbj.nea.gov.cn/dtyw/tzgg/202312/P020231214568606118596.pdf,01_原始资料\PDF附件\AUTO-20260427-426F6E93C0_01_西北监能市场〔2023〕2号-国家能源局西北监管局关于印发《西北区域省间调峰辅助服务市场运营规则》补充修订条款的通知.pdf_1DA93248.pdf,https://xbj.nea.gov.cn/dtyw/tzgg/202312/t20231214_220694.html,existing_local_pdf,1186630,2026-04-30 16:15:09,台账中已有本地PDF；已匹配网页附件链接
AUTO-20260427-A21BC5FA77,国家能源局华中监管局关于印发《湖北源网荷储电力调峰辅助服务市场运营规则》的通知,国家能源局华中监管局关于印发《湖北源网荷储电力调峰辅助服务市场运营规则》的通知.pdf,https://hzj.nea.gov.cn/dtyw/tzgg/202401/P020240124550041076261.pdf,01_原始资料\PDF附件\AUTO-20260427-A21BC5FA77_01_国家能源局华中监管局关于印发《湖北源网荷储电力调峰辅助服务市场运营规则》的通知.pdf_CF41E02A.pdf,https://hzj.nea.gov.cn/dtyw/tzgg/202401/t20240124_229471.html,existing_local_pdf,400611,2026-04-30 16:15:09,台账中已有本地PDF；已匹配网页附件链接
AUTO-20260427-EDE85AAF9A,关于印发修订后的《上海电力中长期交易规则》的通知（华东监...,2025-02-21_华东区域_国家能源局派出机构_关于印发修订后的《上海电力中长期交易规则》的通知（华东监..._2025-02-21.pdf,https://hdj.nea.gov.cn/dtyw/tzgg/202502/P020250221488658226958.pdf,01_原始资料\官方政策\2025-02-21_华东区域_国家能源局派出机构_关于印发修订后的《上海电力中长期交易规则》的通知（华东监..._2025-02-21.pdf,https://hdj.nea.gov.cn/dtyw/tzgg/202502/P020250221488658226958.pdf,existing_local_pdf,16338318,2026-04-30 16:15:09,台账中已有本地PDF
AUTO-20260427-EC24CC36EA,关于印发修订后的《安徽电力中长期交易规则》的通知（华东监...,2025-02-21_华东区域_国家能源局派出机构_关于印发修订后的《安徽电力中长期交易规则》的通知（华东监..._2025-02-21.pdf,https://hdj.nea.gov.cn/dtyw/tzgg/202502/P020250221489106643014.pdf,01_原始资料\官方政策\2025-02-21_华东区域_国家能源局派出机构_关于印发修订后的《安徽电力中长期交易规则》的通知（华东监..._2025-02-21.pdf,https://hdj.nea.gov.cn/dtyw/tzgg/202502/P020250221489106643014.pdf,existing_local_pdf,16475769,2026-04-30 16:15:09,台账中已有本地PDF
AUTO-20260427-3ADCAA1520,国家能源局西北监管局关于印发《西北区域抽水蓄能电站参与跨省电力交易实施细则（试行）》的通知,国家能源局西北监管局关于印发《西北区域抽水蓄能电站参与跨省电力交易实施细则（试行）》的通知.pdf,https://xbj.nea.gov.cn/dtyw/tzgg/202505/P020250515618719363607.pdf,01_原始资料\PDF附件\AUTO-20260427-3ADCAA1520_01_国家能源局西北监管局关于印发《西北区域抽水蓄能电站参与跨省电力交易实施细则（试行）》的通知.pdf_4ECD923C.pdf,https://xbj.nea.gov.cn/dtyw/tzgg/202505/t20250515_281064.html,existing_local_pdf,1188797,2026-04-30 16:15:09,台账中已有本地PDF；已匹配网页附件链接
AUTO-20260427-166CF8A8B5,华东能源监管局关于加强电力中长期批发交易监管的通知,2025-12-23_华东区域_国家能源局派出机构_华东能源监管局关于加强电力中长期批发交易监管的通知_2025-12-23.pdf,https://hdj.nea.gov.cn/dtyw/tzgg/202512/P020251223588968488157.pdf,01_原始资料\官方政策\2025-12-23_华东区域_国家能源局派出机构_华东能源监管局关于加强电力中长期批发交易监管的通知_2025-12-23.pdf,https://hdj.nea.gov.cn/dtyw/tzgg/202512/P020251223588968488157.pdf,existing_local_pdf,979733,2026-04-30 16:15:09,台账中已有本地PDF
AUTO-20260427-054169DB65,华中能源监管局关于印发《华中区域（东四省）电力互济交易实施细则》的通知,华中区域（东四省）电力互济交易实施细则.pdf,https://hzj.nea.gov.cn/dtyw/tzgg/202601/P020260130316808867227.pdf,01_原始资料\PDF附件\AUTO-20260427-054169DB65_01_华中区域（东四省）电力互济交易实施细则.pdf_9DB19070.pdf,https://hzj.nea.gov.cn/dtyw/tzgg/202601/t20260130_295027.html,existing_local_pdf,358060,2026-04-30 16:15:09,台账中已有本地PDF；已匹配网页附件链接
AUTO-20260427-2C79213C08,关于修订山东省电力中长期交易规则有关条款的通知,1.《山东省电力中长期交易规则(试行)》有关修订条款,https://sdb.nea.gov.cn/History/main/Doc/20191220131032.pdf,01_原始资料\PDF附件\AUTO-20260427-2C79213C08_01_1.《山东省电力中长期交易规则(试行)》有关修订条款_87234FE6.pdf,https://sdb.nea.gov.cn/dtyw/tzgg/202309/t20230919_110409.html,existing_local_pdf,296595,2026-04-30 16:15:09,台账中已有本地PDF；已匹配网页附件链接
AUTO-20260427-2C79213C08,关于修订山东省电力中长期交易规则有关条款的通知,2.《山东省电力中长期交易规则(试行)》(修订版),https://sdb.nea.gov.cn/History/main/Doc/2019122013112.pdf,01_原始资料\PDF附件\AUTO-20260427-2C79213C08_02_2.《山东省电力中长期交易规则(试行)》(修订版)_49A844EE.pdf,https://sdb.nea.gov.cn/dtyw/tzgg/202309/t20230919_110409.html,existing_local_pdf,605513,2026-04-30 16:15:09,台账中已有本地PDF；已匹配网页附件链接
AUTO-20260427-E6623247A3,山东能源监管办 山东省发展改革委 山东省能源局关于征求《山东省电力现货市场交易规则》、《山东省电力中长期市场交易规则》、《山东省电力零售市场交易规则》(征求意见稿)意见的通知,1.山东省电力现货市场交易规则(第二次征求意见稿),https://sdb.nea.gov.cn/History/main/Doc/2020020313331.pdf,01_原始资料\PDF附件\AUTO-20260427-E6623247A3_01_1.山东省电力现货市场交易规则(第二次征求意见稿)_A3287DCE.pdf,https://sdb.nea.gov.cn/dtyw/tzgg/202309/t20230919_110414.html,existing_local_pdf,6715253,2026-04-30 16:15:09,台账中已有本地PDF；已匹配网页附件链接
AUTO-20260427-E6623247A3,山东能源监管办 山东省发展改革委 山东省能源局关于征求《山东省电力现货市场交易规则》、《山东省电力中长期市场交易规则》、《山东省电力零售市场交易规则》(征求意见稿)意见的通知,2.山东省电力中长期市场交易规则(第二次征求意见稿),https://sdb.nea.gov.cn/History/main/Doc/2020020313332.pdf,01_原始资料\PDF附件\AUTO-20260427-E6623247A3_02_2.山东省电力中长期市场交易规则(第二次征求意见稿)_B0B97AE8.pdf,https://sdb.nea.gov.cn/dtyw/tzgg/202309/t20230919_110414.html,existing_local_pdf,1957498,2026-04-30 16:15:09,台账中已有本地PDF；已匹配网页附件链接
AUTO-20260427-E6623247A3,山东能源监管办 山东省发展改革委 山东省能源局关于征求《山东省电力现货市场交易规则》、《山东省电力中长期市场交易规则》、《山东省电力零售市场交易规则》(征求意见稿)意见的通知,3.山东省电力零售市场交易规则(征求意见稿),https://sdb.nea.gov.cn/History/main/Doc/2020020313333.pdf,01_原始资料\PDF附件\AUTO-20260427-E6623247A3_03_3.山东省电力零售市场交易规则(征求意见稿)_9E53F540.pdf,https://sdb.nea.gov.cn/dtyw/tzgg/202309/t20230919_110414.html,existing_local_pdf,239529,2026-04-30 16:15:09,台账中已有本地PDF；已匹配网页附件链接
AUTO-20260427-A0DD00C851,关于组织开展南方区域跨省电力备用辅助服务市场模拟试运行的通知,1.关于组织开展南方区域跨省电力备用辅助服务市场模拟试运行的通知.pdf,http://nfj.nea.gov.cn/nfjdoc/1c48520e-5d3f-4ef1-a2e3-7220b9912404.pdf,01_原始资料\PDF附件\AUTO-20260427-A0DD00C851_01_1.关于组织开展南方区域跨省电力备用辅助服务市场模拟试运行的通知.pdf_2EC30C09.pdf,http://nfj.nea.gov.cn/xxgk/fdzdgknr/scjg/202402/t20240208_240243.html,existing_local_pdf,241410,2026-04-30 16:15:09,台账中已有本地PDF；已匹配网页附件链接
AUTO-20260427-6348CCF597,关于审定广西电力市场中长期电能量交易等实施细则的复函,1.关于审定广西电力市场中长期电能量交易等实施细则的复函.pdf,https://nfj.nea.gov.cn/nfjdoc/fb9ea776-f48f-47e4-87e1-6d3ca0df05fd.pdf,01_原始资料\PDF附件\AUTO-20260427-6348CCF597_01_1.关于审定广西电力市场中长期电能量交易等实施细则的复函.pdf_F654F894.pdf,https://nfj.nea.gov.cn/xwzx/tzgg/202402/t20240208_245758.html,existing_local_pdf,128913,2026-04-30 16:15:09,台账中已有本地PDF；已匹配网页附件链接
AUTO-20260427-167238164B,国家能源局华中监管局关于《华中省间电力调峰及备用辅助服务市场运营规则（征求意见稿）》公开征求意见的通知,华中省间电力调峰及备用辅助服务市场运营规则（征求意见稿）.pdf,http://hzj.nea.gov.cn/UploadFiles/2022/35111650784228677_8c75a959-4479-4385-bab1-a6e0cfc352b4.pdf,01_原始资料\PDF附件\AUTO-20260427-167238164B_01_华中省间电力调峰及备用辅助服务市场运营规则（征求意见稿）.pdf_772EA35C.pdf,https://hzj.nea.gov.cn/dtyw/tzgg/202310/t20231021_165574.html,existing_local_pdf,216997,2026-04-30 16:15:09,台账中已有本地PDF；已匹配网页附件链接
AUTO-20260427-A21D2B578A,关于印发《江西省电力中长期交易实施细则》的通知,江西省电力中长期交易实施细则.pdf,http://hzj.nea.gov.cn/UploadFiles/2022/94121660790530452_3e6174a5-6d93-4c07-b8df-1c313a59f6b8.pdf,01_原始资料\PDF附件\AUTO-20260427-A21D2B578A_01_江西省电力中长期交易实施细则.pdf_3B829A6F.pdf,https://hzj.nea.gov.cn/dtyw/tzgg/202310/t20231021_165593.html,existing_local_pdf,403155,2026-04-30 16:15:09,台账中已有本地PDF；已匹配网页附件链接
AUTO-20260427-F79895D50A,关于印发《重庆市电力中长期交易规则》的通知,重庆市电力中长期交易规则,http://hzj.nea.gov.cn/UploadFiles/2022/65051664357452918_e523f610-ccdf-4695-b6b8-39ec121cff89.pdf,01_原始资料\PDF附件\AUTO-20260427-F79895D50A_01_重庆市电力中长期交易规则_E1AC68E0.pdf,https://hzj.nea.gov.cn/dtyw/tzgg/202310/t20231021_165596.html,existing_local_pdf,634326,2026-04-30 16:15:09,台账中已有本地PDF；已匹配网页附件链接
AUTO-20260427-D122E3E18C,关于印发《重庆电力调频辅助服务市场运营规则》的通知,重庆电力调频辅助服务市场运营规则.pdf,http://hzj.nea.gov.cn/UploadFiles/2022/76681670574239139_2b6c6b15-9626-41d7-a7cc-6d387dd7ef12.pdf,01_原始资料\PDF附件\AUTO-20260427-D122E3E18C_01_重庆电力调频辅助服务市场运营规则.pdf_5D506D25.pdf,https://hzj.nea.gov.cn/dtyw/tzgg/202310/t20231021_165603.html,existing_local_pdf,336637,2026-04-30 16:15:09,台账中已有本地PDF；已匹配网页附件链接
AUTO-20260427-9347AA22F9,华中能源监管局关于印发《江西电力调频辅助服务市场运营规则》的通知,附件：江西电力调频辅助服务市场运营规则.pdf,http://hzj.nea.gov.cn/UploadFiles/2022/62991672282039608_b625af46-570a-4aa5-9334-1da8b2493a22.pdf,01_原始资料\PDF附件\AUTO-20260427-9347AA22F9_01_附件：江西电力调频辅助服务市场运营规则.pdf_6BDDF500.pdf,https://hzj.nea.gov.cn/dtyw/tzgg/202310/t20231021_165604.html,existing_local_pdf,5302198,2026-04-30 16:15:09,台账中已有本地PDF；已匹配网页附件链接
AUTO-20260427-897D121E2E,国家能源局西北监管局 陕西省发展和改革委员会关于印发《陕西省电力中长期交易规则》的通知,西北监能市场〔2023〕3号 -国家能源局西北监管局 陕西省发展和改革委员会关于印发《陕西省电力中长期交易规则》的通知.pdf,https://xbj.nea.gov.cn/upload/2023/05/15/1684136685424000.pdf,01_原始资料\PDF附件\AUTO-20260427-897D121E2E_01_西北监能市场〔2023〕3号_-国家能源局西北监管局_陕西省发展和改革委员会关于印发《陕西省电力中长期交易规则》的通知.pdf_C41063F0.pdf,https://xbj.nea.gov.cn/dtyw/tzgg/202310/t20231013_147603.html,existing_local_pdf,5134006,2026-04-30 16:15:09,台账中已有本地PDF；已匹配网页附件链接
AUTO-20260427-B436377657,关于印发《南方区域跨省（区）电力应急调度暂行规则》的通知,2.关于印发《南方区域跨省（区）电力应急调度暂行规则》的通知.pdf,https://nfj.nea.gov.cn/nfjdoc/82933f13-07a2-4ed7-9075-779e8f2b446d.pdf,01_原始资料\PDF附件\AUTO-20260427-B436377657_01_2.关于印发《南方区域跨省（区）电力应急调度暂行规则》的通知.pdf_EDE321E1.pdf,https://nfj.nea.gov.cn/xwzx/tzgg/202402/t20240208_245918.html,existing_local_pdf,327009,2026-04-30 16:15:09,台账中已有本地PDF；已匹配网页附件链接
AUTO-20260427-4EB78C6B0F,上海电力中长期交易规则—绿色电力交易专章,2024-10-28_华东区域_国家能源局派出机构_上海电力中长期交易规则—绿色电力交易专章_2024-10-28.pdf,https://hdj.nea.gov.cn/dtyw/tzgg/202410/P020241028483509077634.pdf,01_原始资料\官方政策\2024-10-28_华东区域_国家能源局派出机构_上海电力中长期交易规则—绿色电力交易专章_2024-10-28.pdf,https://hdj.nea.gov.cn/dtyw/tzgg/202410/P020241028483509077634.pdf,existing_local_pdf,112110,2026-04-30 16:15:09,台账中已有本地PDF
AUTO-20260427-075F05064A,华东能源监管局关于扩展华东电力调峰辅助服务市场交易至日内...,2024-12-13_华东区域_国家能源局派出机构_华东能源监管局关于扩展华东电力调峰辅助服务市场交易至日内..._2024-12-13.pdf,https://hdj.nea.gov.cn/dtyw/tzgg/202412/P020241213517426410288.pdf,01_原始资料\官方政策\2024-12-13_华东区域_国家能源局派出机构_华东能源监管局关于扩展华东电力调峰辅助服务市场交易至日内..._2024-12-13.pdf,https://hdj.nea.gov.cn/dtyw/tzgg/202412/P020241213517426410288.pdf,existing_local_pdf,509365,2026-04-30 16:15:09,台账中已有本地PDF
AUTO-20260427-C52ED507A1,国家能源局南方监管局 广东省能源局关于印发《广东电力市场运行规则》的通知,国家能源局南方监管局 广东省能源局关于印发《广东电力市场运行规则》的通知.pdf,https://nfj.nea.gov.cn/xwzx/tzgg/202502/P020250217508306914562.pdf,01_原始资料\PDF附件\AUTO-20260427-C52ED507A1_01_国家能源局南方监管局_广东省能源局关于印发《广东电力市场运行规则》的通知.pdf_BDFA7C53.pdf,https://nfj.nea.gov.cn/xwzx/tzgg/202502/t20250217_276657.html,existing_local_pdf,822009,2026-04-30 16:15:09,台账中已有本地PDF；已匹配网页附件链接
AUTO-20260427-8C78A58B24,关于印发《区域电网输电价格定价办法(试行)》《跨省跨区专项工程输电价格定价办法(试行)》和《关于制定地方电网和增量配电网配电价格的指导意见》的通知(发改价格规﹝2017﹞2269号),1.区域电网输电价格定价办法（试行）,https://www.ndrc.gov.cn/xxgk/zcfb/ghxwj/201801/W020190905495696320552.pdf,01_原始资料\PDF附件\AUTO-20260427-8C78A58B24_01_1.区域电网输电价格定价办法（试行）_643BFB88.pdf,https://www.ndrc.gov.cn/xxgk/zcfb/ghxwj/201801/t20180103_960934.html,existing_local_pdf,223799,2026-04-30 16:15:09,台账中已有本地PDF；已匹配网页附件链接
AUTO-20260427-8C78A58B24,关于印发《区域电网输电价格定价办法(试行)》《跨省跨区专项工程输电价格定价办法(试行)》和《关于制定地方电网和增量配电网配电价格的指导意见》的通知(发改价格规﹝2017﹞2269号),2.跨省跨区专项工程输电价格定价办法（试行）,https://www.ndrc.gov.cn/xxgk/zcfb/ghxwj/201801/W020190905495696580232.pdf,01_原始资料\PDF附件\AUTO-20260427-8C78A58B24_02_2.跨省跨区专项工程输电价格定价办法（试行）_6E6A0C8C.pdf,https://www.ndrc.gov.cn/xxgk/zcfb/ghxwj/201801/t20180103_960934.html,existing_local_pdf,205178,2026-04-30 16:15:09,台账中已有本地PDF；已匹配网页附件链接
AUTO-20260427-8C78A58B24,关于印发《区域电网输电价格定价办法(试行)》《跨省跨区专项工程输电价格定价办法(试行)》和《关于制定地方电网和增量配电网配电价格的指导意见》的通知(发改价格规﹝2017﹞2269号),3.关于制定地方电网和增量配电网配电价格的指导意见,https://www.ndrc.gov.cn/xxgk/zcfb/ghxwj/201801/W020190905495696833741.pdf,01_原始资料\PDF附件\AUTO-20260427-8C78A58B24_03_3.关于制定地方电网和增量配电网配电价格的指导意见_2982A39E.pdf,https://www.ndrc.gov.cn/xxgk/zcfb/ghxwj/201801/t20180103_960934.html,existing_local_pdf,240824,2026-04-30 16:15:09,台账中已有本地PDF；已匹配网页附件链接
AUTO-20260427-51EB30208F,关于印发《跨省跨区专项工程输电价格定价办法》的通知(发改价格规〔2021〕1455号),跨省跨区专项工程输电价格定价办法,https://www.ndrc.gov.cn/xxgk/zcfb/ghxwj/202110/P020211015609046743469.pdf,01_原始资料\PDF附件\AUTO-20260427-51EB30208F_01_跨省跨区专项工程输电价格定价办法_5135E68A.pdf,https://www.ndrc.gov.cn/xxgk/zcfb/ghxwj/202110/t20211015_1299846.html,existing_local_pdf,217855,2026-04-30 16:15:09,台账中已有本地PDF；已匹配网页附件链接
AUTO-20260427-DCD3AEB88C,关于印发《跨省跨区电力应急调度管理办法》的通知(发改运行规〔2025〕1193号),《跨省跨区电力应急调度管理办法》.pdf,https://www.ndrc.gov.cn/xxgk/zcfb/ghxwj/202510/P020251013317516446216.pdf,01_原始资料\PDF附件\AUTO-20260427-DCD3AEB88C_01_《跨省跨区电力应急调度管理办法》.pdf_1096ED9A.pdf,https://www.ndrc.gov.cn/xxgk/zcfb/ghxwj/202510/t20251013_1400912.html,existing_local_pdf,214649,2026-04-30 16:15:09,台账中已有本地PDF；已匹配网页附件链接
AUTO-20260427-49126C771F,印发《关于加快储气设施建设和完善储气调峰辅助服务市场机制的意见》的通知(发改能源规〔2018〕637号),关于加快储气设施建设和完善储气调峰辅助服务市场机制的意见,https://www.ndrc.gov.cn/xxgk/zcfb/ghxwj/201804/W020190905495717799908.pdf,01_原始资料\PDF附件\AUTO-20260427-49126C771F_01_关于加快储气设施建设和完善储气调峰辅助服务市场机制的意见_FF70CB70.pdf,https://www.ndrc.gov.cn/xxgk/zcfb/ghxwj/201804/t20180427_960946.html,existing_local_pdf,350458,2026-04-30 16:15:09,台账中已有本地PDF；已匹配网页附件链接
AUTO-20260427-7BEF23BDDE,印发《关于深化电力现货市场建设试点工作的意见》 的通知(发改办能源规〔2019〕828号),《关于深化电力现货市场建设试点工作的意见》,https://www.ndrc.gov.cn/xxgk/zcfb/ghxwj/201908/W020190905495761711103.pdf,01_原始资料\PDF附件\AUTO-20260427-7BEF23BDDE_01_《关于深化电力现货市场建设试点工作的意见》_82FAAFE5.pdf,https://www.ndrc.gov.cn/xxgk/zcfb/ghxwj/201908/t20190807_960970.html,existing_local_pdf,366730,2026-04-30 16:15:09,台账中已有本地PDF；已匹配网页附件链接
AUTO-20260427-D2550973DB,广东省发展和改革委员会 - 广东省能源局 国家能源局南方监管局关于印发《广东省虚拟电厂参与电力市场交易实施方案》的通知,附件：广东省虚拟电厂参与电力市场交易实施方案.pdf,https://drc.gd.gov.cn/attachment/0/565/565025/4526577.pdf,01_原始资料\PDF附件\AUTO-20260427-D2550973DB_01_附件：广东省虚拟电厂参与电力市场交易实施方案.pdf_AB551087.pdf,https://drc.gd.gov.cn/snyj/tzgg/content/post_4526577.html,existing_local_pdf,185079,2026-04-30 16:15:09,台账中已有本地PDF；已匹配网页附件链接
AUTO-20260427-EC4C5789C9,国家发改委国家能源局关于印发《电力中长期交易基本规则（暂行）》的通知,点击下载相关附件！,https://sdb.nea.gov.cn/History/main/Doc/2017011808261.pdf,01_原始资料\PDF附件\AUTO-20260427-EC4C5789C9_01_点击下载相关附件！_1573ED55.pdf,https://sdb.nea.gov.cn/dtyw/tzgg/202309/t20230919_110316.html,existing_local_pdf,21518953,2026-04-30 16:15:09,台账中已有本地PDF；已匹配网页附件链接
AUTO-20260427-0A3E4D6579,关于印发《山东电力辅助服务市场运营规则（试行）》的通知,点击下载相关附件！,https://sdb.nea.gov.cn/History/main/Doc/20170605144031.pdf,01_原始资料\PDF附件\AUTO-20260427-0A3E4D6579_01_点击下载相关附件！_4AF7443C.pdf,https://sdb.nea.gov.cn/dtyw/tzgg/202309/t20230919_110342.html,existing_local_pdf,10464705,2026-04-30 16:15:09,台账中已有本地PDF；已匹配网页附件链接
AUTO-20260427-AD0E26D414,关于修订电力中长期交易规则的通知,点击下载相关附件！,https://sdb.nea.gov.cn/History/main/Doc/2017830141731.pdf,01_原始资料\PDF附件\AUTO-20260427-AD0E26D414_01_点击下载相关附件！_E1C91E2F.pdf,https://sdb.nea.gov.cn/dtyw/tzgg/202309/t20230919_110349.html,existing_local_pdf,1423182,2026-04-30 16:15:09,台账中已有本地PDF；已匹配网页附件链接
AUTO-20260427-0378DA9BD2,关于修订山东省电力中长期交易规则的通知,点击下载相关附件！,https://sdb.nea.gov.cn/History/main/Doc/2017120812012.pdf,01_原始资料\PDF附件\AUTO-20260427-0378DA9BD2_01_点击下载相关附件！_CE211FAA.pdf,https://sdb.nea.gov.cn/dtyw/tzgg/202309/t20230919_110353.html,existing_local_pdf,9640213,2026-04-30 16:15:09,台账中已有本地PDF；已匹配网页附件链接
AUTO-20260427-5F7D6C5FF5,关于征求《北京电力交易中心省间电力中长期交易实施细则（暂行）》意见的函,关于征求《北京电力交易中心省间电力中长期交易实施细则（暂行）》意见的函,https://sdb.nea.gov.cn/History/main/Doc/201832810957.pdf,01_原始资料\PDF附件\AUTO-20260427-5F7D6C5FF5_01_关于征求《北京电力交易中心省间电力中长期交易实施细则（暂行）》意见的函_E230224E.pdf,https://sdb.nea.gov.cn/dtyw/tzgg/202309/t20230919_110364.html,existing_local_pdf,588963,2026-04-30 16:15:09,台账中已有本地PDF；已匹配网页附件链接
AUTO-20260427-5F7D6C5FF5,关于征求《北京电力交易中心省间电力中长期交易实施细则（暂行）》意见的函,《北京电力交易中心省间电力中长期交易实施细则（暂行）》,https://sdb.nea.gov.cn/History/main/Doc/2018328101039.pdf,01_原始资料\PDF附件\AUTO-20260427-5F7D6C5FF5_02_《北京电力交易中心省间电力中长期交易实施细则（暂行）》_6464574B.pdf,https://sdb.nea.gov.cn/dtyw/tzgg/202309/t20230919_110364.html,existing_local_pdf,1123632,2026-04-30 16:15:09,台账中已有本地PDF；已匹配网页附件链接
AUTO-20260427-0276F5E7CC,关于修订《山东省电力市场监管办法(试行)》的通知,1.《山东省电力市场监管办法(试行)》有关修订条款,https://sdb.nea.gov.cn/History/main/Doc/201942235516.pdf,01_原始资料\PDF附件\AUTO-20260427-0276F5E7CC_01_1.《山东省电力市场监管办法(试行)》有关修订条款_9760803C.pdf,https://sdb.nea.gov.cn/dtyw/tzgg/202309/t20230919_110393.html,existing_local_pdf,171969,2026-04-30 16:15:09,台账中已有本地PDF；已匹配网页附件链接
AUTO-20260427-0276F5E7CC,关于修订《山东省电力市场监管办法(试行)》的通知,2.《山东省电力市场监管办法(试行)》(修订版),https://sdb.nea.gov.cn/History/main/Doc/201942235532.pdf,01_原始资料\PDF附件\AUTO-20260427-0276F5E7CC_02_2.《山东省电力市场监管办法(试行)》(修订版)_9816B3C9.pdf,https://sdb.nea.gov.cn/dtyw/tzgg/202309/t20230919_110393.html,existing_local_pdf,300831,2026-04-30 16:15:09,台账中已有本地PDF；已匹配网页附件链接
AUTO-20260427-9AE540E7CE,关于征求《山东省电力现货市场交易规则》《山东省电力中长期市场交易规则》(征求意见稿)意见的通知,1.山东省电力现货市场交易规则(征求意见稿),https://sdb.nea.gov.cn/History/main/Doc/201961215120.pdf,01_原始资料\PDF附件\AUTO-20260427-9AE540E7CE_01_1.山东省电力现货市场交易规则(征求意见稿)_16E3471A.pdf,https://sdb.nea.gov.cn/dtyw/tzgg/202309/t20230919_110398.html,existing_local_pdf,1788400,2026-04-30 16:15:09,台账中已有本地PDF；已匹配网页附件链接
AUTO-20260427-9AE540E7CE,关于征求《山东省电力现货市场交易规则》《山东省电力中长期市场交易规则》(征求意见稿)意见的通知,2.山东省电力中长期市场交易规则(征求意见稿),https://sdb.nea.gov.cn/History/main/Doc/201961215148.pdf,01_原始资料\PDF附件\AUTO-20260427-9AE540E7CE_02_2.山东省电力中长期市场交易规则(征求意见稿)_38382E1A.pdf,https://sdb.nea.gov.cn/dtyw/tzgg/202309/t20230919_110398.html,existing_local_pdf,1281319,2026-04-30 16:15:09,台账中已有本地PDF；已匹配网页附件链接
AUTO-20260427-9AE540E7CE,关于征求《山东省电力现货市场交易规则》《山东省电力中长期市场交易规则》(征求意见稿)意见的通知,3.两个规则编制说明,https://sdb.nea.gov.cn/History/main/Doc/20196121527.pdf,01_原始资料\PDF附件\AUTO-20260427-9AE540E7CE_03_3.两个规则编制说明_EA015669.pdf,https://sdb.nea.gov.cn/dtyw/tzgg/202309/t20230919_110398.html,existing_local_pdf,314327,2026-04-30 16:15:09,台账中已有本地PDF；已匹配网页附件链接
AUTO-20260427-5D282BE538,关于对山东广能节能科技有限公司违反电力市场交易规则情况的通报,点击下载相关附件！,https://sdb.nea.gov.cn/History/main/Doc/2019122510256.pdf,01_原始资料\PDF附件\AUTO-20260427-5D282BE538_01_点击下载相关附件！_C5D7090A.pdf,https://sdb.nea.gov.cn/dtyw/tzgg/202309/t20230919_110411.html,existing_local_pdf,953927,2026-04-30 16:15:09,台账中已有本地PDF；已匹配网页附件链接
AUTO-20260427-D18D54C2E0,华中能源监管局关于印发《新型市场主体参与华中电力调峰辅助服务市场规则（试行）》的通知,附件：新型市场主体参与华中电力调峰辅助服务市场规则（试行）.pdf,http://hzj.nea.gov.cn/UploadFiles/2021/53771639012754284_2a0e79ff-ec6f-4640-b477-af38d788e692.pdf,01_原始资料\PDF附件\AUTO-20260427-D18D54C2E0_01_附件：新型市场主体参与华中电力调峰辅助服务市场规则（试行）.pdf_EC4948AD.pdf,https://hzj.nea.gov.cn/dtyw/tzgg/202310/t20231021_165565.html,existing_local_pdf,200628,2026-04-30 16:15:09,台账中已有本地PDF；已匹配网页附件链接
AUTO-20260427-F61B124506,华中能源监管局 四川能源监管办关于印发《川渝一体化电力调峰辅助服务市场运营规则（试行）》的通知,附件：川渝一体化电力调峰辅助服务市场运营规则（试行）.pdf,http://hzj.nea.gov.cn/UploadFiles/2021/55151638947867597_82d5a460-fe4f-456a-8be0-148958b24d7d.pdf,01_原始资料\PDF附件\AUTO-20260427-F61B124506_01_附件：川渝一体化电力调峰辅助服务市场运营规则（试行）.pdf_AECC2212.pdf,https://hzj.nea.gov.cn/dtyw/tzgg/202310/t20231021_165566.html,existing_local_pdf,250155,2026-04-30 16:15:09,台账中已有本地PDF；已匹配网页附件链接
AUTO-20260427-ACF967E65E,华中能源监管局关于印发《华中区域电力市场信息披露办法》的通知,附件：华中区域电力市场信息披露办法.pdf,http://hzj.nea.gov.cn/UploadFiles/2022/17001648873613238_348792c5-94c1-457f-8560-48de72e091e4.pdf,01_原始资料\PDF附件\AUTO-20260427-ACF967E65E_01_附件：华中区域电力市场信息披露办法.pdf_E25D4306.pdf,https://hzj.nea.gov.cn/dtyw/tzgg/202310/t20231021_165573.html,existing_local_pdf,465665,2026-04-30 16:15:09,台账中已有本地PDF；已匹配网页附件链接
AUTO-20260427-46701D6E76,国家能源局华中监管局 湖北省能源局 关于印发《湖北省电力中长期交易实施 细则》的通知,湖北省电力中长期交易实施细则.pdf,http://hzj.nea.gov.cn/UploadFiles/2022/90271660870843689_dd4fdbee-e432-4e43-be8d-1f8b6a2f1910.pdf,01_原始资料\PDF附件\AUTO-20260427-46701D6E76_01_湖北省电力中长期交易实施细则.pdf_D6169C86.pdf,https://hzj.nea.gov.cn/dtyw/tzgg/202310/t20231021_165594.html,existing_local_pdf,304785,2026-04-30 16:15:09,台账中已有本地PDF；已匹配网页附件链接
AUTO-20260427-D747CE2B16,关于印发《西藏电力辅助服务管理实施细则》《西藏电力并网运行管理实施细则》的通知,附件：《西藏电力辅助服务管理实施细则》《西藏电力并网运行管理实施细则》.pdf,http://hzj.nea.gov.cn/UploadFiles/2022/72591672363339819_83f1c7d9-19ce-4b60-b78f-a12e22c2d7fc.pdf,01_原始资料\PDF附件\AUTO-20260427-D747CE2B16_01_附件：《西藏电力辅助服务管理实施细则》《西藏电力并网运行管理实施细则》.pdf_0D162EFC.pdf,https://hzj.nea.gov.cn/dtyw/tzgg/202310/t20231021_165605.html,existing_local_pdf,9471886,2026-04-30 16:15:09,台账中已有本地PDF；已匹配网页附件链接
AUTO-20260427-EE7FE966EB,关于印发《广东、广西、海南发电机组进入及退出商业运营实施细则》的通知,2.关于印发《广东、广西、海南发电机组进入及退出商业运营实施细则》的通知.pdf,https://nfj.nea.gov.cn/nfjdoc/6fb9cb96-ca42-4d4a-a1e8-cb4ad43e4764.pdf,01_原始资料\PDF附件\AUTO-20260427-EE7FE966EB_01_2.关于印发《广东、广西、海南发电机组进入及退出商业运营实施细则》的通知.pdf_D027E586.pdf,https://nfj.nea.gov.cn/xwzx/tzgg/202402/t20240208_245932.html,existing_local_pdf,340521,2026-04-30 16:15:09,台账中已有本地PDF；已匹配网页附件链接
AUTO-20260427-6122A07CB6,国家能源局西北监管局关于公开征求《西北区域跨省电力中长期交易实施细则（征求意见稿）》意见建议的通知,国家能源局西北监管局关于公开征求《西北区域跨省电力中长期交易实施细则（征求意见稿）》意见建议的通知.pdf,https://xbj.nea.gov.cn/dtyw/tzgg/202403/P020240328639494010701.pdf,01_原始资料\PDF附件\AUTO-20260427-6122A07CB6_01_国家能源局西北监管局关于公开征求《西北区域跨省电力中长期交易实施细则（征求意见稿）》意见建议的通知.pdf_2581989F.pdf,https://xbj.nea.gov.cn/dtyw/tzgg/202403/t20240328_259809.html,existing_local_pdf,754669,2026-04-30 16:15:09,台账中已有本地PDF；已匹配网页附件链接
AUTO-20260427-3AAD7C60CC,长三角省市间富余新能源消纳互济交易规则（试行）,2024-12-13_华东区域_国家能源局派出机构_长三角省市间富余新能源消纳互济交易规则（试行）_2024-12-13.pdf,https://hdj.nea.gov.cn/dtyw/tzgg/202412/P020241213517196349987.pdf,01_原始资料\官方政策\2024-12-13_华东区域_国家能源局派出机构_长三角省市间富余新能源消纳互济交易规则（试行）_2024-12-13.pdf,https://hdj.nea.gov.cn/dtyw/tzgg/202412/P020241213517196349987.pdf,existing_local_pdf,177891,2026-04-30 16:15:09,台账中已有本地PDF
AUTO-20260427-2C2D80BAFA,关于做好2021年电力中长期合同签订工作的通知(发改运行〔2020〕1784号),各省级电网典型电力负荷曲线,https://www.ndrc.gov.cn/xxgk/zcfb/tz/202012/P020201202546041174254.pdf,01_原始资料\PDF附件\AUTO-20260427-2C2D80BAFA_01_各省级电网典型电力负荷曲线_2802AB6A.pdf,https://www.ndrc.gov.cn/xxgk/zcfb/tz/202012/t20201202_1252094.html,existing_local_pdf,2740072,2026-04-30 16:15:09,台账中已有本地PDF；已匹配网页附件链接
AUTO-20260427-C2621C7DE7,关于印发《“十四五”新型储能发展实施方案》的通知(发改能源〔2022〕209号),《“十四五”新型储能发展实施方案》,https://www.ndrc.gov.cn/xxgk/zcfb/tz/202203/P020220321543703119995.pdf,01_原始资料\PDF附件\AUTO-20260427-C2621C7DE7_01_《“十四五”新型储能发展实施方案》_C07230B1.pdf,https://www.ndrc.gov.cn/xxgk/zcfb/tz/202203/t20220321_1319772.html,existing_local_pdf,479750,2026-04-30 16:15:09,台账中已有本地PDF；已匹配网页附件链接
AUTO-20260427-69BAE4E34E,关于建立煤电容量电价机制的通知(发改价格〔2023〕1501号),省级电网煤电容量电价表.pdf,https://www.ndrc.gov.cn/xxgk/zcfb/tz/202311/P020231110516150430728.pdf,01_原始资料\PDF附件\AUTO-20260427-69BAE4E34E_01_省级电网煤电容量电价表.pdf_120758FE.pdf,https://www.ndrc.gov.cn/xxgk/zcfb/tz/202311/t20231110_1361897.html,existing_local_pdf,105798,2026-04-30 16:15:09,台账中已有本地PDF；已匹配网页附件链接
AUTO-20260427-BCED5F5381,关于抽水蓄能电站容量电价及有关事项的通知(发改价格〔2023〕533号),抽水蓄能电站容量电价表.pdf,https://www.ndrc.gov.cn/xxgk/zcfb/tz/202305/P020230515603052952327.pdf,01_原始资料\PDF附件\AUTO-20260427-BCED5F5381_01_抽水蓄能电站容量电价表.pdf_DC1B3FDA.pdf,https://www.ndrc.gov.cn/xxgk/zcfb/tz/202305/t20230515_1355744.html,existing_local_pdf,141036,2026-04-30 16:15:09,台账中已有本地PDF；已匹配网页附件链接
AUTO-20260427-B85C17304B,关于印发《四川电力辅助服务市场交易实施细则》的通知,2025-12-22_四川_国家能源局四川监管办公室_关于印发《四川电力辅助服务市场交易实施细则》的通知_2025-12-22.pdf,https://scb.nea.gov.cn/dtyw/tzgg/202512/P020251222570561450248.pdf,01_原始资料\官方政策\2025-12-22_四川_国家能源局四川监管办公室_关于印发《四川电力辅助服务市场交易实施细则》的通知_2025-12-22.pdf,https://scb.nea.gov.cn/dtyw/tzgg/202512/P020251222570561450248.pdf,existing_local_pdf,16091367,2026-04-30 16:15:09,台账中已有本地PDF
AUTO-20260427-C78A139FE6,关于印发《部分条款修订稿》的通知,《新疆电力中长期交易实施细则》部分条款修订稿.pdf,https://xjb.nea.gov.cn/dtyw/tzgg/202507/P020250711373710945953.pdf,01_原始资料\PDF附件\AUTO-20260427-C78A139FE6_01_《新疆电力中长期交易实施细则》部分条款修订稿.pdf_300CEB64.pdf,https://xjb.nea.gov.cn/dtyw/tzgg/202507/t20250711_284174.html,existing_local_pdf,239398,2026-04-30 16:15:09,台账中已有本地PDF；已匹配网页附件链接
AUTO-20260427-F447945296,关于印发《新疆电力辅助服务市场实施细则》的通知,《新疆电力辅助服务市场实施细则》.pdf,https://xjb.nea.gov.cn/dtyw/tzgg/202507/P020250711373969759217.pdf,01_原始资料\PDF附件\AUTO-20260427-F447945296_01_《新疆电力辅助服务市场实施细则》.pdf_4F2B54EA.pdf,https://xjb.nea.gov.cn/dtyw/tzgg/202507/t20250711_284173.html,existing_local_pdf,325724,2026-04-30 16:15:09,台账中已有本地PDF；已匹配网页附件链接
AUTO-20260427-AB6A507796,关于印发《四川2026年电力市场交易总体方案》及《四川电力市场规则体系V4.0》的通知,四川2026年电力市场总体交易方案,https://fgw.sc.gov.cn/sfgw/tzgg/2025/12/8/bc04db0a82d24e1cbae09083d59b25b4/files/附件1四川2026年电力市场总体交易方案.pdf,01_原始资料\PDF附件\AUTO-20260427-AB6A507796_01_四川2026年电力市场总体交易方案_DD5078D1.pdf,https://fgw.sc.gov.cn/sfgw/tzgg/2025/12/8/bc04db0a82d24e1cbae09083d59b25b4.shtml,existing_local_pdf,298195,2026-04-30 16:15:09,台账中已有本地PDF；已匹配网页附件链接
AUTO-20260427-AB6A507796,关于印发《四川2026年电力市场交易总体方案》及《四川电力市场规则体系V4.0》的通知,四川电力市场规则体系V4.0,https://fgw.sc.gov.cn/sfgw/tzgg/2025/12/8/bc04db0a82d24e1cbae09083d59b25b4/files/附件2.四川电力市场规则体系V4.0.pdf,01_原始资料\PDF附件\AUTO-20260427-AB6A507796_02_四川电力市场规则体系V4.0_612025EB.pdf,https://fgw.sc.gov.cn/sfgw/tzgg/2025/12/8/bc04db0a82d24e1cbae09083d59b25b4.shtml,existing_local_pdf,2226098,2026-04-30 16:15:09,台账中已有本地PDF；已匹配网页附件链接
AUTO-20260427-B587DC0124,关于印发《四川电力市场结算细则V1.0）》的通知,四川电力市场结算细则V1.0,https://fgw.sc.gov.cn/sfgw/tzgg/2026/1/6/596d7ac4fc8d4599aa4d0837cb77c8b3/files/四川电力市场结算细则V1.0.pdf,01_原始资料\PDF附件\AUTO-20260427-B587DC0124_01_四川电力市场结算细则V1.0_098F1810.pdf,https://fgw.sc.gov.cn/sfgw/tzgg/2026/1/6/596d7ac4fc8d4599aa4d0837cb77c8b3.shtml,existing_local_pdf,798393,2026-04-30 16:15:09,台账中已有本地PDF；已匹配网页附件链接
AUTO-20260427-E1D1006CB7,关于印发《江苏省电力中长期市场实施细则（2026版）》的通知,江苏省电力中长期市场实施细则（2026版）.pdf,https://jsb.nea.gov.cn/dtyw/tz/202603/P020260306620943462050.pdf,01_原始资料\PDF附件\AUTO-20260427-E1D1006CB7_01_江苏省电力中长期市场实施细则（2026版）.pdf_9003C71D.pdf,https://jsb.nea.gov.cn/dtyw/tz/202603/t20260306_297521.html,existing_local_pdf,596270,2026-04-30 16:15:09,台账中已有本地PDF；已匹配网页附件链接
AUTO-20260427-D816ADFC99,关于印发《新疆电力中长期市场实施细则》 的通知,关于印发《新疆电力中长期市场实施细则》的通知.pdf,https://xjb.nea.gov.cn/dtyw/tzgg/202603/P020260330673623510749.pdf,01_原始资料\PDF附件\AUTO-20260427-D816ADFC99_01_关于印发《新疆电力中长期市场实施细则》的通知.pdf_12861473.pdf,https://xjb.nea.gov.cn/dtyw/tzgg/202603/t20260330_298799.html,existing_local_pdf,44608108,2026-04-30 16:15:09,台账中已有本地PDF；已匹配网页附件链接
AUTO-20260427-2C2684AFB7,关于印发《江苏电力辅助服务（调频）市场交易规则（试行）》的通知,江苏电力辅助服务（调频）市场交易规则（试行）.pdf,https://jsb.nea.gov.cn/eWebEditor/webpic/202073154154108.pdf,01_原始资料\PDF附件\AUTO-20260427-2C2684AFB7_01_江苏电力辅助服务（调频）市场交易规则（试行）.pdf_BFA38857.pdf,https://jsb.nea.gov.cn/dtyw/tz/202309/t20230910_32184.html,existing_local_pdf,325667,2026-04-30 16:15:09,台账中已有本地PDF；已匹配网页附件链接
AUTO-20260427-A83640585B,关于印发《江苏电力市场用户可调负荷参与辅助服务市场交易规则（试行）》的通知,江苏电力市场用户可调负荷参与辅助服务市场交易规则（试行）.pdf,https://jsb.nea.gov.cn/eWebEditor/webpic/2020111010736764.pdf,01_原始资料\PDF附件\AUTO-20260427-A83640585B_01_江苏电力市场用户可调负荷参与辅助服务市场交易规则（试行）.pdf_631841F7.pdf,https://jsb.nea.gov.cn/dtyw/tz/202309/t20230910_32189.html,existing_local_pdf,399596,2026-04-30 16:15:09,台账中已有本地PDF；已匹配网页附件链接
AUTO-20260427-56F605665F,关于印发《江苏省电力中长期交易规则（2023版）》的通知,江苏省电力中长期交易规则（2023版）.pdf,https://jsb.nea.gov.cn/dtyw/tz/202312/P020231220500527081633.pdf,01_原始资料\PDF附件\AUTO-20260427-56F605665F_01_江苏省电力中长期交易规则（2023版）.pdf_7345ACE2.pdf,https://jsb.nea.gov.cn/dtyw/tz/202312/t20231220_221500.html,existing_local_pdf,310518,2026-04-30 16:15:09,台账中已有本地PDF；已匹配网页附件链接
AUTO-20260427-3B4DEB2D95,浙江能源监管办 省发展改革委 省能源局关于印发《浙江电力现货市场规则》的通知,2024-04-08_浙江_国家能源局浙江监管办公室_浙江能源监管办_省发展改革委_省能源局关于印发《浙江电力现货市场规则》的通知_2024-04-08.pdf,https://zjb.nea.gov.cn/dtyw/tzgg/202404/P020240408500060021928.pdf,01_原始资料\官方政策\2024-04-08_浙江_国家能源局浙江监管办公室_浙江能源监管办_省发展改革委_省能源局关于印发《浙江电力现货市场规则》的通知_2024-04-08.pdf,https://zjb.nea.gov.cn/dtyw/tzgg/202404/P020240408500060021928.pdf,existing_local_pdf,1942043,2026-04-30 16:15:09,台账中已有本地PDF
AUTO-20260427-D808C3C69B,浙江能源监管办关于征求《关于做好浙江省长三角“两个细则”结算试运行有关事项的通知（征求意见稿）》意见的函,浙江能源监管办关于征求《关于做好浙江省长三角“两个细则”结算试运行有关事项的通知（征求意见稿）》意见的函.PDF,https://zjb.nea.gov.cn/dtyw/tzgg/202506/P020250630620149809067.pdf,01_原始资料\PDF附件\AUTO-20260427-D808C3C69B_01_浙江能源监管办关于征求《关于做好浙江省长三角“两个细则”结算试运行有关事项的通知（征求意见稿）》意见的函.PDF_D230C753.pdf,https://zjb.nea.gov.cn/dtyw/tzgg/202506/t20250630_283559.html,existing_local_pdf,1579730,2026-04-30 16:15:09,台账中已有本地PDF；已匹配网页附件链接
AUTO-20260427-D808C3C69B,浙江能源监管办关于征求《关于做好浙江省长三角“两个细则”结算试运行有关事项的通知（征求意见稿）》意见的函,华东能源监管局关于印发《长三角电力辅助服务管理实施细则（结算试运行稿）》和《长三角电力并网运行管理实施细则（结算试运行稿）》.pdf,https://zjb.nea.gov.cn/dtyw/tzgg/202506/P020250630620150337787.pdf,01_原始资料\PDF附件\AUTO-20260427-D808C3C69B_02_华东能源监管局关于印发《长三角电力辅助服务管理实施细则（结算试运行稿）》和《长三角电力并网运行管理实施细则（结算试运行稿）》.pdf_B69ECFE6.pdf,https://zjb.nea.gov.cn/dtyw/tzgg/202506/t20250630_283559.html,existing_local_pdf,1689324,2026-04-30 16:15:09,台账中已有本地PDF；已匹配网页附件链接
AUTO-20260427-D808C3C69B,浙江能源监管办关于征求《关于做好浙江省长三角“两个细则”结算试运行有关事项的通知（征求意见稿）》意见的函,省发展改革委关于调整工商业峰谷分时电价政策有关事项的通知（浙发改价格〔2024〕21号）.pdf,https://zjb.nea.gov.cn/dtyw/tzgg/202506/P020250630620150830702.pdf,01_原始资料\PDF附件\AUTO-20260427-D808C3C69B_03_省发展改革委关于调整工商业峰谷分时电价政策有关事项的通知（浙发改价格〔2024〕21号）.pdf_AAD029CB.pdf,https://zjb.nea.gov.cn/dtyw/tzgg/202506/t20250630_283559.html,existing_local_pdf,196807,2026-04-30 16:15:09,台账中已有本地PDF；已匹配网页附件链接
AUTO-20260427-0B5231DDC9,关于公开征求《四川电力辅助服务市场交易实施细则（征求意见稿）》意见的通知,2025-08-20_四川_国家能源局四川监管办公室_关于公开征求《四川电力辅助服务市场交易实施细则（征求意见稿）》意见的通知_2025-08-20.pdf,https://scb.nea.gov.cn/dtyw/tzgg/202508/P020250820624702758188.pdf,01_原始资料\官方政策\2025-08-20_四川_国家能源局四川监管办公室_关于公开征求《四川电力辅助服务市场交易实施细则（征求意见稿）》意见的通知_2025-08-20.pdf,https://scb.nea.gov.cn/dtyw/tzgg/202508/P020250820624702758188.pdf,existing_local_pdf,15995028,2026-04-30 16:15:09,台账中已有本地PDF
AUTO-20260427-04351EFDD0,关于印发2026年浙江省电力中长期交易合同示范文本的通知,关于印发2026年浙江省电力中长期交易合同示范文本的通知.PDF,https://zjb.nea.gov.cn/dtyw/tzgg/202512/P020251212582512870420.pdf,01_原始资料\PDF附件\AUTO-20260427-04351EFDD0_01_关于印发2026年浙江省电力中长期交易合同示范文本的通知.PDF_49C71E83.pdf,https://zjb.nea.gov.cn/dtyw/tzgg/202512/t20251212_292246.html,existing_local_pdf,616488,2026-04-30 16:15:09,台账中已有本地PDF；已匹配网页附件链接
AUTO-20260427-04351EFDD0,关于印发2026年浙江省电力中长期交易合同示范文本的通知,附件1 浙江省电力中长期交易及输配电服务合同（示范文本，2026年版）.pdf,https://zjb.nea.gov.cn/dtyw/tzgg/202512/P020251212582513577309.pdf,01_原始资料\PDF附件\AUTO-20260427-04351EFDD0_02_附件1_浙江省电力中长期交易及输配电服务合同（示范文本，2026年版）.pdf_D9D06392.pdf,https://zjb.nea.gov.cn/dtyw/tzgg/202512/t20251212_292246.html,existing_local_pdf,377077,2026-04-30 16:15:09,台账中已有本地PDF；已匹配网页附件链接
AUTO-20260427-04351EFDD0,关于印发2026年浙江省电力中长期交易合同示范文本的通知,附件2 浙江省绿色电力交易及输配电服务合同（示范文本，2026年版）.pdf,https://zjb.nea.gov.cn/dtyw/tzgg/202512/P020251212582513718769.pdf,01_原始资料\PDF附件\AUTO-20260427-04351EFDD0_03_附件2_浙江省绿色电力交易及输配电服务合同（示范文本，2026年版）.pdf_1801D548.pdf,https://zjb.nea.gov.cn/dtyw/tzgg/202512/t20251212_292246.html,existing_local_pdf,420405,2026-04-30 16:15:09,台账中已有本地PDF；已匹配网页附件链接
AUTO-20260427-E623436BEE,浙江能源监管办关于贯彻落实《电力市场信息披露基本规则》有关事项的通知,浙江能源监管办关于贯彻落实《电力市场信息披露基本规则》有关事项的通知（浙监能市场〔2025〕13号）.PDF,https://zjb.nea.gov.cn/dtyw/tzgg/202512/P020251220333999314238.pdf,01_原始资料\PDF附件\AUTO-20260427-E623436BEE_01_浙江能源监管办关于贯彻落实《电力市场信息披露基本规则》有关事项的通知（浙监能市场〔2025〕13号）.PDF_59103F8D.pdf,https://zjb.nea.gov.cn/dtyw/tzgg/202512/t20251220_292821.html,existing_local_pdf,2666311,2026-04-30 16:15:09,台账中已有本地PDF；已匹配网页附件链接
AUTO-20260427-3CBC11905B,关于印发《电力市场规则体系（V16.0）》的通知,《电力市场规则体系（V16.0）》.pdf,http://nyj.shanxi.gov.cn/zfxxgk/fdzdgknr/sjwj/202601/P020260126580126975301.pdf,01_原始资料\PDF附件\AUTO-20260427-3CBC11905B_01_《电力市场规则体系（V16.0）》.pdf_6689E9AD.pdf,http://nyj.shanxi.gov.cn/zfxxgk/fdzdgknr/sjwj/202601/t20260126_10048484.shtml,existing_local_pdf,10317219,2026-04-30 16:15:09,台账中已有本地PDF；已匹配网页附件链接
AUTO-20260427-1188644239,关于印发《江苏电力并网运行管理实施细则》《江苏电力辅助服务管理实施细则》的通知,《江苏电力并网运行管理实施细则》《江苏电力辅助服务管理实施细则》.pdf,https://jsb.nea.gov.cn/dtyw/tz/202512/P020251231517135711511.pdf,01_原始资料\PDF附件\AUTO-20260427-1188644239_01_《江苏电力并网运行管理实施细则》《江苏电力辅助服务管理实施细则》.pdf_4178D9F2.pdf,https://jsb.nea.gov.cn/dtyw/tz/202512/t20251231_293387.html,existing_local_pdf,597400,2026-04-30 16:15:09,台账中已有本地PDF；已匹配网页附件链接
AUTO-20260427-9F3288D69E,关于印发《江苏省电力中长期交易规则》的通知,江苏省电力中长期交易规则.pdf,https://jsb.nea.gov.cn/eWebEditor/webpic/202123164112368.pdf,01_原始资料\PDF附件\AUTO-20260427-9F3288D69E_01_江苏省电力中长期交易规则.pdf_F14F8959.pdf,https://jsb.nea.gov.cn/dtyw/tz/202309/t20230910_32194.html,existing_local_pdf,384197,2026-04-30 16:15:09,台账中已有本地PDF；已匹配网页附件链接
AUTO-20260427-DD7C4546BF,关于征求《华东区域跨省电力中长期交易规则（修订稿）》意见的函,浙江能源监管办关于征求《华东区域跨省电力中长期交易规则（修订稿）》意见的函（浙监能便函〔2022〕116号）.pdf,https://zjb.nea.gov.cn/u/cms/www/202205/27111436tmzd.pdf,01_原始资料\PDF附件\AUTO-20260427-DD7C4546BF_01_浙江能源监管办关于征求《华东区域跨省电力中长期交易规则（修订稿）》意见的函（浙监能便函〔2022〕116号）.pdf_3BDE5154.pdf,https://zjb.nea.gov.cn/dtyw/tzgg/202309/t20230914_75882.html,existing_local_pdf,861960,2026-04-30 16:15:09,台账中已有本地PDF；已匹配网页附件链接
AUTO-20260427-FB654119A3,关于印发《新疆电力中长期市场实施细则》的通知,关于印发《新疆电力中长期市场实施细则》的通知.pdf,https://xjb.nea.gov.cn/UploadFiles/230104110905137.pdf,01_原始资料\PDF附件\AUTO-20260427-FB654119A3_01_关于印发《新疆电力中长期市场实施细则》的通知.pdf_510ADD92.pdf,https://xjb.nea.gov.cn/dtyw/tzgg/202309/t20230923_116566.html,existing_local_pdf,357130,2026-04-30 16:15:09,台账中已有本地PDF；已匹配网页附件链接
AUTO-20260427-A5A96B278D,关于印发电力市场规则体系（V14.0）的通知,电力市场规则体系（V14.0）.pdf,http://nyj.shanxi.gov.cn/zfxxgk/fdzdgknr/sjwj/202403/P020240311423237367586.pdf,01_原始资料\PDF附件\AUTO-20260427-A5A96B278D_01_电力市场规则体系（V14.0）.pdf_BC18F9AE.pdf,http://nyj.shanxi.gov.cn/zfxxgk/fdzdgknr/sjwj/202403/t20240311_9517331.shtml,existing_local_pdf,2819676,2026-04-30 16:15:09,台账中已有本地PDF；已匹配网页附件链接
AUTO-20260427-98DA675CE3,关于印发电力市场规则体系（V14.0）的通知,电力市场规则体系（V14.0）.pdf,http://nyj.shanxi.gov.cn/zfxxgk/fdzdgknr/gfxwj/sx_82094/202403/P020240311423237367586.pdf,01_原始资料\PDF附件\AUTO-20260427-98DA675CE3_01_电力市场规则体系（V14.0）.pdf_023EEEC9.pdf,http://nyj.shanxi.gov.cn/zfxxgk/fdzdgknr/gfxwj/sx_82094/202403/t20240311_9517329.shtml,existing_local_pdf,2819676,2026-04-30 16:15:09,台账中已有本地PDF；已匹配网页附件链接
AUTO-20260427-5C3FEF8C0F,关于印发《电力市场规则体系（V15.0）》的通知,《电力市场规则体系（V15.0）》.pdf,http://nyj.shanxi.gov.cn/zfxxgk/fdzdgknr/gfxwj/xxyx_82093/202504/P020250410380124763250.pdf,01_原始资料\PDF附件\AUTO-20260427-5C3FEF8C0F_01_《电力市场规则体系（V15.0）》.pdf_F184AC00.pdf,http://nyj.shanxi.gov.cn/zfxxgk/fdzdgknr/gfxwj/xxyx_82093/202504/t20250410_9806695.shtml,existing_local_pdf,7000439,2026-04-30 16:15:09,台账中已有本地PDF；已匹配网页附件链接
AUTO-20260427-DB74AC69C2,浙江能源监管办关于开展2025年电力市场秩序突出问题专项监管的通知,2025-04-29_浙江_国家能源局浙江监管办公室_浙江能源监管办关于开展2025年电力市场秩序突出问题专项监管的通知_2025-04-29.pdf,https://zjb.nea.gov.cn/dtyw/tzgg/202504/P020250429365464036214.pdf,01_原始资料\官方政策\2025-04-29_浙江_国家能源局浙江监管办公室_浙江能源监管办关于开展2025年电力市场秩序突出问题专项监管的通知_2025-04-29.pdf,https://zjb.nea.gov.cn/dtyw/tzgg/202504/P020250429365464036214.pdf,existing_local_pdf,1907078,2026-04-30 16:15:09,台账中已有本地PDF
AUTO-20260427-B7B2A6455E,关于开展四川省2025年电力市场秩序突出问题专项监管的通知,2025-05-08_四川_国家能源局四川监管办公室_关于开展四川省2025年电力市场秩序突出问题专项监管的通知_2025-05-08.pdf,https://scb.nea.gov.cn/dtyw/tzgg/202505/P020250508581014736937.pdf,01_原始资料\官方政策\2025-05-08_四川_国家能源局四川监管办公室_关于开展四川省2025年电力市场秩序突出问题专项监管的通知_2025-05-08.pdf,https://scb.nea.gov.cn/dtyw/tzgg/202505/P020250508581014736937.pdf,existing_local_pdf,2987031,2026-04-30 16:15:09,台账中已有本地PDF
AUTO-20260427-7369F01D27,浙江省发展和改革委员会 浙江省能源局 国家能源局浙江监管办公室关于浙江电力现货市场转正式...,2025-08-26_浙江_国家能源局浙江监管办公室_浙江省发展和改革委员会_浙江省能源局_国家能源局浙江监管办公室关于浙江电力现货市场转正式..._2025-08-26.pdf,https://zjb.nea.gov.cn/dtyw/tzgg/202508/P020250826509906214935.pdf,01_原始资料\官方政策\2025-08-26_浙江_国家能源局浙江监管办公室_浙江省发展和改革委员会_浙江省能源局_国家能源局浙江监管办公室关于浙江电力现货市场转正式..._2025-08-26.pdf,https://zjb.nea.gov.cn/dtyw/tzgg/202508/P020250826509906214935.pdf,existing_local_pdf,861023,2026-04-30 16:15:09,台账中已有本地PDF
AUTO-20260427-6344CB4B08,关于公开征求《四川电力市场结算细则（征求意见稿）》意见的通知,四川电力市场结算细则（征求意见稿）,https://fgw.sc.gov.cn/sfgw/tzgg/2025/9/4/b8bb9121ac124681b4749a34196a48e9/files/四川电力市场结算细则（征求意见稿）.pdf,01_原始资料\PDF附件\AUTO-20260427-6344CB4B08_01_四川电力市场结算细则（征求意见稿）_F9FE1283.pdf,https://fgw.sc.gov.cn/sfgw/tzgg/2025/9/4/b8bb9121ac124681b4749a34196a48e9.shtml,existing_local_pdf,681641,2026-04-30 16:15:09,台账中已有本地PDF；已匹配网页附件链接
AUTO-20260427-FDD3BF6D20,关于再次公开征求《四川电力市场结算细则（征求意见稿）》的通知,四川电力市场结算细则（征求意见稿）,https://fgw.sc.gov.cn/sfgw/tzgg/2025/11/11/d0515cfc1c7e481593bc876f82fc0aef/files/四川电力市场结算细则（征求意见稿）.pdf,01_原始资料\PDF附件\AUTO-20260427-FDD3BF6D20_01_四川电力市场结算细则（征求意见稿）_61A83D36.pdf,https://fgw.sc.gov.cn/sfgw/tzgg/2025/11/11/d0515cfc1c7e481593bc876f82fc0aef.shtml,existing_local_pdf,822889,2026-04-30 16:15:09,台账中已有本地PDF；已匹配网页附件链接
AUTO-20260427-F694D4BAAB,关于征求2026年浙江省电力中长期交易合同示范文本意见的函,关于征求2026年浙江省电力中长期交易合同示范文本意见的函.PDF,https://zjb.nea.gov.cn/dtyw/tzgg/202512/P020251201535950532125.pdf,01_原始资料\PDF附件\AUTO-20260427-F694D4BAAB_01_关于征求2026年浙江省电力中长期交易合同示范文本意见的函.PDF_1AC592CC.pdf,https://zjb.nea.gov.cn/dtyw/tzgg/202512/t20251201_291500.html,existing_local_pdf,634535,2026-04-30 16:15:09,台账中已有本地PDF；已匹配网页附件链接
AUTO-20260427-87C8FAFF1E,国家能源局福建监管办公室 福建省发展和改革委员会关于印发《福建电力市场规则体系管理办法（试行）》的通知,国家能源局福建监管办公室 福建省发展和改革委员会关于印发《福建电力市场规则体系管理办法（试行）》的通知,https://fjb.nea.gov.cn/dtyw/tzgg/202512/P020251205621401556061.pdf,01_原始资料\PDF附件\AUTO-20260427-87C8FAFF1E_01_国家能源局福建监管办公室_福建省发展和改革委员会关于印发《福建电力市场规则体系管理办法（试行）》的通知_B3B60A12.pdf,https://fjb.nea.gov.cn/dtyw/tzgg/202512/t20251205_291799.html,existing_local_pdf,2489107,2026-04-30 16:15:09,台账中已有本地PDF；已匹配网页附件链接
AUTO-20260427-175A83DAA9,关于将山西尚太（四期）、阳曲县绿电园区2个项目纳入省级绿电直连项目清单的通知,山西省2026年第一批绿电直连项目清单,http://nyj.shanxi.gov.cn/zfxxgk/fdzdgknr/sjwj/202603/P020260305348119028182.pdf,01_原始资料\PDF附件\AUTO-20260427-175A83DAA9_01_山西省2026年第一批绿电直连项目清单_AE0D5734.pdf,http://nyj.shanxi.gov.cn/zfxxgk/fdzdgknr/sjwj/202603/t20260305_10073168.shtml,existing_local_pdf,217826,2026-04-30 16:15:09,台账中已有本地PDF；已匹配网页附件链接
AUTO-20260427-3D2FA4A769,关于印发《四川省电力辅助服务管理实施细则》和《四川省电力并网运行管理实施细则...,2026-04-13_四川_国家能源局四川监管办公室_关于印发《四川省电力辅助服务管理实施细则》和《四川省电力并网运行管理实施细则..._2026-04-13.pdf,https://scb.nea.gov.cn/dtyw/tzgg/202604/P020260413395067315497.pdf,01_原始资料\官方政策\2026-04-13_四川_国家能源局四川监管办公室_关于印发《四川省电力辅助服务管理实施细则》和《四川省电力并网运行管理实施细则..._2026-04-13.pdf,https://scb.nea.gov.cn/dtyw/tzgg/202604/P020260413395067315497.pdf,existing_local_pdf,37576000,2026-04-30 16:15:09,台账中已有本地PDF
