资料编号,文件标题,质量状态,状态原因,是否可引用,缺失字段,人工复核状态,更新时间
AUTO-20260424-2ABE953CDD,国家能源局关于印发《电力市场注册基本规则》的通知,机器抽取,由规则词典抽取，尚未人工校验,否,,待人工复核,2026-05-05 01:24:21
AUTO-20260424-FD9AA2BEA1,国家发展改革委 国家能源局关于加快建设全国统一电力市场体系的指导意见,机器抽取,由规则词典抽取，尚未人工校验,否,,待人工复核,2026-05-05 01:24:21
AUTO-20260424-10A4BBBC6D,电力市场运行基本规则_国家发展和改革委员会,机器抽取,由规则词典抽取，尚未人工校验,否,,待人工复核,2026-05-05 01:24:21
AUTO-20260424-55178B2DFC,关于修订省间电力现货交易规则的复函(发改办体改〔2026〕275号),机器抽取,由规则词典抽取，尚未人工校验,否,,待人工复核,2026-05-05 01:24:21
AUTO-20260424-97CB3F74FC,国家能源局华中监管局关于印发《华中区域省间电力中长期市场实施细则》的通知,机器抽取,由规则词典抽取，尚未人工校验,否,,待人工复核,2026-05-05 01:24:21
AUTO-20260424-663B4D5B07,关于印发《湖北省电力中长期市场实施细则》的通知,机器抽取,由规则词典抽取，尚未人工校验,否,,待人工复核,2026-05-05 01:24:21
AUTO-20260424-674A18FA03,关于印发《山东电力市场规则(试行)》的通知,机器抽取,由规则词典抽取，尚未人工校验,否,,待人工复核,2026-05-05 01:24:21
AUTO-20260424-08F5111897,关于印发《山东省电力并网运行管理实施细则》《山东省电力辅助服务管理实施细则》(修订稿)的通知,机器抽取,由规则词典抽取，尚未人工校验,否,,待人工复核,2026-05-05 01:24:21
AUTO-20260424-E89DAD0775,南方区域电力市场中长期电能量交易实施细则等5项实施细则,机器抽取,由规则词典抽取，尚未人工校验,否,,待人工复核,2026-05-05 01:24:21
AUTO-20260425-54244C417B,关于印发《电力辅助服务市场基本规则》的通知(发改能源规〔2025〕411号),机器抽取,由规则词典抽取，尚未人工校验,否,,待人工复核,2026-05-05 01:24:21
AUTO-20260425-D49D5FABE6,关于印发《重庆市电力中长期市场实施细则》的通知,机器抽取,由规则词典抽取，尚未人工校验,否,,待人工复核,2026-05-05 01:24:21
AUTO-20260425-712572408D,关于印发《西藏自治区电力中长期市场实施细则》的通知,机器抽取,由规则词典抽取，尚未人工校验,否,,待人工复核,2026-05-05 01:24:21
AUTO-20260425-A74926FCBF,关于印发《江西省电力中长期市场实施细则》的通知,机器抽取,由规则词典抽取，尚未人工校验,否,,待人工复核,2026-05-05 01:24:21
AUTO-20260425-9A3E9D6FC0,关于公开征求《山东电力市场监管办法(征求意见稿)》等意见的通知,机器抽取,由规则词典抽取，尚未人工校验,否,,待人工复核,2026-05-05 01:24:21
AUTO-20260425-01719E4565,关于公开征求《山东电力市场规则(试行)》(征求意见稿)意见的通知,机器抽取,由规则词典抽取，尚未人工校验,否,,待人工复核,2026-05-05 01:24:21
AUTO-20260425-D5F253F0B2,关于印发重庆市支持智能网联新能源商用产业发展政策措施（2025—2027年）的通知,机器抽取,由规则词典抽取，尚未人工校验,否,,待人工复核,2026-05-05 01:24:21
AUTO-20260425-509BB407AE,关于下达天津市2023-2024年度电力需求响应资金计划的通知_委局文件_政务公开,机器抽取,由规则词典抽取，尚未人工校验,否,,待人工复核,2026-05-05 01:24:21
AUTO-20260425-474CF655D0,关于印发《四川省深化新能源上网电价市场化改革实施方案》的通知(川发改价格〔2025〕480号),机器抽取,由规则词典抽取，尚未人工校验,否,,待人工复核,2026-05-05 01:24:21
AUTO-20260425-3D4A64C4C0,关于公开征求《山东省电力并网运行管理实施细则(征求意见稿)》《山东省电力辅助服务管理实施细则(征求意见稿)》意见的通知,机器抽取,由规则词典抽取，尚未人工校验,否,,待人工复核,2026-05-05 01:24:21
AUTO-20260425-2B6F6F94C5,关于公开征求《山东电力市场规则(试行)》(征求意见稿)意见的通知,机器抽取,由规则词典抽取，尚未人工校验,否,,待人工复核,2026-05-05 01:24:21
AUTO-20260425-0746AF99FD,关于征求《山东省新能源和新型并网主体涉网安全能力提升工作方案》意见的函,机器抽取,由规则词典抽取，尚未人工校验,否,,待人工复核,2026-05-05 01:24:21
AUTO-20260425-E98D78E2BB,电力市场信息披露基本规则（国能发监管〔2024〕9号）,机器抽取,由规则词典抽取，尚未人工校验,否,,待人工复核,2026-05-05 01:24:21
AUTO-20260425-B21BF48126,海南电力市场规则,机器抽取,由规则词典抽取，尚未人工校验,否,,待人工复核,2026-05-05 01:24:21
AUTO-20260425-F965FCA4C5,关于印发《广西电力市场信息披露实施细则》的通知,机器抽取,由规则词典抽取，尚未人工校验,否,,待人工复核,2026-05-05 01:24:21
AUTO-20260425-8808868383,广东电力市场规则,机器抽取,由规则词典抽取，尚未人工校验,否,,待人工复核,2026-05-05 01:24:21
AUTO-20260425-4ECBDBC2ED,天津市深化新能源上网电价市场化改革实施方案,需复核,缺少可引用必备字段,否,发布日期,待人工复核,2026-05-05 01:24:21
AUTO-20260425-53BB03C30D,关于印发《电力辅助服务市场基本规则》的通知,机器抽取,由规则词典抽取，尚未人工校验,否,,待人工复核,2026-05-05 01:24:21
AUTO-20260425-921C75C18D,关于我市开展气电价格联动调整有关事项的通知_价格管理,机器抽取,由规则词典抽取，尚未人工校验,否,,待人工复核,2026-05-05 01:24:21
AUTO-20260425-3BC0A77C4C,关于我市开展气电价格联动调整有关事项的通知_价格管理,机器抽取,由规则词典抽取，尚未人工校验,否,,待人工复核,2026-05-05 01:24:21
AUTO-20260425-981F2EE25A,关于建立全国统一电力市场评价制度的通知(发改办体改〔2025〕1032号),机器抽取,由规则词典抽取，尚未人工校验,否,,待人工复核,2026-05-05 01:24:21
AUTO-20260425-B3B8DDADB6,关于完善发电侧容量电价机制的通知(发改价格〔2026〕114号),机器抽取,由规则词典抽取，尚未人工校验,否,,待人工复核,2026-05-05 01:24:21
AUTO-20260425-7D4B7A7D59,关于印发输配电定价成本监审办法、省级电网输配电价定价办法、区域电网输电价格定价办法和跨省跨区专项工程输电价格定价办法的通知(发改价格规〔2025〕1490号),机器抽取,由规则词典抽取，尚未人工校验,否,,待人工复核,2026-05-05 01:24:21
AUTO-20260425-02AD665464,关于印发南方区域电力市场配套实施细则的通知,机器抽取,由规则词典抽取，尚未人工校验,否,,待人工复核,2026-05-05 01:24:21
AUTO-20260425-8469367611,关于印发《电力市场计量结算基本规则》的通知(发改能源规〔2025〕976号),机器抽取,由规则词典抽取，尚未人工校验,否,,待人工复核,2026-05-05 01:24:21
AUTO-20260425-F67BBBF923,关于印发《电力中长期市场基本规则》的通知(发改能源规〔2025〕1656号),机器抽取,由规则词典抽取，尚未人工校验,否,,待人工复核,2026-05-05 01:24:21
AUTO-20260425-6D1818F6CF,关于优化集中式新能源发电企业市场报价的通知(试行)(发改能源〔2025〕1476号),机器抽取,由规则词典抽取，尚未人工校验,否,,待人工复核,2026-05-05 01:24:21
AUTO-20260425-19A93F32F1,云南电力市场规则,机器抽取,由规则词典抽取，尚未人工校验,否,,待人工复核,2026-05-05 01:24:21
AUTO-20260425-3CC677DBE5,北京市发展和改革委员会关于公开征集市政府固定资产投资支持新能源供热项目的通知-本委其他文件-北京市发展和改革委员会,机器抽取,由规则词典抽取，尚未人工校验,否,,待人工复核,2026-05-05 01:24:21
AUTO-20260425-3D787AF073,关于公开征求《重庆电力中长期市场实施细则（征求意见稿）》意见的通知,机器抽取,由规则词典抽取，尚未人工校验,否,,待人工复核,2026-05-05 01:24:21
AUTO-20260425-63755B61E4,关于公开征求《西藏自治区电力中长期市场实施细则（征求意见稿）》意见的通知,机器抽取,由规则词典抽取，尚未人工校验,否,,待人工复核,2026-05-05 01:24:21
AUTO-20260425-35BEAAF482,关于公开征求《湖北省电力中长期市场实施细则（征求意见稿）》意见的通知,机器抽取,由规则词典抽取，尚未人工校验,否,,待人工复核,2026-05-05 01:24:21
AUTO-20260425-1A6D55E163,关于公开征求《江西电力中长期市场实施细则（征求意见稿）》意见的通知,机器抽取,由规则词典抽取，尚未人工校验,否,,待人工复核,2026-05-05 01:24:21
AUTO-20260425-D8A4A0C9BE,关于公开征求《华中区域省间电力中长期交易实施细则（征求意见稿）》意见的通知,机器抽取,由规则词典抽取，尚未人工校验,否,,待人工复核,2026-05-05 01:24:21
AUTO-20260425-BD09FE2823,关于印发《南方区域新能源参与电力市场交易实施方案（试行）》的通知,机器抽取,由规则词典抽取，尚未人工校验,否,,待人工复核,2026-05-05 01:24:21
AUTO-20260425-991CDC4524,关于印发《广东、广西、海南发电机组参与电力市场交易业务衔接暂行规定》的通知,机器抽取,由规则词典抽取，尚未人工校验,否,,待人工复核,2026-05-05 01:24:21
AUTO-20260425-D5A6AA701E,关于加强辖区中长期批发交易合同签约履约监管的通知,机器抽取,由规则词典抽取，尚未人工校验,否,,待人工复核,2026-05-05 01:24:21
AUTO-20260425-89CB5D262F,国家能源局华中监管局关于征求《江西省电力市场规则4.0版》部分条款修订意见的通知,机器抽取,由规则词典抽取，尚未人工校验,否,,待人工复核,2026-05-05 01:24:21
AUTO-20260425-82D40D1344,关于公开征求《西藏自治区电力中长期交易实施细则（征求意见稿）》意见的通知,机器抽取,由规则词典抽取，尚未人工校验,否,,待人工复核,2026-05-05 01:24:21
AUTO-20260425-F75ABE5310,关于印发《江西省电力市场规则（试行4.0版）》的通知,机器抽取,由规则词典抽取，尚未人工校验,否,,待人工复核,2026-05-05 01:24:21
AUTO-20260426-A3868601F8,国家能源局华中监管局关于公开征求《重庆电力中长期交易实施细则（征求意见稿）》意见的通知,机器抽取,由规则词典抽取，尚未人工校验,否,,待人工复核,2026-05-05 01:24:21
AUTO-20260426-DEDA1D301C,华中能源监管局关于公开征求《华中区域(东四省)省间电力互济市场交易规则》意见的通知,机器抽取,由规则词典抽取，尚未人工校验,否,,待人工复核,2026-05-05 01:24:21
AUTO-20260426-482E9580D6,关于提升海南省新能源和新型并网主体涉网安全能力的通知,机器抽取,由规则词典抽取，尚未人工校验,否,,待人工复核,2026-05-05 01:24:21
AUTO-20260426-DBC1C0D7C5,关于提升广西壮族自治区新能源和新型并网主体涉网安全能力的通知,机器抽取,由规则词典抽取，尚未人工校验,否,,待人工复核,2026-05-05 01:24:21
AUTO-20260426-5AA1473F8F,关于提升广东省新能源和新型并网主体涉网安全能力的通知,机器抽取,由规则词典抽取，尚未人工校验,否,,待人工复核,2026-05-05 01:24:21
AUTO-20260426-A4374A2C3D,关于印发《南方区域电力市场运行规则（试行，2025年V1.0版）》的通知,机器抽取,由规则词典抽取，尚未人工校验,否,,待人工复核,2026-05-05 01:24:21
AUTO-20260426-E51176BC68,国家能源局华中监管局关于印发《湖北、江西、重庆电力调频辅助服务市场运行规则》的通知,机器抽取,由规则词典抽取，尚未人工校验,否,,待人工复核,2026-05-05 01:24:21
AUTO-20260426-0D440B2FA1,关于印发《重庆市电力中长期交易规则》的通知,机器抽取,由规则词典抽取，尚未人工校验,否,,待人工复核,2026-05-05 01:24:21
AUTO-20260426-2321F82FD1,关于山东电力现货市场由试运行转正式运行的通知,机器抽取,由规则词典抽取，尚未人工校验,否,,待人工复核,2026-05-05 01:24:21
AUTO-20260426-CAE77C6F94,关于印发《山东电力市场参数（试行）》的通知,机器抽取,由规则词典抽取，尚未人工校验,否,,待人工复核,2026-05-05 01:24:21
AUTO-20260426-0E5C62271F,《山东电力市场规则(试行)》编制说明,机器抽取,由规则词典抽取，尚未人工校验,否,,待人工复核,2026-05-05 01:24:21
AUTO-20260426-0A6267C300,关于征求《山东电力市场参数(试行)》(征求意见稿)意见的公告,机器抽取,由规则词典抽取，尚未人工校验,否,,待人工复核,2026-05-05 01:24:21
AUTO-20260426-CB9FE0315E,关于印发《山东电力市场规则(试行)》的通知,机器抽取,由规则词典抽取，尚未人工校验,否,,待人工复核,2026-05-05 01:24:21
AUTO-20260426-A4B66C7278,关于印发《山东电力爬坡辅助服务市场交易规则(试行)》的通知,机器抽取,由规则词典抽取，尚未人工校验,否,,待人工复核,2026-05-05 01:24:21
AUTO-20260426-09ACA5D018,关于公开征求《山东电力市场规则(试行)》(征求意见稿)意见的通知,机器抽取,由规则词典抽取，尚未人工校验,否,,待人工复核,2026-05-05 01:24:21
AUTO-20260426-400F4CEBB4,关于征求《山东电力爬坡辅助服务市场交易规则(征求意见稿)》意见的通知,机器抽取,由规则词典抽取，尚未人工校验,否,,待人工复核,2026-05-05 01:24:21
AUTO-20260426-7DF0C00260,关于印发《山东省电力并网运行管理实施细则》、《山东省电力辅助服务管理实施细则》的通知,机器抽取,由规则词典抽取，尚未人工校验,否,,待人工复核,2026-05-05 01:24:21
AUTO-20260426-E982922381,关于修订《山东省电力中长期交易规则》的通知,机器抽取,由规则词典抽取，尚未人工校验,否,,待人工复核,2026-05-05 01:24:21
AUTO-20260426-2E651E50F1,关于公示新增电力中长期交易发电企业(机组)名单的通知 - 2021年3号,机器抽取,由规则词典抽取，尚未人工校验,否,,待人工复核,2026-05-05 01:24:21
AUTO-20260426-65D5E02295,山东能源监管办关于《山东电力辅助服务市场运营规则(试行)(2021年修订版)(征求意见稿)》公开征求意见的公告,机器抽取,由规则词典抽取，尚未人工校验,否,,待人工复核,2026-05-05 01:24:21
AUTO-20260426-132F8B7686,关于简化山东电力中长期交易合同电量偏差免考核工作流程的通知,机器抽取,由规则词典抽取，尚未人工校验,否,,待人工复核,2026-05-05 01:24:21
AUTO-20260426-259ADC9C14,关于简化山东电力中长期交易合同电量偏差免考核工作流程的通知,机器抽取,由规则词典抽取，尚未人工校验,否,,待人工复核,2026-05-05 01:24:21
AUTO-20260426-B234995E67,关于公示新增电力中长期交易发电企业(机组)名单的通知 - 2021年2号,机器抽取,由规则词典抽取，尚未人工校验,否,,待人工复核,2026-05-05 01:24:21
AUTO-20260426-46DA048C90,关于公示新增电力中长期交易发电企业(机组)名单的通知 - 2021年1号,机器抽取,由规则词典抽取，尚未人工校验,否,,待人工复核,2026-05-05 01:24:21
AUTO-20260426-6EEB6D3357,关于印发《山东省电力中长期交易规则》的通知,机器抽取,由规则词典抽取，尚未人工校验,否,,待人工复核,2026-05-05 01:24:21
AUTO-20260427-9D436454D6,国家能源局华东监管局关于印发《长三角跨省电力中长期市场实施细则》的通知,机器抽取,由规则词典抽取，尚未人工校验,否,,待人工复核,2026-05-05 01:24:21
AUTO-20260427-0A34FA35E6,关于印发《安徽电力中长期市场实施细则》的通知,机器抽取,由规则词典抽取，尚未人工校验,否,,待人工复核,2026-05-05 01:24:21
AUTO-20260427-6A8B006887,关于印发《上海电力中长期市场实施细则》的通知,机器抽取,由规则词典抽取，尚未人工校验,否,,待人工复核,2026-05-05 01:24:21
AUTO-20260427-20313BD46F,华北能源监管局关于征求“蒙西电力调频辅助服务交易实施细则”意见的函,机器抽取,由规则词典抽取，尚未人工校验,否,,待人工复核,2026-05-05 01:24:21
AUTO-20260427-9F7307C867,国家能源局西北监管局 陕西省发展和改革委员会关于印发《陕西省电力中长期市场实施细则》的通知,机器抽取,由规则词典抽取，尚未人工校验,否,,待人工复核,2026-05-05 01:24:21
AUTO-20260427-8BA55D72F9,国家能源局西北监管局关于征求《西北区域省间电力中长期市场实施细则（2026年修订版）（征求意见稿）》意见建议的通知,机器抽取,由规则词典抽取，尚未人工校验,否,,待人工复核,2026-05-05 01:24:21
AUTO-20260427-1C4703E1E9,国家能源局西北监管局关于征求陕西、宁夏、青海电力中长期市场实施细则（征求意见稿）意见建议的通知,机器抽取,由规则词典抽取，尚未人工校验,否,,待人工复核,2026-05-05 01:24:21
AUTO-20260427-51AC1D580A,国家能源局西北监管局关于公开征求《西北区域省间电力互济交易运营规则（试行）（征求意见稿）》意见建议的通知,机器抽取,由规则词典抽取，尚未人工校验,否,,待人工复核,2026-05-05 01:24:21
AUTO-20260427-B95E146723,华北能源监管局关于征求京津唐电力调峰辅助服务市场运营规则 （征求意见稿）意见的通告,机器抽取,由规则词典抽取，尚未人工校验,否,,待人工复核,2026-05-05 01:24:21
AUTO-20260427-1806176B6C,国家能源局西北监管局关于印发《西北区域跨省电力中长期交易实施细则——新型储能交易专章》的通知,机器抽取,由规则词典抽取，尚未人工校验,否,,待人工复核,2026-05-05 01:24:21
AUTO-20260427-4BE00C1720,国家能源局西北监管局 青海省能源局关于印发《青海省电力中长期交易规则补充规定》的通知,机器抽取,由规则词典抽取，尚未人工校验,否,,待人工复核,2026-05-05 01:24:21
AUTO-20260427-5EF9021CE0,国家能源局西北监管局关于征求《西北区域跨省电力中长期交易实施细则——新型储能交易专章（征求意见稿）》意见建议的通知,机器抽取,由规则词典抽取，尚未人工校验,否,,待人工复核,2026-05-05 01:24:21
AUTO-20260427-6B0EF18171,国家能源局西北监管局关于征求《青海省电力中长期交易规则补充规定（征求意见稿）》意见建议的通知,机器抽取,由规则词典抽取，尚未人工校验,否,,待人工复核,2026-05-05 01:24:21
AUTO-20260427-2E09D15F4D,国家能源局西北监管局关于明确电力辅助服务市场价格机制等相关事项的通知,机器抽取,由规则词典抽取，尚未人工校验,否,,待人工复核,2026-05-05 01:24:21
AUTO-20260427-CC8285BA8B,华中能源监管局关于征求《湖北、江西、重庆电力调频辅助服务市场运行规则（征求意见稿）》意见的通知,机器抽取,由规则词典抽取，尚未人工校验,否,,待人工复核,2026-05-05 01:24:21
AUTO-20260427-D5C34F91B8,市工业和信息化局关于做好天津市2025年电力市场化交易工作的通知_委局文件_政务公开,机器抽取,由规则词典抽取，尚未人工校验,否,,待人工复核,2026-05-05 01:24:21
AUTO-20260427-9549320EF2,华中能源监管局关于《重庆市电力中长期交易规则（修订稿）》公开征求意见的通知,机器抽取,由规则词典抽取，尚未人工校验,否,,待人工复核,2026-05-05 01:24:21
AUTO-20260427-28574D8021,国家能源局华中监管局关于公开征求《川渝一体化电力调峰辅助服务市场交易规则（征求意见稿）》意见的通知,机器抽取,由规则词典抽取，尚未人工校验,否,,待人工复核,2026-05-05 01:24:21
AUTO-20260427-F77C27F149,国家能源局华中监管局关于公开征求《华中区域省间电力中长期交易规则（征求意见稿）》意见的通知,机器抽取,由规则词典抽取，尚未人工校验,否,,待人工复核,2026-05-05 01:24:21
AUTO-20260427-66F282BB0B,山东能源监管办关于《山东省电力中长期交易规则(征求意见稿)》公开征求意见的公告,机器抽取,由规则词典抽取，尚未人工校验,否,,待人工复核,2026-05-05 01:24:21
AUTO-20260427-0B7C65169B,关于修订《山东电力辅助服务市场运营规则（试行）（2020年修订版）》的通知,机器抽取,由规则词典抽取，尚未人工校验,否,,待人工复核,2026-05-05 01:24:21
AUTO-20260427-D691BB80BC,关于简化新能源发电企业参与山东电力市场准入流程的通知,机器抽取,由规则词典抽取，尚未人工校验,否,,待人工复核,2026-05-05 01:24:21
AUTO-20260427-3923155EE0,关于征求《山东电力辅助服务市场运营规则（试行）（2020年修订版）》（征求意见稿）意见的函,机器抽取,由规则词典抽取，尚未人工校验,否,,待人工复核,2026-05-05 01:24:21
AUTO-20260427-E4EE7C8D82,关于公布山东电力现货市场结算试运行有关市场参数的通知(试行),机器抽取,由规则词典抽取，尚未人工校验,否,,待人工复核,2026-05-05 01:24:21
AUTO-20260427-698A8D7E10,关于修订《山东省电力现货市场交易规则(试行)》《山东省电力中长期市场交易规则(试行)》《山东省电力零售市场交易规则(试行)》的通知,机器抽取,由规则词典抽取，尚未人工校验,否,,待人工复核,2026-05-05 01:24:21
AUTO-20260427-FBC65BBD1E,贵州电力市场规则,机器抽取,由规则词典抽取，尚未人工校验,否,,待人工复核,2026-05-05 01:24:21
AUTO-20260427-D81BDF16D0,第20号_中华人民共和国国家发展和改革委员会令（电力市场运行基本规则）,机器抽取,由规则词典抽取，尚未人工校验,否,,待人工复核,2026-05-05 01:24:21
AUTO-20260427-780DD684D9,电力市场运行基本规则,机器抽取,由规则词典抽取，尚未人工校验,否,,待人工复核,2026-05-05 01:24:21
AUTO-20260427-AF700450D9,电力市场注册基本规则,机器抽取,由规则词典抽取，尚未人工校验,否,,待人工复核,2026-05-05 01:24:21
AUTO-20260427-5DD9FFE71E,电力中长期交易基本规则—绿色电力交易专章,机器抽取,由规则词典抽取，尚未人工校验,否,,待人工复核,2026-05-05 01:24:21
AUTO-20260427-344B99BC3D,广东省发展和改革委员会 - 广东省能源局关于做好2026年电力市场年度交易工作的通知,机器抽取,由规则词典抽取，尚未人工校验,否,,待人工复核,2026-05-05 01:24:21
AUTO-20260427-EF110663B6,广东省发展和改革委员会 - 广东省能源局 国家能源局南方监管局关于印发《广东电力市场常态化开展年度交易实施方案》的通知,机器抽取,由规则词典抽取，尚未人工校验,否,,待人工复核,2026-05-05 01:24:21
AUTO-20260427-ED15D5C741,广东省发展和改革委员会 - 广东省发展改革委关于申报新能源可持续发展价格结算机制存量项目的通知,机器抽取,由规则词典抽取，尚未人工校验,否,,待人工复核,2026-05-05 01:24:21
AUTO-20260427-CA2DDC4243,关于发布广东电力市场配套实施细则（2024年修订）的通知,机器抽取,由规则词典抽取，尚未人工校验,否,,待人工复核,2026-05-05 01:24:21
AUTO-20260427-E24F3D75D9,关于印发《电力中长期交易基本规则》的通知,机器抽取,由规则词典抽取，尚未人工校验,否,,待人工复核,2026-05-05 01:24:21
AUTO-20260427-890E791E0D,可再生能源绿色电力证书核发和交易规则,机器抽取,由规则词典抽取，尚未人工校验,否,,待人工复核,2026-05-05 01:24:21
AUTO-20260427-EE6D85F7E0,发改能源规〔2023〕1217号 《电力现货市场基本规则（试行）》,机器抽取,由规则词典抽取，尚未人工校验,否,,待人工复核,2026-05-05 01:24:21
AUTO-20260427-6620523786,关于印发《内蒙古自治区单一电力用户绿电直连项目开发建设实施方案（试行）》的通知,机器抽取,由规则词典抽取，尚未人工校验,否,,待人工复核,2026-05-05 01:24:21
AUTO-20260427-2492100A42,关于公开征求《内蒙古电力多边交易市场规则体系2026年修订版(征求意见稿)》《蒙东电力市场规则体系2026年修订版(征求意见稿)》意见建议的公告,机器抽取,由规则词典抽取，尚未人工校验,否,,待人工复核,2026-05-05 01:24:21
AUTO-20260427-7F4BF875A3,关于做好2026年内蒙古电力多边交易市场中长期交易有关事宜的通知,机器抽取,由规则词典抽取，尚未人工校验,否,,待人工复核,2026-05-05 01:24:21
AUTO-20260427-543BC9B2A3,关于做好2026年内蒙古东部电力交易市场中长期交易有关事宜的通知,机器抽取,由规则词典抽取，尚未人工校验,否,,待人工复核,2026-05-05 01:24:21
AUTO-20260427-502852DE5B,关于印发《深化蒙西电网新能源上网电价市场化改革实施方案》的通知,机器抽取,由规则词典抽取，尚未人工校验,否,,待人工复核,2026-05-05 01:24:21
AUTO-20260427-A525045BF7,关于印发《深化蒙东电网新能源上网电价市场化改革实施方案》的通知,机器抽取,由规则词典抽取，尚未人工校验,否,,待人工复核,2026-05-05 01:24:21
AUTO-20260427-1906B16212,关于进一步做好我市电力现货市场限价相关事项的通知_价格管理,机器抽取,由规则词典抽取，尚未人工校验,否,,待人工复核,2026-05-05 01:24:21
AUTO-20260427-5ED24A4111,关于调整我市煤电容量电价有关事项的通知_价格管理,机器抽取,由规则词典抽取，尚未人工校验,否,,待人工复核,2026-05-05 01:24:21
AUTO-20260427-1E20E600C3,关于深化新能源上网电价市场化改革 促进新能源高质量发展的通知(发改价格〔2025〕136号),机器抽取,由规则词典抽取，尚未人工校验,否,,待人工复核,2026-05-05 01:24:21
AUTO-20260427-51C6A877DC,关于有序推动绿电直连发展有关事项的通知(发改能源〔2025〕650号),机器抽取,由规则词典抽取，尚未人工校验,否,,待人工复核,2026-05-05 01:24:21
AUTO-20260427-851724B835,关于明确我市应急备用煤电机组容量电价有关事项的通知_价格管理,机器抽取,由规则词典抽取，尚未人工校验,否,,待人工复核,2026-05-05 01:24:21
AUTO-20260427-257CE410F0,关于推进电力源网荷储一体化和多能互补发展的指导意见(发改能源规〔2021〕280号),机器抽取,由规则词典抽取，尚未人工校验,否,,待人工复核,2026-05-05 01:24:21
AUTO-20260427-257D529B27,关于完善价格机制促进新能源发电就近消纳的通知(发改价格〔2025〕1192号),机器抽取,由规则词典抽取，尚未人工校验,否,,待人工复核,2026-05-05 01:24:21
AUTO-20260427-2DD331A266,关于印发《电力现货连续运行地区市场建设指引》的通知(发改能源〔2025〕1171号),机器抽取,由规则词典抽取，尚未人工校验,否,,待人工复核,2026-05-05 01:24:21
AUTO-20260427-B292F45571,关于印发《电力现货市场基本规则（试行）》的通知(发改能源规〔2023〕1217号),机器抽取,由规则词典抽取，尚未人工校验,否,,待人工复核,2026-05-05 01:24:21
AUTO-20260427-F3E6DA37CB,关于印发《南方区域跨区跨省电力中长期交易规则》的通知,机器抽取,由规则词典抽取，尚未人工校验,否,,待人工复核,2026-05-05 01:24:21
AUTO-20260427-ED23AB24F7,关于印发《南方区域绿色电力交易规则（试行）》的通知,机器抽取,由规则词典抽取，尚未人工校验,否,,待人工复核,2026-05-05 01:24:21
AUTO-20260427-F33CEF16E8,关于南方区域电力市场全月结算试运行市场监管有关事项,机器抽取,由规则词典抽取，尚未人工校验,否,,待人工复核,2026-05-05 01:24:21
AUTO-20260427-CDA7AFEC1D,关于公开征求《内蒙古自治区绿电直连项目开发建设实施方案（试行）》意见的公告,机器抽取,由规则词典抽取，尚未人工校验,否,,待人工复核,2026-05-05 01:24:21
AUTO-20260427-03A84802A0,关于全面加快电力现货市场建设工作的通知(发改办体改〔2025〕394号),机器抽取,由规则词典抽取，尚未人工校验,否,,待人工复核,2026-05-05 01:24:21
AUTO-20260427-0866006539,关于做好电力现货市场试点连续试结算相关工作的通知(发改办能源规〔2020〕245号),机器抽取,由规则词典抽取，尚未人工校验,否,,待人工复核,2026-05-05 01:24:21
AUTO-20260427-6FF22802C9,关于促进新能源消纳和调控的指导意见(发改能源〔2025〕1360号),机器抽取,由规则词典抽取，尚未人工校验,否,,待人工复核,2026-05-05 01:24:21
AUTO-20260427-A739C746F8,关于上海市2025年度新能源增量项目机制电价竞价结果的通知_价格管理,机器抽取,由规则词典抽取，尚未人工校验,否,,待人工复核,2026-05-05 01:24:21
AUTO-20260427-C45458E7FC,国家能源局西北监管局关于印发《西北区域跨省电力中长期交易实施细则》的通知（全文）,机器抽取,由规则词典抽取，尚未人工校验,否,,待人工复核,2026-05-05 01:24:21
AUTO-20260427-EC19F02593,国家能源局西北监管局关于印发《西北区域省间电力互济交易实施细则(试行)》的通知,机器抽取,由规则词典抽取，尚未人工校验,否,,待人工复核,2026-05-05 01:24:21
AUTO-20260427-BAC94CD920,关于印发《山东省电力现货市场交易规则(试行)》《山东省电力中长期市场交易规则(试行)》《山东省电力零售市场交易规则(试行)》的通知,机器抽取,由规则词典抽取，尚未人工校验,否,,待人工复核,2026-05-05 01:24:21
AUTO-20260427-E22FE01186,国家能源局华中监管局关于印发《华中省间电力调峰及备用辅助服务市场运营规则》的通知,机器抽取,由规则词典抽取，尚未人工校验,否,,待人工复核,2026-05-05 01:24:21
AUTO-20260427-5D8B9D2AA9,国家能源局西北监管局关于印发《西北区域备用辅助服务市场运营规则》的通知,机器抽取,由规则词典抽取，尚未人工校验,否,,待人工复核,2026-05-05 01:24:21
AUTO-20260427-426F6E93C0,国家能源局西北监管局关于印发《西北区域省间调峰辅助服务市场运营规则》补充修订条款的通知,机器抽取,由规则词典抽取，尚未人工校验,否,,待人工复核,2026-05-05 01:24:21
AUTO-20260427-A21BC5FA77,国家能源局华中监管局关于印发《湖北源网荷储电力调峰辅助服务市场运营规则》的通知,机器抽取,由规则词典抽取，尚未人工校验,否,,待人工复核,2026-05-05 01:24:21
AUTO-20260427-EDE85AAF9A,关于印发修订后的《上海电力中长期交易规则》的通知（华东监...,机器抽取,由规则词典抽取，尚未人工校验,否,,待人工复核,2026-05-05 01:24:21
AUTO-20260427-EC24CC36EA,关于印发修订后的《安徽电力中长期交易规则》的通知（华东监...,机器抽取,由规则词典抽取，尚未人工校验,否,,待人工复核,2026-05-05 01:24:21
AUTO-20260427-3ADCAA1520,国家能源局西北监管局关于印发《西北区域抽水蓄能电站参与跨省电力交易实施细则（试行）》的通知,机器抽取,由规则词典抽取，尚未人工校验,否,,待人工复核,2026-05-05 01:24:21
AUTO-20260427-166CF8A8B5,华东能源监管局关于加强电力中长期批发交易监管的通知,机器抽取,由规则词典抽取，尚未人工校验,否,,待人工复核,2026-05-05 01:24:21
AUTO-20260427-054169DB65,华中能源监管局关于印发《华中区域（东四省）电力互济交易实施细则》的通知,机器抽取,由规则词典抽取，尚未人工校验,否,,待人工复核,2026-05-05 01:24:21
AUTO-20260427-2C79213C08,关于修订山东省电力中长期交易规则有关条款的通知,机器抽取,由规则词典抽取，尚未人工校验,否,,待人工复核,2026-05-05 01:24:21
AUTO-20260427-E6623247A3,山东能源监管办 山东省发展改革委 山东省能源局关于征求《山东省电力现货市场交易规则》、《山东省电力中长期市场交易规则》、《山东省电力零售市场交易规则》(征求意见稿)意见的通知,机器抽取,由规则词典抽取，尚未人工校验,否,,待人工复核,2026-05-05 01:24:21
AUTO-20260427-90D968B235,华中能源监管局关于印发《湖北电力调峰辅助服务市场运营规则（试行）》的通知,机器抽取,由规则词典抽取，尚未人工校验,否,,待人工复核,2026-05-05 01:24:21
AUTO-20260427-A0DD00C851,关于组织开展南方区域跨省电力备用辅助服务市场模拟试运行的通知,机器抽取,由规则词典抽取，尚未人工校验,否,,待人工复核,2026-05-05 01:24:21
AUTO-20260427-6348CCF597,关于审定广西电力市场中长期电能量交易等实施细则的复函,机器抽取,由规则词典抽取，尚未人工校验,否,,待人工复核,2026-05-05 01:24:21
AUTO-20260427-167238164B,国家能源局华中监管局关于《华中省间电力调峰及备用辅助服务市场运营规则（征求意见稿）》公开征求意见的通知,机器抽取,由规则词典抽取，尚未人工校验,否,,待人工复核,2026-05-05 01:24:21
AUTO-20260427-3CFB9AC233,跨省跨区送电参与南方（以广东起步）现货市场偏差处理办法解读,机器抽取,由规则词典抽取，尚未人工校验,否,,待人工复核,2026-05-05 01:24:21
AUTO-20260427-A21D2B578A,关于印发《江西省电力中长期交易实施细则》的通知,机器抽取,由规则词典抽取，尚未人工校验,否,,待人工复核,2026-05-05 01:24:21
AUTO-20260427-F79895D50A,关于印发《重庆市电力中长期交易规则》的通知,机器抽取,由规则词典抽取，尚未人工校验,否,,待人工复核,2026-05-05 01:24:21
AUTO-20260427-D122E3E18C,关于印发《重庆电力调频辅助服务市场运营规则》的通知,机器抽取,由规则词典抽取，尚未人工校验,否,,待人工复核,2026-05-05 01:24:21
AUTO-20260427-9347AA22F9,华中能源监管局关于印发《江西电力调频辅助服务市场运营规则》的通知,机器抽取,由规则词典抽取，尚未人工校验,否,,待人工复核,2026-05-05 01:24:21
AUTO-20260427-897D121E2E,国家能源局西北监管局 陕西省发展和改革委员会关于印发《陕西省电力中长期交易规则》的通知,机器抽取,由规则词典抽取，尚未人工校验,否,,待人工复核,2026-05-05 01:24:21
AUTO-20260427-B436377657,关于印发《南方区域跨省（区）电力应急调度暂行规则》的通知,机器抽取,由规则词典抽取，尚未人工校验,否,,待人工复核,2026-05-05 01:24:21
AUTO-20260427-4EB78C6B0F,上海电力中长期交易规则—绿色电力交易专章,机器抽取,由规则词典抽取，尚未人工校验,否,,待人工复核,2026-05-05 01:24:21
AUTO-20260427-075F05064A,华东能源监管局关于扩展华东电力调峰辅助服务市场交易至日内...,机器抽取,由规则词典抽取，尚未人工校验,否,,待人工复核,2026-05-05 01:24:21
AUTO-20260427-C52ED507A1,国家能源局南方监管局 广东省能源局关于印发《广东电力市场运行规则》的通知,机器抽取,由规则词典抽取，尚未人工校验,否,,待人工复核,2026-05-05 01:24:21
AUTO-20260427-8C78A58B24,关于印发《区域电网输电价格定价办法(试行)》《跨省跨区专项工程输电价格定价办法(试行)》和《关于制定地方电网和增量配电网配电价格的指导意见》的通知(发改价格规﹝2017﹞2269号),机器抽取,由规则词典抽取，尚未人工校验,否,,待人工复核,2026-05-05 01:24:21
AUTO-20260427-51EB30208F,关于印发《跨省跨区专项工程输电价格定价办法》的通知(发改价格规〔2021〕1455号),机器抽取,由规则词典抽取，尚未人工校验,否,,待人工复核,2026-05-05 01:24:21
AUTO-20260427-DCD3AEB88C,关于印发《跨省跨区电力应急调度管理办法》的通知(发改运行规〔2025〕1193号),机器抽取,由规则词典抽取，尚未人工校验,否,,待人工复核,2026-05-05 01:24:21
AUTO-20260427-B0F72F5007,关于建立健全电力辅助服务市场价格机制的通知(发改价格〔2024〕196号),机器抽取,由规则词典抽取，尚未人工校验,否,,待人工复核,2026-05-05 01:24:21
AUTO-20260427-A0AD12B7E0,关于进一步加快电力现货市场建设工作的通知(发改办体改〔2023〕813号),机器抽取,由规则词典抽取，尚未人工校验,否,,待人工复核,2026-05-05 01:24:21
AUTO-20260427-49126C771F,印发《关于加快储气设施建设和完善储气调峰辅助服务市场机制的意见》的通知(发改能源规〔2018〕637号),机器抽取,由规则词典抽取，尚未人工校验,否,,待人工复核,2026-05-05 01:24:21
AUTO-20260427-7BEF23BDDE,印发《关于深化电力现货市场建设试点工作的意见》 的通知(发改办能源规〔2019〕828号),机器抽取,由规则词典抽取，尚未人工校验,否,,待人工复核,2026-05-05 01:24:21
AUTO-20260427-11E67EF119,关于印发《内蒙古电力多边交易市场规则体系》的通知,机器抽取,由规则词典抽取，尚未人工校验,否,,待人工复核,2026-05-05 01:24:21
AUTO-20260427-33FCB0ED92,关于做好2025年内蒙古东部电力交易市场中长期交易有关事宜的通知,机器抽取,由规则词典抽取，尚未人工校验,否,,待人工复核,2026-05-05 01:24:21
AUTO-20260427-6861D688D2,关于做好2025年内蒙古电力多边交易市场中长期交易有关事宜的通知,机器抽取,由规则词典抽取，尚未人工校验,否,,待人工复核,2026-05-05 01:24:21
AUTO-20260427-D2550973DB,广东省发展和改革委员会 - 广东省能源局 国家能源局南方监管局关于印发《广东省虚拟电厂参与电力市场交易实施方案》的通知,机器抽取,由规则词典抽取，尚未人工校验,否,,待人工复核,2026-05-05 01:24:21
AUTO-20260427-8933E85058,广东省发展和改革委员会 - 广东省能源局 国家能源局南方监管局关于印发广东省抽水蓄能参与电力市场交易实施方案的通知,机器抽取,由规则词典抽取，尚未人工校验,否,,待人工复核,2026-05-05 01:24:21
AUTO-20260427-EC4C5789C9,国家发改委国家能源局关于印发《电力中长期交易基本规则（暂行）》的通知,机器抽取,由规则词典抽取，尚未人工校验,否,,待人工复核,2026-05-05 01:24:21
AUTO-20260427-0A3E4D6579,关于印发《山东电力辅助服务市场运营规则（试行）》的通知,机器抽取,由规则词典抽取，尚未人工校验,否,,待人工复核,2026-05-05 01:24:21
AUTO-20260427-AD0E26D414,关于修订电力中长期交易规则的通知,机器抽取,由规则词典抽取，尚未人工校验,否,,待人工复核,2026-05-05 01:24:21
AUTO-20260427-0378DA9BD2,关于修订山东省电力中长期交易规则的通知,机器抽取,由规则词典抽取，尚未人工校验,否,,待人工复核,2026-05-05 01:24:21
AUTO-20260427-5F7D6C5FF5,关于征求《北京电力交易中心省间电力中长期交易实施细则（暂行）》意见的函,机器抽取,由规则词典抽取，尚未人工校验,否,,待人工复核,2026-05-05 01:24:21
AUTO-20260427-0276F5E7CC,关于修订《山东省电力市场监管办法(试行)》的通知,机器抽取,由规则词典抽取，尚未人工校验,否,,待人工复核,2026-05-05 01:24:21
AUTO-20260427-9AE540E7CE,关于征求《山东省电力现货市场交易规则》《山东省电力中长期市场交易规则》(征求意见稿)意见的通知,机器抽取,由规则词典抽取，尚未人工校验,否,,待人工复核,2026-05-05 01:24:21
AUTO-20260427-5D282BE538,关于对山东广能节能科技有限公司违反电力市场交易规则情况的通报,机器抽取,由规则词典抽取，尚未人工校验,否,,待人工复核,2026-05-05 01:24:21
AUTO-20260427-D51C84C078,关于征求山东电力现货市场结算试运行有关市场参数意见的公告,机器抽取,由规则词典抽取，尚未人工校验,否,,待人工复核,2026-05-05 01:24:21
AUTO-20260427-3CAEDBBD74,国家能源局华中监管局 江西省能源局关于印发《江西省电力辅助服务市场运营规则（试行）》的通知,机器抽取,由规则词典抽取，尚未人工校验,否,,待人工复核,2026-05-05 01:24:21
AUTO-20260427-FA91B2D801,华北能源监管局关于再次征求华北电力调峰容量市场运营规则意见通知,机器抽取,由规则词典抽取，尚未人工校验,否,,待人工复核,2026-05-05 01:24:21
AUTO-20260427-12E862EC73,华中电力调峰辅助服务市场省间调峰辅助服 务河南电网售出电量分摊细则,机器抽取,由规则词典抽取，尚未人工校验,否,,待人工复核,2026-05-05 01:24:21
AUTO-20260427-D18D54C2E0,华中能源监管局关于印发《新型市场主体参与华中电力调峰辅助服务市场规则（试行）》的通知,机器抽取,由规则词典抽取，尚未人工校验,否,,待人工复核,2026-05-05 01:24:21
AUTO-20260427-F61B124506,华中能源监管局 四川能源监管办关于印发《川渝一体化电力调峰辅助服务市场运营规则（试行）》的通知,机器抽取,由规则词典抽取，尚未人工校验,否,,待人工复核,2026-05-05 01:24:21
AUTO-20260427-20E8A38E78,华北能源监管局关于明确2022年京津唐电网电力中长期交易有关事项的通知,机器抽取,由规则词典抽取，尚未人工校验,否,,待人工复核,2026-05-05 01:24:21
AUTO-20260427-ACF967E65E,华中能源监管局关于印发《华中区域电力市场信息披露办法》的通知,机器抽取,由规则词典抽取，尚未人工校验,否,,待人工复核,2026-05-05 01:24:21
AUTO-20260427-46701D6E76,国家能源局华中监管局 湖北省能源局 关于印发《湖北省电力中长期交易实施 细则》的通知,机器抽取,由规则词典抽取，尚未人工校验,否,,待人工复核,2026-05-05 01:24:21
AUTO-20260427-D747CE2B16,关于印发《西藏电力辅助服务管理实施细则》《西藏电力并网运行管理实施细则》的通知,机器抽取,由规则词典抽取，尚未人工校验,否,,待人工复核,2026-05-05 01:24:21
AUTO-20260427-9BE26E7413,市工业和信息化局关于做好天津市2024年电力市场化交易工作的通知_委局文件_政务公开,机器抽取,由规则词典抽取，尚未人工校验,否,,待人工复核,2026-05-05 01:24:21
AUTO-20260427-EE7FE966EB,关于印发《广东、广西、海南发电机组进入及退出商业运营实施细则》的通知,机器抽取,由规则词典抽取，尚未人工校验,否,,待人工复核,2026-05-05 01:24:21
AUTO-20260427-6122A07CB6,国家能源局西北监管局关于公开征求《西北区域跨省电力中长期交易实施细则（征求意见稿）》意见建议的通知,机器抽取,由规则词典抽取，尚未人工校验,否,,待人工复核,2026-05-05 01:24:21
AUTO-20260427-3AAD7C60CC,长三角省市间富余新能源消纳互济交易规则（试行）,机器抽取,由规则词典抽取，尚未人工校验,否,,待人工复核,2026-05-05 01:24:21
AUTO-20260427-5E3CE632ED,市工业和信息化局等部门关于印发《天津市电力需求侧管理实施细则》的通知_委局文件_政务公开,机器抽取,由规则词典抽取，尚未人工校验,否,,待人工复核,2026-05-05 01:24:21
AUTO-20260427-2C2D80BAFA,关于做好2021年电力中长期合同签订工作的通知(发改运行〔2020〕1784号),机器抽取,由规则词典抽取，尚未人工校验,否,,待人工复核,2026-05-05 01:24:21
AUTO-20260427-BD45999335,关于做好2023年电力中长期合同签订履约工作的通知(发改运行〔2022〕1861号),机器抽取,由规则词典抽取，尚未人工校验,否,,待人工复核,2026-05-05 01:24:21
AUTO-20260427-B903E2C09B,关于做好发电供热企业直保煤炭中长期合同全覆盖铁路运力保障有关工作的通知(发改办运行〔2021〕750号),机器抽取,由规则词典抽取，尚未人工校验,否,,待人工复核,2026-05-05 01:24:21
AUTO-20260427-C2621C7DE7,关于印发《“十四五”新型储能发展实施方案》的通知(发改能源〔2022〕209号),机器抽取,由规则词典抽取，尚未人工校验,否,,待人工复核,2026-05-05 01:24:21
AUTO-20260427-69BAE4E34E,关于建立煤电容量电价机制的通知(发改价格〔2023〕1501号),机器抽取,由规则词典抽取，尚未人工校验,否,,待人工复核,2026-05-05 01:24:21
AUTO-20260427-BCED5F5381,关于抽水蓄能电站容量电价及有关事项的通知(发改价格〔2023〕533号),机器抽取,由规则词典抽取，尚未人工校验,否,,待人工复核,2026-05-05 01:24:21
AUTO-20260427-0ABCD56E46,关于进一步推动新型储能参与电力市场和调度运用的通知(发改办运行〔2022〕475号),机器抽取,由规则词典抽取，尚未人工校验,否,,待人工复核,2026-05-05 01:24:21
AUTO-20260427-42E984C2AA,关于进一步深化燃煤发电上网电价市场化改革的通知(发改价格〔2021〕1439号),机器抽取,由规则词典抽取，尚未人工校验,否,,待人工复核,2026-05-05 01:24:21
AUTO-20260427-6E98A81878,关于国家电网有限公司省间电力现货交易规则的复函(发改办体改〔2021〕837号),机器抽取,由规则词典抽取，尚未人工校验,否,,待人工复核,2026-05-05 01:24:21
AUTO-20260427-B85C17304B,关于印发《四川电力辅助服务市场交易实施细则》的通知,机器抽取,由规则词典抽取，尚未人工校验,否,,待人工复核,2026-05-05 01:24:21
AUTO-20260427-C78A139FE6,关于印发《部分条款修订稿》的通知,机器抽取,由规则词典抽取，尚未人工校验,否,,待人工复核,2026-05-05 01:24:21
AUTO-20260427-F447945296,关于印发《新疆电力辅助服务市场实施细则》的通知,机器抽取,由规则词典抽取，尚未人工校验,否,,待人工复核,2026-05-05 01:24:21
AUTO-20260427-AB6A507796,关于印发《四川2026年电力市场交易总体方案》及《四川电力市场规则体系V4.0》的通知,机器抽取,由规则词典抽取，尚未人工校验,否,,待人工复核,2026-05-05 01:24:21
AUTO-20260427-B587DC0124,关于印发《四川电力市场结算细则V1.0）》的通知,机器抽取,由规则词典抽取，尚未人工校验,否,,待人工复核,2026-05-05 01:24:21
AUTO-20260427-E1D1006CB7,关于印发《江苏省电力中长期市场实施细则（2026版）》的通知,机器抽取,由规则词典抽取，尚未人工校验,否,,待人工复核,2026-05-05 01:24:21
AUTO-20260427-D816ADFC99,关于印发《新疆电力中长期市场实施细则》 的通知,机器抽取,由规则词典抽取，尚未人工校验,否,,待人工复核,2026-05-05 01:24:21
AUTO-20260427-B23CD79013,关于印发《江苏电力辅助服务（调峰）市场启停交易补充规则》的通知,机器抽取,由规则词典抽取，尚未人工校验,否,,待人工复核,2026-05-05 01:24:21
AUTO-20260427-2C2684AFB7,关于印发《江苏电力辅助服务（调频）市场交易规则（试行）》的通知,机器抽取,由规则词典抽取，尚未人工校验,否,,待人工复核,2026-05-05 01:24:21
AUTO-20260427-A83640585B,关于印发《江苏电力市场用户可调负荷参与辅助服务市场交易规则（试行）》的通知,机器抽取,由规则词典抽取，尚未人工校验,否,,待人工复核,2026-05-05 01:24:21
AUTO-20260427-56F605665F,关于印发《江苏省电力中长期交易规则（2023版）》的通知,机器抽取,由规则词典抽取，尚未人工校验,否,,待人工复核,2026-05-05 01:24:21
AUTO-20260427-3B4DEB2D95,浙江能源监管办 省发展改革委 省能源局关于印发《浙江电力现货市场规则》的通知,机器抽取,由规则词典抽取，尚未人工校验,否,,待人工复核,2026-05-05 01:24:21
AUTO-20260427-D808C3C69B,浙江能源监管办关于征求《关于做好浙江省长三角“两个细则”结算试运行有关事项的通知（征求意见稿）》意见的函,机器抽取,由规则词典抽取，尚未人工校验,否,,待人工复核,2026-05-05 01:24:21
AUTO-20260427-0B5231DDC9,关于公开征求《四川电力辅助服务市场交易实施细则（征求意见稿）》意见的通知,机器抽取,由规则词典抽取，尚未人工校验,否,,待人工复核,2026-05-05 01:24:21
AUTO-20260427-AD1ACA65D0,关于公开征求《四川电力市场中长期交易规则（2024年修订版）补充修订条款》意见的通知,机器抽取,由规则词典抽取，尚未人工校验,否,,待人工复核,2026-05-05 01:24:21
AUTO-20260427-04351EFDD0,关于印发2026年浙江省电力中长期交易合同示范文本的通知,机器抽取,由规则词典抽取，尚未人工校验,否,,待人工复核,2026-05-05 01:24:21
AUTO-20260427-E623436BEE,浙江能源监管办关于贯彻落实《电力市场信息披露基本规则》有关事项的通知,机器抽取,由规则词典抽取，尚未人工校验,否,,待人工复核,2026-05-05 01:24:21
AUTO-20260427-3CBC11905B,关于印发《电力市场规则体系（V16.0）》的通知,机器抽取,由规则词典抽取，尚未人工校验,否,,待人工复核,2026-05-05 01:24:21
AUTO-20260427-8B8776AC2F,关于印发《推动绿电直连项目有序建设实施方案》的通知,机器抽取,由规则词典抽取，尚未人工校验,否,,待人工复核,2026-05-05 01:24:21
AUTO-20260427-1188644239,关于印发《江苏电力并网运行管理实施细则》《江苏电力辅助服务管理实施细则》的通知,机器抽取,由规则词典抽取，尚未人工校验,否,,待人工复核,2026-05-05 01:24:21
AUTO-20260427-D4EAEA6B13,关于征求四川电力中长期市场实施细则有关意见的函,机器抽取,由规则词典抽取，尚未人工校验,否,,待人工复核,2026-05-05 01:24:21
AUTO-20260427-3A34896615,关于开展江苏售电企业电力市场交易规则执行情况专项监管工作的通知,机器抽取,由规则词典抽取，尚未人工校验,否,,待人工复核,2026-05-05 01:24:21
AUTO-20260427-22A1964B41,关于印发《江苏省分布式发电市场化交易规则（试行）》的通知,机器抽取,由规则词典抽取，尚未人工校验,否,,待人工复核,2026-05-05 01:24:21
AUTO-20260427-9F3288D69E,关于印发《江苏省电力中长期交易规则》的通知,机器抽取,由规则词典抽取，尚未人工校验,否,,待人工复核,2026-05-05 01:24:21
AUTO-20260427-DD7C4546BF,关于征求《华东区域跨省电力中长期交易规则（修订稿）》意见的函,机器抽取,由规则词典抽取，尚未人工校验,否,,待人工复核,2026-05-05 01:24:21
AUTO-20260427-FB654119A3,关于印发《新疆电力中长期市场实施细则》的通知,机器抽取,由规则词典抽取，尚未人工校验,否,,待人工复核,2026-05-05 01:24:21
AUTO-20260427-C4E6EA0484,关于印发山西省电力市场化交易专项整治工作方案的通知,机器抽取,由规则词典抽取，尚未人工校验,否,,待人工复核,2026-05-05 01:24:21
AUTO-20260427-C3DDFE1C05,关于山西电力现货市场由试运行转正式运行的通知,机器抽取,由规则词典抽取，尚未人工校验,否,,待人工复核,2026-05-05 01:24:21
AUTO-20260427-A5A96B278D,关于印发电力市场规则体系（V14.0）的通知,机器抽取,由规则词典抽取，尚未人工校验,否,,待人工复核,2026-05-05 01:24:21
AUTO-20260427-98DA675CE3,关于印发电力市场规则体系（V14.0）的通知,机器抽取,由规则词典抽取，尚未人工校验,否,,待人工复核,2026-05-05 01:24:21
AUTO-20260427-2A3ABE6092,浙江能源监管办关于印发2025年浙江省电力中长期交易合同示范文本的通知,机器抽取,由规则词典抽取，尚未人工校验,否,,待人工复核,2026-05-05 01:24:21
AUTO-20260427-5C3FEF8C0F,关于印发《电力市场规则体系（V15.0）》的通知,机器抽取,由规则词典抽取，尚未人工校验,否,,待人工复核,2026-05-05 01:24:21
AUTO-20260427-002763E163,关于印发《新疆电力市场监管实施办法》 的通知 新监能市场〔2025〕24号,机器抽取,由规则词典抽取，尚未人工校验,否,,待人工复核,2026-05-05 01:24:21
AUTO-20260427-DB74AC69C2,浙江能源监管办关于开展2025年电力市场秩序突出问题专项监管的通知,机器抽取,由规则词典抽取，尚未人工校验,否,,待人工复核,2026-05-05 01:24:21
AUTO-20260427-B7B2A6455E,关于开展四川省2025年电力市场秩序突出问题专项监管的通知,机器抽取,由规则词典抽取，尚未人工校验,否,,待人工复核,2026-05-05 01:24:21
AUTO-20260427-08350D960F,关于进一步做好电力市场信息披露工作的通知,机器抽取,由规则词典抽取，尚未人工校验,否,,待人工复核,2026-05-05 01:24:21
AUTO-20260427-4E8F5E6BB6,关于印发《分布式光伏发电开发建设管理实施细则（试行）》的通知,机器抽取,由规则词典抽取，尚未人工校验,否,,待人工复核,2026-05-05 01:24:21
AUTO-20260427-9DEF0F2D44,关于印发《分布式光伏发电开发建设管理实施细则（试行）》的通知,机器抽取,由规则词典抽取，尚未人工校验,否,,待人工复核,2026-05-05 01:24:21
AUTO-20260427-7369F01D27,浙江省发展和改革委员会 浙江省能源局 国家能源局浙江监管办公室关于浙江电力现货市场转正式...,机器抽取,由规则词典抽取，尚未人工校验,否,,待人工复核,2026-05-05 01:24:21
AUTO-20260427-6344CB4B08,关于公开征求《四川电力市场结算细则（征求意见稿）》意见的通知,机器抽取,由规则词典抽取，尚未人工校验,否,,待人工复核,2026-05-05 01:24:21
AUTO-20260427-9AE8418A06,江苏能源监管办关于公开征求《江苏电力调频辅助服务市场交易规则（征求意见稿）》意见的公告,机器抽取,由规则词典抽取，尚未人工校验,否,,待人工复核,2026-05-05 01:24:21
AUTO-20260427-790BD08DF9,关于印发《绿电园区规划、建设和运营工作指引（2025年）》的通知,机器抽取,由规则词典抽取，尚未人工校验,否,,待人工复核,2026-05-05 01:24:21
AUTO-20260427-FDD3BF6D20,关于再次公开征求《四川电力市场结算细则（征求意见稿）》的通知,机器抽取,由规则词典抽取，尚未人工校验,否,,待人工复核,2026-05-05 01:24:21
AUTO-20260427-F694D4BAAB,关于征求2026年浙江省电力中长期交易合同示范文本意见的函,机器抽取,由规则词典抽取，尚未人工校验,否,,待人工复核,2026-05-05 01:24:21
AUTO-20260427-87C8FAFF1E,国家能源局福建监管办公室 福建省发展和改革委员会关于印发《福建电力市场规则体系管理办法（试行）》的通知,机器抽取,由规则词典抽取，尚未人工校验,否,,待人工复核,2026-05-05 01:24:21
AUTO-20260427-8E9C5D7331,关于公开征求《新疆电力中长期市场实施细则（征求意见稿）》意见建议的通知,机器抽取,由规则词典抽取，尚未人工校验,否,,待人工复核,2026-05-05 01:24:21
AUTO-20260427-175A83DAA9,关于将山西尚太（四期）、阳曲县绿电园区2个项目纳入省级绿电直连项目清单的通知,机器抽取,由规则词典抽取，尚未人工校验,否,,待人工复核,2026-05-05 01:24:21
AUTO-20260427-3D2FA4A769,关于印发《四川省电力辅助服务管理实施细则》和《四川省电力并网运行管理实施细则...,机器抽取,由规则词典抽取，尚未人工校验,否,,待人工复核,2026-05-05 01:24:21
AUTO-20260502-B85D7DD04E,关于印发《省级电网输配电价定价办法》的通知(发改价格规〔2020〕101号),机器抽取,由规则词典抽取，尚未人工校验,否,,待人工复核,2026-05-05 01:24:21
AUTO-20260502-F19174E368,关于印发《福建省电力市场中长期交易规则》补充修订内容的通知,机器抽取,由规则词典抽取，尚未人工校验,否,,待人工复核,2026-05-05 01:24:21
AUTO-20260502-0628D0B13F,关于印发《贵州电力调峰辅助服务市场交易规则》的通知,机器抽取,由规则词典抽取，尚未人工校验,否,,待人工复核,2026-05-05 01:24:21
AUTO-20260502-32DD0BDC61,国家能源局西北监管局关于做好2025年迎峰度夏能源保供工作的通知（西北监能市场[2025]43号）,机器抽取,由规则词典抽取，尚未人工校验,否,,待人工复核,2026-05-05 01:24:21
AUTO-20260502-C1292B6683,国家能源局西北监管局关于做好2025年迎峰度冬能源保供工作的通知（西北监能市场〔2025〕82号）,机器抽取,由规则词典抽取，尚未人工校验,否,,待人工复核,2026-05-05 01:24:21
AUTO-20260502-EE25AD8C79,关于印发《区域电网输电价格定价办法》的通知(发改价格规〔2020〕100号),机器抽取,由规则词典抽取，尚未人工校验,否,,待人工复核,2026-05-05 01:24:21
AUTO-20260502-67AB5EB68F,关于核定2020～2022年省级电网输配电价的通知(发改价格规〔2020〕1508号),机器抽取,由规则词典抽取，尚未人工校验,否,,待人工复核,2026-05-05 01:24:21
AUTO-20260502-9C5CF5AFC7,关于第三监管周期省级电网输配电价及有关事项的通知(发改价格〔2023〕526号),机器抽取,由规则词典抽取，尚未人工校验,否,,待人工复核,2026-05-05 01:24:21
AUTO-20260502-CA3E4C4B01,关于印发《湖北电网非统调发电企业辅助服务管理实施细则（试行）》的通知,机器抽取,由规则词典抽取，尚未人工校验,否,,待人工复核,2026-05-05 01:24:21
AUTO-20260502-2F839964D5,关于印发《湖北电网非统调发电企业辅助服务管理实施细则（试行）》的通知,机器抽取,由规则词典抽取，尚未人工校验,否,,待人工复核,2026-05-05 01:24:21
AUTO-20260502-AC14F2D45A,关于印发《山东省新建电源接入电网监管暂行办法实施细则(试行)》的通知,机器抽取,由规则词典抽取，尚未人工校验,否,,待人工复核,2026-05-05 01:24:21
AUTO-20260502-938C076F58,关于印发《新疆电力辅助服务市场运营规则》的通知,机器抽取,由规则词典抽取，尚未人工校验,否,,待人工复核,2026-05-05 01:24:21
AUTO-20260502-53881076C7,关于转发《国家发改委 国家能源局关于印发电力中长期交易基本规则的通知》,机器抽取,由规则词典抽取，尚未人工校验,否,,待人工复核,2026-05-05 01:24:21
AUTO-20260502-2EA2D2C696,关于印发《新疆电力市场交易信用评价及评定管理办法（试行）》的通知,机器抽取,由规则词典抽取，尚未人工校验,否,,待人工复核,2026-05-05 01:24:21
AUTO-20260502-AC00442207,关于印发《江苏分布式发电市场化交易及电网企业输配电服务三方合同（示范文本）》的通知,机器抽取,由规则词典抽取，尚未人工校验,否,,待人工复核,2026-05-05 01:24:21
AUTO-20260502-F9194BABA6,福建能源监管办关于转发国家能源局《电力现货市场信息披露办法（暂行）》的通知,机器抽取,由规则词典抽取，尚未人工校验,否,,待人工复核,2026-05-05 01:24:21
AUTO-20260502-4DA9E89D90,关于转发《发电企业与电网企业电费结算办法》的通知,机器抽取,由规则词典抽取，尚未人工校验,否,,待人工复核,2026-05-05 01:24:21
AUTO-20260502-151D70D93E,关于征求《福建电力市场中长期交易规则》补充修订意见的函,机器抽取,由规则词典抽取，尚未人工校验,否,,待人工复核,2026-05-05 01:24:21
AUTO-20260502-51C3E7A2FC,福建能源监管办关于转发国家能源局《发电企业与电网企业电费结算办法》的通知（闽监能市场〔2021〕12号）,机器抽取,由规则词典抽取，尚未人工校验,否,,待人工复核,2026-05-05 01:24:21
AUTO-20260502-63CC94BB35,福建能源监管办关于征求《关于完善福建省电力市场中长期交易规则的若干意见》（征求意见稿）意见的函,机器抽取,由规则词典抽取，尚未人工校验,否,,待人工复核,2026-05-05 01:24:21
AUTO-20260502-249D43FE0F,关于印发《京津唐电网燃煤发电机组灵活性改造能力验收监管暂行办法》的通知,机器抽取,由规则词典抽取，尚未人工校验,否,,待人工复核,2026-05-05 01:24:21
AUTO-20260502-0CE4A6EDB8,关于征求《福建省电力调频辅助服务市场交易规则（试行）（2022年修订版）》（征求意见稿）意见的函,机器抽取,由规则词典抽取，尚未人工校验,否,,待人工复核,2026-05-05 01:24:21
AUTO-20260502-5990BDF80F,国家能源局福建监管办公室关于印发《福建省电力调频辅助服务市场交易规则（试行）（2022年修订版）》的通知（闽监能市场规〔2022〕45号 ）,机器抽取,由规则词典抽取，尚未人工校验,否,,待人工复核,2026-05-05 01:24:21
AUTO-20260502-3381A48EFB,关于征求《山东电网地方公用电厂并网运行管理实施细则》意见的通知,机器抽取,由规则词典抽取，尚未人工校验,否,,待人工复核,2026-05-05 01:24:21
AUTO-20260502-B58BD846B2,关于公布2022年6月新疆电网、 天中、吉泉直流配套电源“两个细则” 考核补偿结果的通知,机器抽取,由规则词典抽取，尚未人工校验,否,,待人工复核,2026-05-05 01:24:21
AUTO-20260502-528AAED7BF,广西电网中调直调电厂辅助服务补偿及并网运行考核清单（2023年1月份）,机器抽取,由规则词典抽取，尚未人工校验,否,,待人工复核,2026-05-05 01:24:21
AUTO-20260502-4BDB59627A,广西电网中调直调电厂辅助服务补偿及并网运行考核清单（2023年2月份）,机器抽取,由规则词典抽取，尚未人工校验,否,,待人工复核,2026-05-05 01:24:21
AUTO-20260502-5D0F7AD380,关于公布2022年7、8月新疆电网、 天中、吉泉直流配套电源“两个细则” 考核补偿结果的通知,机器抽取,由规则词典抽取，尚未人工校验,否,,待人工复核,2026-05-05 01:24:21
AUTO-20260502-1C4010163C,关于公布2022年9、10月新疆电网、天中、吉泉直流配套电源“两个细则”考核补偿结果的通知,机器抽取,由规则词典抽取，尚未人工校验,否,,待人工复核,2026-05-05 01:24:21
AUTO-20260502-D6CB362613,国家能源局浙江监管办公室关于发布浙江电网2023年10-12月份“两个细则”运行结果的通知 2024-03-11,机器抽取,由规则词典抽取，尚未人工校验,否,,待人工复核,2026-05-05 01:24:21
AUTO-20260502-B082375700,关于公布2023年1、2月新疆电网、 天中、吉泉直流配套电源“两个细则” 考核补偿结果的通知,机器抽取,由规则词典抽取，尚未人工校验,否,,待人工复核,2026-05-05 01:24:21
AUTO-20260502-2DEB917D91,关于印发《四川新建电源接入电网监管实施细则》的通知,机器抽取,由规则词典抽取，尚未人工校验,否,,待人工复核,2026-05-05 01:24:21
AUTO-20260502-D745981CF2,国家能源局浙江监管办公室关于发布浙江电网2024年1-3月份“两个细则”运行结果的通知 2024-06-05,机器抽取,由规则词典抽取，尚未人工校验,否,,待人工复核,2026-05-05 01:24:21
AUTO-20260502-84CFE51CF3,关于公布2023年3、4月新疆电网、 天中、吉泉直流配套电源“两个细则” 考核补偿结果的通知,机器抽取,由规则词典抽取，尚未人工校验,否,,待人工复核,2026-05-05 01:24:21
AUTO-20260502-7F6A0EC8C5,关于印发《四川省两项改革涉改乡镇农村电网巩固提升项目省级预算内基本建设投资补助管理办法》的通知（川发改能源规〔2024〕61号）,机器抽取,由规则词典抽取，尚未人工校验,否,,待人工复核,2026-05-05 01:24:21
AUTO-20260502-04A8BBEF37,关于印发《四川省电力辅助服务管理实施细则》和《四川省电力并网管理实施细则》的通知 2024-03-01,机器抽取,由规则词典抽取，尚未人工校验,否,,待人工复核,2026-05-05 01:24:21
AUTO-20260502-82D7DD7E71,关于公布2023年5月、6月新疆电网、 天中、吉泉直流配套电源“两个细则” 考核补偿结果的通知,机器抽取,由规则词典抽取，尚未人工校验,否,,待人工复核,2026-05-05 01:24:21
AUTO-20260502-AC38FC825D,关于公布2023年7月、8月新疆电网、 天中、吉泉直流配套电源“两个细则” 考核补偿结果的通知,机器抽取,由规则词典抽取，尚未人工校验,否,,待人工复核,2026-05-05 01:24:21
AUTO-20260502-12D273D838,关于公布2023年11月、12月新疆电网、天中、吉泉直流配套电源“两个细则”考核补偿结果的通知,机器抽取,由规则词典抽取，尚未人工校验,否,,待人工复核,2026-05-05 01:24:21
AUTO-20260502-95AA629F47,关于公布2023年9月、10月新疆电网、 天中、吉泉直流配套电源“两个细则” 考核补偿结果的通知,机器抽取,由规则词典抽取，尚未人工校验,否,,待人工复核,2026-05-05 01:24:21
AUTO-20260502-D2E612383A,上海市经济信息化委关于发布 《上海电力供应环境可持续性关键绩效指标报告 （2023年度）》的通知,机器抽取,由规则词典抽取，尚未人工校验,否,,待人工复核,2026-05-05 01:24:21
AUTO-20260502-78C667A747,国家能源局西北监管局关于报送2023年度电网企业和发电企业价格与成本信息的通知,机器抽取,由规则词典抽取，尚未人工校验,否,,待人工复核,2026-05-05 01:24:21
AUTO-20260502-99BECE515C,关于印发《四川省电力市场秩序突出问题专项监管实施方案》的通知 2024-06-17,机器抽取,由规则词典抽取，尚未人工校验,否,,待人工复核,2026-05-05 01:24:21
AUTO-20260502-6712165152,国家能源局浙江监管办公室关于发布浙江电网2024年7-9月份“两个细则”运行结果的通知 2024-12-18,机器抽取,由规则词典抽取，尚未人工校验,否,,待人工复核,2026-05-05 01:24:21
AUTO-20260502-6AF7FE5926,国家能源局浙江监管办公室关于发布浙江电网2024年10-12月份“两个细则”运行结果的通知,机器抽取,由规则词典抽取，尚未人工校验,否,,待人工复核,2026-05-05 01:24:21
AUTO-20260502-755A9B598E,国家能源局浙江监管办公室关于发布浙江电网2025年1-3月份“两个细则”运行结果的通知,机器抽取,由规则词典抽取，尚未人工校验,否,,待人工复核,2026-05-05 01:24:21
AUTO-20260502-EA3CB8F3CF,国家能源局浙江监管办公室关于发布浙江电网2025年1-3月份“两个细则”运行结果的通知,机器抽取,由规则词典抽取，尚未人工校验,否,,待人工复核,2026-05-05 01:24:21
AUTO-20260502-60B47C167C,国家能源局浙江监管办公室关于发布浙江电网2025年1-3月份“两个细则”运行结果的通知,机器抽取,由规则词典抽取，尚未人工校验,否,,待人工复核,2026-05-05 01:24:21
AUTO-20260502-E6C404A9A8,浙江能源监管办关于认真贯彻落实《电网安全风险管控办法》的通知 2025-01-07,机器抽取,由规则词典抽取，尚未人工校验,否,,待人工复核,2026-05-05 01:24:21
AUTO-20260502-3623F08B0E,国家能源局浙江监管办公室关于发布浙江电网2025年4-6月份“两个细则”运行结果的通知,机器抽取,由规则词典抽取，尚未人工校验,否,,待人工复核,2026-05-05 01:24:21
AUTO-20260502-E67230368E,四川省能源局关于征集智能电网国家科技重大专项2026年度重大研发攻关需求建议的通知,机器抽取,由规则词典抽取，尚未人工校验,否,,待人工复核,2026-05-05 01:24:21
AUTO-20260502-CC59936556,关于印发《四川省电网侧新型储能项目清单（2025年度）》的通知(川发改能源〔2025〕309号),机器抽取,由规则词典抽取，尚未人工校验,否,,待人工复核,2026-05-05 01:24:21
AUTO-20260502-717F870021,四川省能源局 国家能源局四川监管办公室关于进一步加强我省电网建设项目质量监督和启动验收管理的通知,机器抽取,由规则词典抽取，尚未人工校验,否,,待人工复核,2026-05-05 01:24:21
AUTO-20260502-8B017B6B7F,山西省能源局 国家能源局山西监管办公室 国网山西省电力有限公司关于进一步加强新能源配套送出工程管理推动新能源高质量发展的通知,机器抽取,由规则词典抽取，尚未人工校验,否,,待人工复核,2026-05-05 01:24:21
AUTO-20260502-F3F5060517,四川省发展和改革委员会关于地方电网居民生活用电执行低谷电价政策有关事项的通知,机器抽取,由规则词典抽取，尚未人工校验,否,,待人工复核,2026-05-05 01:24:21
AUTO-20260502-A3BBD32046,关于印发《四川省电网侧新型储能项目清单（2025年第二批）》的通知(川发改能源〔2025〕518号),机器抽取,由规则词典抽取，尚未人工校验,否,,待人工复核,2026-05-05 01:24:21
AUTO-20260502-B841DF8667,华中能源监管局关于公开征求《川渝藏省间电力互济交易实施细则（征求意见稿）》意见的通知,机器抽取,由规则词典抽取，尚未人工校验,否,,待人工复核,2026-05-05 01:24:21
AUTO-20260502-94192CD7A5,关于促进可再生能源绿色电力证书市场高质量发展的意见(发改能源〔2025〕262号),机器抽取,由规则词典抽取，尚未人工校验,否,,待人工复核,2026-05-05 01:24:21
AUTO-20260502-9C1051AE3A,关于促进电网高质量发展的指导意见(发改能源〔2025〕1710号),机器抽取,由规则词典抽取，尚未人工校验,否,,待人工复核,2026-05-05 01:24:21
AUTO-20260502-11A59453A9,关于加强和规范电网规划投资管理工作的通知(发改能源规〔2020〕816号),机器抽取,由规则词典抽取，尚未人工校验,否,,待人工复核,2026-05-05 01:24:21
AUTO-20260502-A406C4F625,关于印发《加快构建新型电力系统行动方案(2024—2027年)》的通知(发改能源〔2024〕1128号),机器抽取,由规则词典抽取，尚未人工校验,否,,待人工复核,2026-05-05 01:24:21
AUTO-20260502-8FBE71AB3F,关于新形势下配电网高质量发展的指导意见(发改能源〔2024〕187号),机器抽取,由规则词典抽取，尚未人工校验,否,,待人工复核,2026-05-05 01:24:21
AUTO-20260502-135D10C5E6,关于核定2020～2022年区域电网输电价格的通知(发改价格规〔2020〕1441号),机器抽取,由规则词典抽取，尚未人工校验,否,,待人工复核,2026-05-05 01:24:21
AUTO-20260502-F1C4251461,关于第三监管周期区域电网输电价格及有关事项的通知(发改价格〔2023〕532号),机器抽取,由规则词典抽取，尚未人工校验,否,,待人工复核,2026-05-05 01:24:21
AUTO-20260502-3F932A6BA5,关于组织开展电网企业代理购电工作有关事项的通知(发改办价格〔2021〕809号),机器抽取,由规则词典抽取，尚未人工校验,否,,待人工复核,2026-05-05 01:24:21
AUTO-20260502-A3DEF63765,关于跨电网经营区常态化电力交易机制方案的复函(发改体改〔2025〕915号),机器抽取,由规则词典抽取，尚未人工校验,否,,待人工复核,2026-05-05 01:24:21
AUTO-20260502-EC360A7FC3,关于进一步做好电网企业代理购电工作的通知(发改办价格〔2022〕1047号),机器抽取,由规则词典抽取，尚未人工校验,否,,待人工复核,2026-05-05 01:24:21
AUTO-20260502-2D4C6E9F5F,华北能源监管局关于印发蒙西电力市场调频、备用两个辅助服务交易实施细则的通知,机器抽取,由规则词典抽取，尚未人工校验,否,,待人工复核,2026-05-05 01:24:21
AUTO-20260502-AD195410B7,华北能源监管局关于印发京津冀绿色电力市场化交易规则及配套优先调度实施细则的通知,机器抽取,由规则词典抽取，尚未人工校验,否,,待人工复核,2026-05-05 01:24:21
AUTO-20260502-0CBB75111D,关于将《华东电网备用辅助服务市场运营规则（试行）》转入正式运行的公告,机器抽取,由规则词典抽取，尚未人工校验,否,,待人工复核,2026-05-05 01:24:21
AUTO-20260502-447019A4E0,华北能源监管局关于印发华北电力调峰辅助服务市场运营规则（试运行版）的通知,机器抽取,由规则词典抽取，尚未人工校验,否,,待人工复核,2026-05-05 01:24:21
AUTO-20260502-618DBAA604,华北能源监管局关于印发京津唐电网参与跨区域省间可再生能源电力现货交易差额收益分配方案的通知,机器抽取,由规则词典抽取，尚未人工校验,否,,待人工复核,2026-05-05 01:24:21
AUTO-20260502-988283654F,华北能源监管局关于印发《华北电力调峰辅助服务市场运营规则》（2019年修订版）的通知,机器抽取,由规则词典抽取，尚未人工校验,否,,待人工复核,2026-05-05 01:24:21
AUTO-20260502-59B23CBDC6,华北能源监管局关于征求蒙西电力市场调频和备用辅助服务交易实施细则意见的函,机器抽取,由规则词典抽取，尚未人工校验,否,,待人工复核,2026-05-05 01:24:21
AUTO-20260502-F372A8F2B7,华北能源监管局关于修订《河北南网电力调峰辅助服务市场运营规则》部分条款的通知,机器抽取,由规则词典抽取，尚未人工校验,否,,待人工复核,2026-05-05 01:24:21
AUTO-20260502-CE737F8C61,关于转发国家能源局《发电企业与电网企业电费结算办法》的通知,机器抽取,由规则词典抽取，尚未人工校验,否,,待人工复核,2026-05-05 01:24:21
AUTO-20260502-91EDC8EDE9,华北能源监管局关于进一步规范电力调峰辅助服务市场结算流程的通知,机器抽取,由规则词典抽取，尚未人工校验,否,,待人工复核,2026-05-05 01:24:21
AUTO-20260502-E3C5794853,关于南方（以广东起步）电力现货市场 2022年结算试运行市场监管有关事项的通知,机器抽取,由规则词典抽取，尚未人工校验,否,,待人工复核,2026-05-05 01:24:21
AUTO-20260502-83C288CD96,关于印发《上海市省间清洁购电交易机制实施办法》的通知,机器抽取,由规则词典抽取，尚未人工校验,否,,待人工复核,2026-05-05 01:24:21
AUTO-20260502-E85F70E1D4,关于印发《上海市省间清洁购电交易机制实施办法（试行）》的通知,机器抽取,由规则词典抽取，尚未人工校验,否,,待人工复核,2026-05-05 01:24:21
AUTO-20260502-DAE6DF96FD,广东省能源局 国家能源局南方监管局关于印发广东省新型储能参与电力市场交易实施方案的通知,机器抽取,由规则词典抽取，尚未人工校验,否,,待人工复核,2026-05-05 01:24:21
AUTO-20260502-BCB05B4725,关于印发《新疆电力中长期交易实施细则（试行）》的通知,机器抽取,由规则词典抽取，尚未人工校验,否,,待人工复核,2026-05-05 01:24:21
AUTO-20260502-9542D0479B,关于印发《新疆电力辅助服务市场运营规则（试行）》的解释说明的通知,机器抽取,由规则词典抽取，尚未人工校验,否,,待人工复核,2026-05-05 01:24:21
AUTO-20260502-B2EA2CE0EA,京津冀绿色电力市场化交易规则（试行）,机器抽取,由规则词典抽取，尚未人工校验,否,,待人工复核,2026-05-05 01:24:21
AUTO-20260502-6A0C52BCCB,国家能源局福建监管办公室关于印发《福建省电力调频辅助服务市场交易规则（试行）》的通知（闽监能市场〔2018〕140号）,机器抽取,由规则词典抽取，尚未人工校验,否,,待人工复核,2026-05-05 01:24:21
AUTO-20260502-B12FCEA11A,华北能源监管局关于公示华北电力调峰辅助服务市场模拟运行试结算报告的公告,机器抽取,由规则词典抽取，尚未人工校验,否,,待人工复核,2026-05-05 01:24:21
AUTO-20260502-5B403CA863,关于印发《〈新疆电力辅助服务市场运营规则（试行）〉的说明》的通知,机器抽取,由规则词典抽取，尚未人工校验,否,,待人工复核,2026-05-05 01:24:21
AUTO-20260502-FB2BC17138,华北能源监管局关于延长华北电力调峰辅助服务市场运行时间的通知,机器抽取,由规则词典抽取，尚未人工校验,否,,待人工复核,2026-05-05 01:24:21
AUTO-20260502-94ED2262D3,华北能源监管局关于公示内蒙古电力调峰辅助服务市场模拟运行试结算报告的公告,机器抽取,由规则词典抽取，尚未人工校验,否,,待人工复核,2026-05-05 01:24:21
AUTO-20260502-602A69864D,华北能源监管局关于征求蒙西电力市场交易规则意见的函,机器抽取,由规则词典抽取，尚未人工校验,否,,待人工复核,2026-05-05 01:24:21
AUTO-20260502-2B57477E38,华北能源监管局关于印发蒙西电力市场系列规则的通知,机器抽取,由规则词典抽取，尚未人工校验,否,,待人工复核,2026-05-05 01:24:21
AUTO-20260502-CFD8C2584A,华北能源监管局关于征求华北电力调峰辅助服务市场运营规则修订意见的函,机器抽取,由规则词典抽取，尚未人工校验,否,,待人工复核,2026-05-05 01:24:21
AUTO-20260502-635E7480F1,华北能源监管局关于修订蒙西电网“两个细则”部分条款的通知,机器抽取,由规则词典抽取，尚未人工校验,否,,待人工复核,2026-05-05 01:24:21
AUTO-20260502-6A681BBFA9,华北能源监管局关于征求《河北南网电力调峰辅助服务市场运营规则》意见的函,机器抽取,由规则词典抽取，尚未人工校验,否,,待人工复核,2026-05-05 01:24:21
AUTO-20260502-342ED97968,华北能源监管局关于开展河北南网电力调峰辅助服务市场模拟运行的通知,机器抽取,由规则词典抽取，尚未人工校验,否,,待人工复核,2026-05-05 01:24:21
AUTO-20260502-104BC7F6EB,福建能源监管办关于印发《福建省电力调频辅助服务市场交易规则（试行）（2019年修订版）》的通知（闽监能市场〔2019〕113 号）,机器抽取,由规则词典抽取，尚未人工校验,否,,待人工复核,2026-05-05 01:24:21
AUTO-20260502-DA8C7B1FD4,华北能源监管局关于公开征求京津唐电网电力中长期交易结算规则意见的公告,机器抽取,由规则词典抽取，尚未人工校验,否,,待人工复核,2026-05-05 01:24:21
AUTO-20260502-FD0E0EB601,关于征求《四川自动发电控制辅助服务市场交易细则（试行）（2020年修订版）》（征求意见稿）意见的函,机器抽取,由规则词典抽取，尚未人工校验,否,,待人工复核,2026-05-05 01:24:21
AUTO-20260502-3D0367B587,关于印发《四川电力中长期交易规则》的通知,机器抽取,由规则词典抽取，尚未人工校验,否,,待人工复核,2026-05-05 01:24:21
AUTO-20260502-3CD55C11B6,关于印发《四川电力中长期交易规则》的通知,机器抽取,由规则词典抽取，尚未人工校验,否,,待人工复核,2026-05-05 01:24:21
AUTO-20260502-3309DC7CA7,关于开展电力市场交易规则体系建设情况调研的函,机器抽取,由规则词典抽取，尚未人工校验,否,,待人工复核,2026-05-05 01:24:21
AUTO-20260502-D90E15BDC5,关于印发《南方区域电力市场监管实施办法（试行）》的通知,机器抽取,由规则词典抽取，尚未人工校验,否,,待人工复核,2026-05-05 01:24:21
AUTO-20260502-08415C6396,南方能源监管局审定发布2022年南方（以广东起步）现货市场试运行市场规则体系,机器抽取,由规则词典抽取，尚未人工校验,否,,待人工复核,2026-05-05 01:24:21
AUTO-20260502-78DE621070,关于四川电网第三监管周期输配电价及有关事项的通知（川发改价格〔2023〕233号）,机器抽取,由规则词典抽取，尚未人工校验,否,,待人工复核,2026-05-05 01:24:21
AUTO-20260502-ABF8F264A5,关于印发《上海市绿色电力交易实施方案》的通知,机器抽取,由规则词典抽取，尚未人工校验,否,,待人工复核,2026-05-05 01:24:21
AUTO-20260502-70D4C9F4D7,关于印发《上海市配电网升级改造三年行动计划 （2023－2025年）实施方案》的通知,机器抽取,由规则词典抽取，尚未人工校验,否,,待人工复核,2026-05-05 01:24:21
AUTO-20260502-8F611517B8,关于印发《上海市新型电力系统调节能力奖励资金管理办法》的通知,机器抽取,由规则词典抽取，尚未人工校验,否,,待人工复核,2026-05-05 01:24:21
AUTO-20260502-35862D6B84,关于转发《国家发展改革委关于第三监管周期省级电网输配电价及有关事项的通知》的通知,机器抽取,由规则词典抽取，尚未人工校验,否,,待人工复核,2026-05-05 01:24:21
AUTO-20260502-1C89E2775E,关于转发《国家发展改革委办公厅 国家能源局综合司关于加快推进电力现货市场建设工作的通知》的通知,机器抽取,由规则词典抽取，尚未人工校验,否,,待人工复核,2026-05-05 01:24:21
AUTO-20260502-25191CE6EB,关于转发《国家能源局关于印发的通知》的通知,机器抽取,由规则词典抽取，尚未人工校验,否,,待人工复核,2026-05-05 01:24:21
AUTO-20260502-570F289F2B,内蒙古自治区能源局 国家能源局华北监管局 内蒙古自治区发展改革委关于蒙西电力现货市场由试运行转入正式运行的通知,机器抽取,由规则词典抽取，尚未人工校验,否,,待人工复核,2026-05-05 01:24:21
AUTO-20260502-7ECF6F91DA,内蒙古自治区能源局 自治区工业和信息化厅关于印发《内蒙古自治区蒙西电网需求侧响应实施细则（1.0版）》的通知,机器抽取,由规则词典抽取，尚未人工校验,否,,待人工复核,2026-05-05 01:24:21
AUTO-20260502-80D4ECD388,北京市经济和信息化局关于印发《北京市新型储能产业发展实施方案（2024—2027年）》的通知,机器抽取,由规则词典抽取，尚未人工校验,否,,待人工复核,2026-05-05 01:24:21
AUTO-20260502-5CD4474B0A,广东省发展改革委 广东省能源局转发关于进一步推动新型储能参与电力市场和调度运用和“十四五”新型储能发展实施方案的通知,机器抽取,由规则词典抽取，尚未人工校验,否,,待人工复核,2026-05-05 01:24:21
AUTO-20260502-C970B071A7,广东省能源局关于印发广东省推进能源高质量发展实施方案的通知,机器抽取,由规则词典抽取，尚未人工校验,否,,待人工复核,2026-05-05 01:24:21
AUTO-20260502-B8AE541F27,关于印发《山东省电力用户与发电企业直接交易规则(试行)》的通知,机器抽取,由规则词典抽取，尚未人工校验,否,,待人工复核,2026-05-05 01:24:21
AUTO-20260502-8836090C52,关于修订《山东省电力用户与发电企业直接交易规则》的通知,机器抽取,由规则词典抽取，尚未人工校验,否,,待人工复核,2026-05-05 01:24:21
AUTO-20260502-9D85E1DB7A,关于印发《贵州省电力市场交易规则（试行）》的通知,机器抽取,由规则词典抽取，尚未人工校验,否,,待人工复核,2026-05-05 01:24:21
AUTO-20260502-BD7CBEE06E,关于转发《国家发展改革委 国家能源局关于印发的通知》的通知,机器抽取,由规则词典抽取，尚未人工校验,否,,待人工复核,2026-05-05 01:24:21
AUTO-20260502-82EA1B2BDB,关于修订2017年电力直接交易规则的通知,机器抽取,由规则词典抽取，尚未人工校验,否,,待人工复核,2026-05-05 01:24:21
AUTO-20260502-16C823ACD2,关于印发《新疆电力辅助服务市场运营规则（试行）》的通知,机器抽取,由规则词典抽取，尚未人工校验,否,,待人工复核,2026-05-05 01:24:21
AUTO-20260502-D4AAD508AA,关于印发《江苏省电力中长期交易规则（暂行）》的通知,机器抽取,由规则词典抽取，尚未人工校验,否,,待人工复核,2026-05-05 01:24:21
AUTO-20260502-C0039114F9,福建能源监管办关于征求《福建省电力市场交易规则(试行)》拟修订和补充条款意见的函（闽监能函〔2018〕148 号）,机器抽取,由规则词典抽取，尚未人工校验,否,,待人工复核,2026-05-05 01:24:21
AUTO-20260502-936B478D1F,关于做好2019年电力市场化交易注册绑定有关工作的通知,机器抽取,由规则词典抽取，尚未人工校验,否,,待人工复核,2026-05-05 01:24:21
AUTO-20260502-5359AA8284,华北能源监管局关于印发《冀北电网集中式光伏扶贫电站优先调度实施细则（试行）》的通知,机器抽取,由规则词典抽取，尚未人工校验,否,,待人工复核,2026-05-05 01:24:21
AUTO-20260502-5B0D55E3A4,关于印发《新疆区域新能源发电企业与燃煤自备电厂调峰替代交易实施细则（暂行）》补充条款的通知,机器抽取,由规则词典抽取，尚未人工校验,否,,待人工复核,2026-05-05 01:24:21
AUTO-20260502-2950343FAA,关于印发《新疆区域电力市场信息披露实施细则（试行）》的通知,机器抽取,由规则词典抽取，尚未人工校验,否,,待人工复核,2026-05-05 01:24:21
AUTO-20260502-B2EB4E219D,国家能源局福建监管办公室关于印发《福建省电力辅助服务（调峰）交易规则（试行）》补充修订内容的通知（闽监能市场〔2018〕138号）,机器抽取,由规则词典抽取，尚未人工校验,否,,待人工复核,2026-05-05 01:24:21
AUTO-20260502-F9FA14325D,江苏能源监管办关于印发《江苏增量配电网企业供电服务规范（试行）》的通知,机器抽取,由规则词典抽取，尚未人工校验,否,,待人工复核,2026-05-05 01:24:21
AUTO-20260502-60F4C79A3D,关于印发《新疆电力市场监管实施细则（试行）》的通知,机器抽取,由规则词典抽取，尚未人工校验,否,,待人工复核,2026-05-05 01:24:21
AUTO-20260502-F67E0AF46B,山东能源监管办关于征求风电场并网管理运行管理实施细则修订意见的通知,机器抽取,由规则词典抽取，尚未人工校验,否,,待人工复核,2026-05-05 01:24:21
AUTO-20260502-565A5A12EC,国家能源局印发《关于加强电力中长期交易监管的意见》的通知（国能发监管〔2019〕70号）,机器抽取,由规则词典抽取，尚未人工校验,否,,待人工复核,2026-05-05 01:24:21
AUTO-20260502-B0BD036641,关于转发《国家能源局印发关于加强电力中长期交易监管的意见的通知》的通知,机器抽取,由规则词典抽取，尚未人工校验,否,,待人工复核,2026-05-05 01:24:21
AUTO-20260502-91F27D9B7D,关于印发《新疆电力市场信息报送实施细则（试行）》的通知,机器抽取,由规则词典抽取，尚未人工校验,否,,待人工复核,2026-05-05 01:24:21
AUTO-20260502-975B75285D,福建能源监管办关于征求《福建省电力调峰辅助服务交易规则（试行）（2020年修订版）》（征求意见稿）修改意见的函,机器抽取,由规则词典抽取，尚未人工校验,否,,待人工复核,2026-05-05 01:24:21
AUTO-20260502-3BF8700E79,国家能源局福建监管办公室关于印发《福建省电力调峰辅助服务交易规则(试行)(2020年修订版)》的通知,机器抽取,由规则词典抽取，尚未人工校验,否,,待人工复核,2026-05-05 01:24:21
AUTO-20260502-A765E1CC44,国家能源局华中监管局关于印发《华中区域并网发电厂辅助服务管理实施细则》和《华中区域发电厂并网运行管理实施细则》的通知,机器抽取,由规则词典抽取，尚未人工校验,否,,待人工复核,2026-05-05 01:24:21
AUTO-20260502-CCC64E163E,华北能源监管局关于公开征求京津冀绿色电力市场化交易规则和京津冀绿色电力市场化交易优先调度实施细则意见,机器抽取,由规则词典抽取，尚未人工校验,否,,待人工复核,2026-05-05 01:24:21
AUTO-20260502-7E77F18093,关于印发《南方区域发电厂并网运行管理实施细则》及《南方区域并网发电厂辅助服务管理实施细则》（2020,机器抽取,由规则词典抽取，尚未人工校验,否,,待人工复核,2026-05-05 01:24:21
AUTO-20260502-816135392C,市工业和信息化局关于印发2021年春节期间电力需求响应实施细则的通知,机器抽取,由规则词典抽取，尚未人工校验,否,,待人工复核,2026-05-05 01:24:21
AUTO-20260502-DD952557A2,四川能源监管办发布新版电力中长期交易规则,机器抽取,由规则词典抽取，尚未人工校验,否,,待人工复核,2026-05-05 01:24:21
AUTO-20260502-63DBCD549E,关于印发《广东、广西、海南及南方区域跨省区清洁能源消纳情况综合监管实施方案》的通知,机器抽取,由规则词典抽取，尚未人工校验,否,,待人工复核,2026-05-05 01:24:21
AUTO-20260502-BD716B69BA,关于印发福建省配电网建设及供电能力重点监管工作方案的通知（闽监能稽查〔2021〕40号 ）,机器抽取,由规则词典抽取，尚未人工校验,否,,待人工复核,2026-05-05 01:24:21
AUTO-20260502-9819FB14BF,市工业和信息化局关于印发2021年夏季电力需求响应实施细则的通知,机器抽取,由规则词典抽取，尚未人工校验,否,,待人工复核,2026-05-05 01:24:21
AUTO-20260502-887CA055C6,关于统调统分燃煤发电市场化交易配比电量上网电价有关事项的通知（川发改价格〔2021〕265号）,机器抽取,由规则词典抽取，尚未人工校验,否,,待人工复核,2026-05-05 01:24:21
AUTO-20260502-C561726DF7,国家能源局华中监管局 西藏自治区能源局关于印发《西藏自治区电力中长期交易实施细则》的通知,机器抽取,由规则词典抽取，尚未人工校验,否,,待人工复核,2026-05-05 01:24:21
AUTO-20260502-E0C1290415,浙江能源监管办关于印发2022年浙江省电力中长期交易相关合同示范文本的通知,机器抽取,由规则词典抽取，尚未人工校验,否,,待人工复核,2026-05-05 01:24:21
AUTO-20260502-FCBBC795F1,国家能源局南方监管局广西壮族自治区工业和信息化厅关于《印发广西电力中长期交易规则》的通知,机器抽取,由规则词典抽取，尚未人工校验,否,,待人工复核,2026-05-05 01:24:21
AUTO-20260502-10954479AD,市工业和信息化局关于做好天津市2022年电力市场化交易工作的通知,机器抽取,由规则词典抽取，尚未人工校验,否,,待人工复核,2026-05-05 01:24:21
AUTO-20260502-A53E2100B8,关于印发《四川省电网企业代理购电工作实施方案》的通知（川发改价格〔2021〕544号）,机器抽取,由规则词典抽取，尚未人工校验,否,,待人工复核,2026-05-05 01:24:21
AUTO-20260502-7EEF2D35E6,市工业和信息化局关于印发2022年电力需求响应实施细则的通知,机器抽取,由规则词典抽取，尚未人工校验,否,,待人工复核,2026-05-05 01:24:21
AUTO-20260502-0E281D1CAE,山西省能源局关于印发《源网荷储一体化项目管理办法》的通知,机器抽取,由规则词典抽取，尚未人工校验,否,,待人工复核,2026-05-05 01:24:21
AUTO-20260502-0FBB03FA6C,关于印发《南方区域电力并网运行管理实施细则》《南方区域电力辅助服务管理实施细则》的通知,机器抽取,由规则词典抽取，尚未人工校验,否,,待人工复核,2026-05-05 01:24:21
AUTO-20260502-C9353A3B5B,关于印发《江苏电力并网运行管理实施细则》《江苏电力辅助服务管理实施细则》的通知,机器抽取,由规则词典抽取，尚未人工校验,否,,待人工复核,2026-05-05 01:24:21
AUTO-20260502-94D2FE448E,山西省能源局关于印发《“十四五”新型储能发展实施方案》的通知,机器抽取,由规则词典抽取，尚未人工校验,否,,待人工复核,2026-05-05 01:24:21
AUTO-20260502-DEF04B1A76,市工业和信息化局关于做好天津市2023年电力市场化交易工作的通知,机器抽取,由规则词典抽取，尚未人工校验,否,,待人工复核,2026-05-05 01:24:21
AUTO-20260502-4804A59980,市工业和信息化局关于印发2023年春节期间电力需求响应实施细则的通知,机器抽取,由规则词典抽取，尚未人工校验,否,,待人工复核,2026-05-05 01:24:21
AUTO-20260502-3905C0AD10,山西省发展和改革委员会山西省能源局关于印发《山西省煤炭行业碳达峰实施方案》的通知,机器抽取,由规则词典抽取，尚未人工校验,否,,待人工复核,2026-05-05 01:24:21
AUTO-20260502-26D33939CF,国家能源局西北监管局关于印发《西北区域电力并网运行管理实施细则》《西北区域电力辅助服务管理实施细则》的通知,机器抽取,由规则词典抽取，尚未人工校验,否,,待人工复核,2026-05-05 01:24:21
AUTO-20260502-2AB70BEFDC,国家能源局西北监管局关于印发《西北区域电力并网运行管理实施细则》《西北区域电力辅助服务管理实施细则》补充规则的通知,机器抽取,由规则词典抽取，尚未人工校验,否,,待人工复核,2026-05-05 01:24:21
AUTO-20260502-116B918776,关于开展2025年电网侧新型储能项目申报工作的通知（川发改能源〔2025〕65号）,机器抽取,由规则词典抽取，尚未人工校验,否,,待人工复核,2026-05-05 01:24:21
AUTO-20260502-07800C683B,山西省能源局关于加强2025年新型储能管理工作的通知,机器抽取,由规则词典抽取，尚未人工校验,否,,待人工复核,2026-05-05 01:24:21
AUTO-20260502-A0DC054507,福建能源监管办关于公开征求《福建电力市场规则体系管理办法（试行）（征求意见稿）》意见的通知,机器抽取,由规则词典抽取，尚未人工校验,否,,待人工复核,2026-05-05 01:24:21
AUTO-20260502-DC02450597,山西省能源局关于印发2025年第三季度新型储能项目库调整清单的通知,机器抽取,由规则词典抽取，尚未人工校验,否,,待人工复核,2026-05-05 01:24:21
AUTO-20260502-4CAB7D0BE0,关于印发《新型储能规模化建设专项行动方案(2025—2027年)》的通知(发改能源〔2025〕1144号),机器抽取,由规则词典抽取，尚未人工校验,否,,待人工复核,2026-05-05 01:24:21
