序号,资料编号,规则名称,文件标题,发布机构,采集来源机构,发布日期,文号,省份,原始适用范围,市场主题,来源类型,权威等级,有效状态,是否原文,原文链接,本地文本路径,备注
1,AUTO-20260424-2ABE953CDD,电力市场注册基本规则,国家能源局关于印发《电力市场注册基本规则》的通知,国家能源局,国家能源局,2024-09-13,国能发监管规〔2024〕76号,全国,全国,电力市场;中长期;现货;辅助服务,官方政策,A,现行有效,是,https://zfxxgk.nea.gov.cn/2024-09/13/c_1212399683.htm,03_处理后文本\2024-09-13_全国_国家能源局_国家能源局关于印发《电力市场注册基本规则》的通知.txt,国家能源局电力市场注册基本规则
2,AUTO-20260424-FD9AA2BEA1,国家发展改革委 国家能源局关于加快建设全国统一电力市场体系的指导意见,国家发展改革委 国家能源局关于加快建设全国统一电力市场体系的指导意见,国家发展改革委;国家能源局,中国政府网,2022-01-30,,全国,全国,电力市场;中长期;现货;辅助服务;省间交易,官方政策,A,现行有效,是,https://www.gov.cn/zhengce/zhengceku/2022-01/30/content_5671296.htm,03_处理后文本\2022-01-30_全国_国家发展改革委_国家能源局_国家发展改革委_国家能源局关于加快建设全国统一电力市场体系的指导意见_国务院部门文件_中国政府网.txt,加快建设全国统一电力市场体系指导意见
3,AUTO-20260424-10A4BBBC6D,电力市场运行基本规则_国家发展和改革委员会,电力市场运行基本规则_国家发展和改革委员会,国家发展改革委,中国政府网,2024-04-18,国家发展改革委令第20号,全国,全国,电力市场,官方政策,A,现行有效,是,https://www.gov.cn/zhengce/202405/content_6951254.htm,03_处理后文本\2024-04-18_全国_国家发展改革委_电力市场运行基本规则_国家发展和改革委员会_中国政府网.txt,电力市场运行基本规则
4,AUTO-20260424-55178B2DFC,省间电力现货交易规则,关于修订省间电力现货交易规则的复函(发改办体改〔2026〕275号),国家发展改革委,国家发展改革委,2026-04-24,发改办体改〔2026〕275号,全国,全国,电力市场;现货;省间交易,官方政策,A,现行有效,是,https://www.ndrc.gov.cn/xxgk/zcfb/tz/202604/t20260424_1404861.html,03_处理后文本\2026-04-24_全国_国家发展改革委_【关于修订省间电力现货交易规则的复函(发改办体改〔2026〕275号)】-国家发展和改革委员会.txt,修订省间电力现货交易规则复函
5,AUTO-20260424-97CB3F74FC,华中区域省间电力中长期市场实施细则,国家能源局华中监管局关于印发《华中区域省间电力中长期市场实施细则》的通知,国家能源局华中监管局,国家能源局华中监管局,2026-04-09,,重庆;江西;河南;湖北;湖南;四川;西藏,华中区域,中长期;省间交易,监管规则,A,现行有效,是,https://hzj.nea.gov.cn/dtyw/tzgg/202604/t20260409_299361.html,03_处理后文本\2026-04-09_华中区域_国家能源局华中监管局_国家能源局华中监管局关于印发《华中区域省间电力中长期市场实施细则》的通知.txt,华中区域省间电力中长期市场实施细则
6,AUTO-20260424-663B4D5B07,湖北省电力中长期市场实施细则,关于印发《湖北省电力中长期市场实施细则》的通知,国家能源局华中监管局,国家能源局华中监管局,2026-04-14,,湖北,湖北,中长期,监管规则,A,现行有效,是,https://hzj.nea.gov.cn/dtyw/tzgg/202604/t20260414_299623.html,03_处理后文本\2026-04-14_湖北_国家能源局华中监管局_关于印发《湖北省电力中长期市场实施细则》的通知.txt,湖北省电力中长期市场实施细则
7,AUTO-20260424-674A18FA03,山东电力市场规则(试行),关于印发《山东电力市场规则(试行)》的通知,国家能源局山东监管办公室,国家能源局山东监管办公室,2025-12-17,鲁监能市场规〔2025〕57号,山东,山东,电力市场,监管规则,A,现行有效,是,https://sdb.nea.gov.cn/dtyw/tzgg/202512/t20251217_292527.html,03_处理后文本\2025-12-17_山东_国家能源局山东监管办公室_关于印发《山东电力市场规则(试行)》的通知_国家能源局山东监管办公室.txt,山东电力市场规则试行版
8,AUTO-20260424-08F5111897,山东省电力并网运行管理实施细则;山东省电力辅助服务管理实施细则,关于印发《山东省电力并网运行管理实施细则》《山东省电力辅助服务管理实施细则》(修订稿)的通知,国家能源局山东监管办公室,国家能源局山东监管办公室,2026-01-06,鲁监能市场规〔2025〕63号,山东,山东,辅助服务;并网运行,监管规则,A,现行有效,是,https://sdb.nea.gov.cn/dtyw/tzgg/202601/t20260106_293691.html,03_处理后文本\2026-01-06_山东_国家能源局山东监管办公室_关于印发《山东省电力并网运行管理实施细则》《山东省电力辅助服务管理实施细则》(修订稿)的通知_国家能源局山东监管办公室.txt,山东省电力并网运行与辅助服务管理实施细则修订稿
9,AUTO-20260424-E89DAD0775,南方区域电力市场中长期电能量交易实施细则等5项实施细则,南方区域电力市场中长期电能量交易实施细则等5项实施细则,广州电力交易中心,广州电力交易中心,2025-06-22,,广东;广西;海南;贵州;云南,南方区域,电力市场;中长期,交易规则,A,现行有效,是,https://www.gzpec.cn/law/jygz/202506/t20250624_34712.html,03_处理后文本\2025-06-22_南方区域_广州电力交易中心_广州电力交易中心.txt,南方区域电力市场中长期电能量交易实施细则等5项实施细则
10,AUTO-20260425-54244C417B,电力辅助服务市场基本规则,关于印发《电力辅助服务市场基本规则》的通知(发改能源规〔2025〕411号),国家发展改革委;国家能源局,国家发展改革委,2025-04-29,发改能源规〔2025〕411号,全国,全国,辅助服务;电力市场,官方政策,A,现行有效,是,https://www.ndrc.gov.cn/xxgk/zcfb/ghxwj/202504/t20250429_1397483.html,03_处理后文本\2025-04-29_全国_国家发展改革委_国家能源局_【关于印发《电力辅助服务市场基本规则》的通知(发改能源规〔2025〕411号)】-国家发展和改革委员会.txt,国家发展改革委 国家能源局关于印发《电力辅助服务市场基本规则》的通知
11,AUTO-20260425-D49D5FABE6,重庆市电力中长期市场实施细则,关于印发《重庆市电力中长期市场实施细则》的通知,国家能源局派出机构,国家能源局华中监管局,2026-04-14,,重庆,华中区域,中长期,监管规则,B,现行有效,是,https://hzj.nea.gov.cn/dtyw/tzgg/202604/t20260414_299624.html,03_处理后文本\2026-04-14_华中区域_国家能源局派出机构_关于印发《重庆市电力中长期市场实施细则》的通知.txt,关于印发《重庆市电力中长期市场实施细则》的通知 2026-04-14
12,AUTO-20260425-712572408D,西藏自治区电力中长期市场实施细则,关于印发《西藏自治区电力中长期市场实施细则》的通知,国家能源局派出机构,国家能源局华中监管局,2026-04-14,,西藏,华中区域,中长期,监管规则,B,现行有效,是,https://hzj.nea.gov.cn/dtyw/tzgg/202604/t20260414_299625.html,03_处理后文本\2026-04-14_华中区域_国家能源局派出机构_关于印发《西藏自治区电力中长期市场实施细则》的通知.txt,关于印发《西藏自治区电力中长期市场实施细则》的通知 2026-04-14
13,AUTO-20260425-A74926FCBF,江西省电力中长期市场实施细则,关于印发《江西省电力中长期市场实施细则》的通知,国家能源局派出机构,国家能源局华中监管局,2026-04-14,,江西,华中区域,中长期,监管规则,B,现行有效,是,https://hzj.nea.gov.cn/dtyw/tzgg/202604/t20260414_299627.html,03_处理后文本\2026-04-14_华中区域_国家能源局派出机构_关于印发《江西省电力中长期市场实施细则》的通知.txt,关于印发《江西省电力中长期市场实施细则》的通知 2026-04-14
14,AUTO-20260425-9A3E9D6FC0,山东电力市场监管办法(征求意见稿),关于公开征求《山东电力市场监管办法(征求意见稿)》等意见的通知,国家能源局派出机构,国家能源局山东监管办公室,2026-03-27,,山东,山东,电力市场,监管规则,B,征求意见,是,https://sdb.nea.gov.cn/dtyw/tzgg/202603/t20260327_298703.html,03_处理后文本\2026-03-27_山东_国家能源局派出机构_关于公开征求《山东电力市场监管办法(征求意见稿)》等意见的通知_国家能源局山东监管办公室.txt,关于公开征求《山东电力市场监管办法(征求意见稿)》等意见的通知 2026-03-27
15,AUTO-20260425-01719E4565,山东电力市场规则(试行),关于公开征求《山东电力市场规则(试行)》(征求意见稿)意见的通知,国家能源局派出机构,国家能源局山东监管办公室,2026-03-17,,山东,山东,电力市场,监管规则,B,征求意见,是,https://sdb.nea.gov.cn/dtyw/tzgg/202603/t20260317_298055.html,03_处理后文本\2026-03-17_山东_国家能源局派出机构_关于公开征求《山东电力市场规则(试行)》(征求意见稿)意见的通知_国家能源局山东监管办公室.txt,关于公开征求《山东电力市场规则(试行)》(征求意见稿)意见的通知 2026-03-17
16,AUTO-20260425-D5F253F0B2,重庆市支持智能网联新能源商用产业发展政策措施（2025—2027年）,关于印发重庆市支持智能网联新能源商用产业发展政策措施（2025—2027年）的通知,重庆市经济和信息化委员会,重庆市经济和信息化委员会,2025-12-30,渝经信规范〔2025〕13号,重庆,重庆,新能源,官方政策,A,现行有效,是,https://jjxxw.cq.gov.cn/zwgk_213/zcwj/xzgfxwj/202512/t20251230_15280986.html,03_处理后文本\2025-12-30_重庆_重庆市经济和信息化委员会_重庆市经济和信息化委员会行政规范性文件.txt,重庆市经济和信息化委员会 重庆市财政局 中共重庆市委金融委员会办公室 国家金融监督管理总局重庆监管局 重庆市商务委员会关于印发重庆市支持智能网联新能源商用产业发展政策措施（2025—2027年）的通知 (发文字号：渝经信规范〔2025〕13号成文日期 ：2025年12月30日)
17,AUTO-20260425-509BB407AE,关于下达天津市2023-2024年度电力需求响应资金计划,关于下达天津市2023-2024年度电力需求响应资金计划的通知_委局文件_政务公开,天津市工业和信息化局,天津市工业和信息化局,2025-12-11,津工信电力〔2025〕13号,天津,天津,需求响应,官方政策,A,现行有效,是,https://gyxxh.tj.gov.cn/ZWGK4147/ZCWJ6355/wjwj/202512/t20251211_7197066.html,03_处理后文本\2025-12-11_天津_天津市工业和信息化局_关于下达天津市2023-2024年度电力需求响应资金计划的通知_委局文件_政务公开.txt,关于下达天津市2023-2024年度电力需求响应资金计划的通知2025-12-11
18,AUTO-20260425-474CF655D0,四川省深化新能源上网电价市场化改革实施方案,关于印发《四川省深化新能源上网电价市场化改革实施方案》的通知(川发改价格〔2025〕480号),四川省发展和改革委员会,四川省发展和改革委员会,2025-09-30,川发改价格〔2025〕480号,四川,四川,新能源,官方政策,A,现行有效,是,https://fgw.sc.gov.cn/sfgw/qtwj/2025/9/30/7ba86d11a51442df97eb0ad3b14865c2.shtml,03_处理后文本\2025-09-30_四川_四川省发展和改革委员会_四川省发展和改革委员会.txt,关于印发《四川省深化新能源上网电价市场化改革实施方案》的通知(川发改价格〔2025〕480号)
19,AUTO-20260425-3D4A64C4C0,山东省电力并网运行管理实施细则(征求意见稿);山东省电力辅助服务管理实施细则(征求意见稿),关于公开征求《山东省电力并网运行管理实施细则(征求意见稿)》《山东省电力辅助服务管理实施细则(征求意见稿)》意见的通知,国家能源局派出机构,国家能源局山东监管办公室,2025-09-30,,山东,山东,辅助服务,监管规则,B,征求意见,是,https://sdb.nea.gov.cn/dtyw/tzgg/202509/t20250930_288340.html,03_处理后文本\2025-09-30_山东_国家能源局派出机构_关于公开征求《山东省电力并网运行管理实施细则(征求意见稿)》《山东省电力辅助服务管理实施细则(征求意见稿)》意见的通知_国家能源局山东监管办公室.txt,关于公开征求《山东省电力并网运行管理实施细则(征求意见稿)》《山东省电力辅助服务管理实施... 2025-09-30
20,AUTO-20260425-2B6F6F94C5,山东电力市场规则(试行),关于公开征求《山东电力市场规则(试行)》(征求意见稿)意见的通知,国家能源局派出机构,国家能源局山东监管办公室,2025-07-29,,山东,山东,电力市场,监管规则,B,征求意见,是,https://sdb.nea.gov.cn/dtyw/tzgg/202507/t20250729_284995.html,03_处理后文本\2025-07-29_山东_国家能源局派出机构_关于公开征求《山东电力市场规则(试行)》(征求意见稿)意见的通知_国家能源局山东监管办公室.txt,关于公开征求《山东电力市场规则(试行)》(征求意见稿)意见的通知 2025-07-29
21,AUTO-20260425-0746AF99FD,山东省新能源和新型并网主体涉网安全能力提升工作方案,关于征求《山东省新能源和新型并网主体涉网安全能力提升工作方案》意见的函,国家能源局派出机构,国家能源局山东监管办公室,2025-06-24,,山东,山东,新能源,监管规则,B,现行有效,是,https://sdb.nea.gov.cn/dtyw/tzgg/202506/t20250624_283284.html,03_处理后文本\2025-06-24_山东_国家能源局派出机构_关于征求《山东省新能源和新型并网主体涉网安全能力提升工作方案》意见的函_国家能源局山东监管办公室.txt,关于征求《山东省新能源和新型并网主体涉网安全能力提升工作方案》意见的函 2025-06-24
22,AUTO-20260425-E98D78E2BB,电力市场信息披露基本规则（国能发监管〔2024〕9号）,电力市场信息披露基本规则（国能发监管〔2024〕9号）,广州电力交易中心,广州电力交易中心,2025-05-16,国能发监管〔2024〕9号,广东;广西;海南;贵州;云南,南方区域,电力市场,交易规则,B,现行有效,是,https://www.gzpec.cn/law/jygz/202505/t20250516_34495.html,03_处理后文本\2025-05-16_南方区域_广州电力交易中心_广州电力交易中心.txt,电力市场信息披露基本规则（国能发监管〔2024〕9号）
23,AUTO-20260425-B21BF48126,海南电力市场规则,海南电力市场规则,广州电力交易中心,广州电力交易中心,2025-03-24,,海南,南方区域,电力市场,交易规则,B,现行有效,是,https://www.gzpec.cn/law/jygz/202505/t20250516_34492.html,03_处理后文本\2025-03-24_南方区域_广州电力交易中心_广州电力交易中心.txt,海南电力市场规则
24,AUTO-20260425-F965FCA4C5,广西电力市场规则,广西电力市场规则,广州电力交易中心,广州电力交易中心,2025-04-28,,广西,南方区域,电力市场,交易规则,B,现行有效,是,https://www.gzpec.cn/law/jygz/202505/t20250516_34491.html,03_处理后文本\2025-04-28_南方区域_广州电力交易中心_广州电力交易中心.txt,广西电力市场规则
25,AUTO-20260425-8808868383,广东电力市场规则,广东电力市场规则,广州电力交易中心,广州电力交易中心,2025-04-05,,广东,南方区域,电力市场,交易规则,B,现行有效,是,https://www.gzpec.cn/law/jygz/202505/t20250516_34490.html,03_处理后文本\2025-04-05_南方区域_广州电力交易中心_广州电力交易中心.txt,广东电力市场规则
26,AUTO-20260425-4ECBDBC2ED,天津市深化新能源上网电价市场化改革实施方案,天津市深化新能源上网电价市场化改革实施方案,天津市发展和改革委员会,天津市发展和改革委员会,,,天津,天津,新能源,官方政策,A,现行有效,是,https://fzgg.tj.gov.cn/zwgk_47325/zcfg_47338/zcwjx/fgwj/202510/W020251022356486089649.docx,,天津市深化新能源上网电价市场化改革实施方案.docx
27,AUTO-20260425-53BB03C30D,电力辅助服务市场基本规则,关于印发《电力辅助服务市场基本规则》的通知,广州电力交易中心,广州电力交易中心,2025-04-24,发改能源规〔2025〕411号,广东;广西;海南;贵州;云南,南方区域,辅助服务,交易规则,B,现行有效,是,https://www.gzpec.cn/law/jygz/202504/t20250424_34448.html,03_处理后文本\2025-04-24_南方区域_广州电力交易中心_广州电力交易中心.txt,发改能源规〔2025〕411号_国家发展改革委 国家能源局关于印发《电力辅助服务市场基本规则》的通知
28,AUTO-20260425-921C75C18D,关于我市开展气电价格联动调整有关事项,关于我市开展气电价格联动调整有关事项的通知_价格管理,上海市发展和改革委员会,上海市发展和改革委员会,2026-04-24,沪发改价管〔2026〕19号,上海,上海,电力市场,官方政策,A,现行有效,是,http://fgw.sh.gov.cn/fgw_jggl/20260424/62667a4bb7c44726a46cbe4c60c38c55.html,03_处理后文本\2026-04-24_上海_上海市发展和改革委员会_关于我市开展气电价格联动调整有关事项的通知_价格管理.txt,关于我市开展气电价格联动调整有关事项的通知
29,AUTO-20260425-3BC0A77C4C,关于我市开展气电价格联动调整有关事项,关于我市开展气电价格联动调整有关事项的通知_价格管理,上海市发展和改革委员会,上海市发展和改革委员会,2026-02-26,沪发改价管〔2026〕9号,上海,上海,电力市场,官方政策,A,现行有效,是,http://fgw.sh.gov.cn/fgw_jggl/20260226/9af29306008f42e39689c7490660e438.html,03_处理后文本\2026-02-26_上海_上海市发展和改革委员会_关于我市开展气电价格联动调整有关事项的通知_价格管理.txt,关于我市开展气电价格联动调整有关事项的通知
30,AUTO-20260425-981F2EE25A,关于建立全国统一电力市场评价制度,关于建立全国统一电力市场评价制度的通知(发改办体改〔2025〕1032号),国家发展改革委,国家发展改革委-政策通知,2025-12-17,发改办体改〔2025〕1032号,全国,全国,电力市场,官方政策,A,现行有效,是,https://www.ndrc.gov.cn/xxgk/zcfb/tz/202512/t20251217_1402475.html,03_处理后文本\2025-12-17_全国_国家发展改革委_【关于建立全国统一电力市场评价制度的通知(发改办体改〔2025〕1032号)】-国家发展和改革委员会.txt,关于建立全国统一电力市场评价制度的通知(发改办体改〔2025〕1032号)
31,AUTO-20260425-B3B8DDADB6,关于完善发电侧容量电价机制,关于完善发电侧容量电价机制的通知(发改价格〔2026〕114号),国家发展改革委,国家发展改革委-政策通知,2026-01-30,发改价格〔2026〕114号,全国,全国,容量电价,官方政策,A,现行有效,是,https://www.ndrc.gov.cn/xxgk/zcfb/tz/202601/t20260130_1403524.html,03_处理后文本\2026-01-30_全国_国家发展改革委_【关于完善发电侧容量电价机制的通知(发改价格〔2026〕114号)】-国家发展和改革委员会.txt,关于完善发电侧容量电价机制的通知(发改价格〔2026〕114号)
32,AUTO-20260425-7D4B7A7D59,输配电定价成本监审办法、省级电网输配电价定价办法、区域电网输电价格定价办法和跨省跨区专项工程输电价格定价办法,关于印发输配电定价成本监审办法、省级电网输配电价定价办法、区域电网输电价格定价办法和跨省跨区专项工程输电价格定价办法的通知(发改价格规〔2025〕1490号),国家发展改革委,国家发展改革委,2025-11-27,发改价格规〔2025〕1490号,全国,全国,电力市场,官方政策,A,现行有效,是,https://www.ndrc.gov.cn/xxgk/zcfb/ghxwj/202511/t20251127_1401964.html,03_处理后文本\2025-11-27_全国_国家发展改革委_【关于印发输配电定价成本监审办法、省级电网输配电价定价办法、区域电网输电价格定价办法和跨省跨区专项工程输电价格定价办法的通知(发改价格规〔2025〕1490号)】-国家发展和改革委员会.txt,关于印发输配电定价成本监审办法、省级电网输配电价定价办法、区域电网输电价格定价办法和跨省跨区专项工程输电价格定价办法的通知(发改价格规〔2025〕1490号)
33,AUTO-20260425-02AD665464,南方区域电力市场配套实施细则,关于印发南方区域电力市场配套实施细则的通知,广州电力交易中心,广州电力交易中心,2024-11-14,,广东;广西;海南;贵州;云南,南方区域,电力市场,交易规则,B,现行有效,是,https://www.gzpec.cn/law/jygz/202502/t20250214_34019.html,03_处理后文本\2024-11-14_南方区域_广州电力交易中心_广州电力交易中心.txt,关于印发南方区域电力市场配套实施细则的通知
34,AUTO-20260425-8469367611,电力市场计量结算基本规则,关于印发《电力市场计量结算基本规则》的通知(发改能源规〔2025〕976号),国家发展改革委,国家发展改革委,2025-08-06,发改能源规〔2025〕976号,全国,全国,电力市场;计量结算,官方政策,A,现行有效,是,https://www.ndrc.gov.cn/xxgk/zcfb/ghxwj/202508/t20250806_1399686.html,03_处理后文本\2025-08-06_全国_国家发展改革委_【关于印发《电力市场计量结算基本规则》的通知(发改能源规〔2025〕976号)】-国家发展和改革委员会.txt,关于印发《电力市场计量结算基本规则》的通知(发改能源规〔2025〕976号)
35,AUTO-20260425-F67BBBF923,电力中长期市场基本规则,关于印发《电力中长期市场基本规则》的通知(发改能源规〔2025〕1656号),国家发展改革委,国家发展改革委,2025-12-26,发改能源规〔2025〕1656号,全国,全国,中长期,官方政策,A,现行有效,是,https://www.ndrc.gov.cn/xxgk/zcfb/ghxwj/202512/t20251226_1402666.html,03_处理后文本\2025-12-26_全国_国家发展改革委_【关于印发《电力中长期市场基本规则》的通知(发改能源规〔2025〕1656号)】-国家发展和改革委员会.txt,关于印发《电力中长期市场基本规则》的通知(发改能源规〔2025〕1656号)
36,AUTO-20260425-6D1818F6CF,关于优化集中式新能源发电企业市场报价,关于优化集中式新能源发电企业市场报价的通知(试行)(发改能源〔2025〕1476号),国家发展改革委,国家发展改革委-政策通知,2025-12-11,发改能源〔2025〕1476号,全国,全国,新能源,官方政策,A,试行,是,https://www.ndrc.gov.cn/xxgk/zcfb/tz/202512/t20251211_1402340.html,03_处理后文本\2025-12-11_全国_国家发展改革委_【关于优化集中式新能源发电企业市场报价的通知(试行)(发改能源〔2025〕1476号)】-国家发展和改革委员会.txt,关于优化集中式新能源发电企业市场报价的通知(试行)(发改能源〔2025〕1476号)
37,AUTO-20260425-19A93F32F1,云南电力市场规则,云南电力市场规则,广州电力交易中心,广州电力交易中心,2024-12-09,,云南,南方区域,电力市场,交易规则,B,现行有效,是,https://www.gzpec.cn/law/jygz/202502/t20250214_34021.html,03_处理后文本\2024-12-09_南方区域_广州电力交易中心_广州电力交易中心.txt,云南电力市场规则
38,AUTO-20260425-3CC677DBE5,北京市发展和改革委员会关于公开征集市政府固定资产投资支持新能源供热项目,北京市发展和改革委员会关于公开征集市政府固定资产投资支持新能源供热项目的通知-本委其他文件-北京市发展和改革委员会,北京市发展和改革委员会,北京市发展和改革委员会,2026-03-09,,北京,北京,新能源,官方政策,A,现行有效,是,https://fgw.beijing.gov.cn/fgwzwgk/2024zcwj/bwqtwj/202603/t20260309_4552994.htm,03_处理后文本\2026-03-09_北京_北京市发展和改革委员会_北京市发展和改革委员会关于公开征集市政府固定资产投资支持新能源供热项目的通知-本委其他文件-北京市发展和改革委员会.txt,[现行有效] 北京市发展和改革委员会关于公开征集市政府固定资产投资支持新能源供热项目的通知
39,AUTO-20260425-3D787AF073,重庆电力中长期市场实施细则（征求意见稿）,关于公开征求《重庆电力中长期市场实施细则（征求意见稿）》意见的通知,国家能源局派出机构,国家能源局华中监管局,2026-01-26,发改能源规〔2025〕1656号,重庆,华中区域,中长期,监管规则,B,征求意见,是,https://hzj.nea.gov.cn/dtyw/tzgg/202601/t20260126_294791.html,03_处理后文本\2026-01-26_华中区域_国家能源局派出机构_关于公开征求《重庆电力中长期市场实施细则（征求意见稿）》意见的通知.txt,关于公开征求《重庆电力中长期市场实施细则（征求意见稿）》意见的通知 2026-01-26
40,AUTO-20260425-63755B61E4,西藏自治区电力中长期市场实施细则（征求意见稿）,关于公开征求《西藏自治区电力中长期市场实施细则（征求意见稿）》意见的通知,国家能源局派出机构,国家能源局华中监管局,2026-01-26,,西藏,华中区域,中长期,监管规则,B,征求意见,是,https://hzj.nea.gov.cn/dtyw/tzgg/202601/t20260126_294793.html,03_处理后文本\2026-01-26_华中区域_国家能源局派出机构_关于公开征求《西藏自治区电力中长期市场实施细则（征求意见稿）》意见的通知.txt,关于公开征求《西藏自治区电力中长期市场实施细则（征求意见稿）》意见的通知 2026-01-26
41,AUTO-20260425-35BEAAF482,湖北省电力中长期市场实施细则（征求意见稿）,关于公开征求《湖北省电力中长期市场实施细则（征求意见稿）》意见的通知,国家能源局派出机构,国家能源局华中监管局,2026-01-26,,湖北,华中区域,中长期,监管规则,B,征求意见,是,https://hzj.nea.gov.cn/dtyw/tzgg/202601/t20260126_294794.html,03_处理后文本\2026-01-26_华中区域_国家能源局派出机构_关于公开征求《湖北省电力中长期市场实施细则（征求意见稿）》意见的通知.txt,关于公开征求《湖北省电力中长期市场实施细则（征求意见稿）》意见的通知 2026-01-26
42,AUTO-20260425-1A6D55E163,江西电力中长期市场实施细则（征求意见稿）,关于公开征求《江西电力中长期市场实施细则（征求意见稿）》意见的通知,国家能源局派出机构,国家能源局华中监管局,2026-01-26,,江西,华中区域,中长期,监管规则,B,征求意见,是,https://hzj.nea.gov.cn/dtyw/tzgg/202601/t20260126_294792.html,03_处理后文本\2026-01-26_华中区域_国家能源局派出机构_关于公开征求《江西电力中长期市场实施细则（征求意见稿）》意见的通知.txt,关于公开征求《江西电力中长期市场实施细则（征求意见稿）》意见的通知 2026-01-26
43,AUTO-20260425-D8A4A0C9BE,华中区域省间电力中长期交易实施细则（征求意见稿）,关于公开征求《华中区域省间电力中长期交易实施细则（征求意见稿）》意见的通知,国家能源局派出机构,国家能源局华中监管局,2026-01-26,,重庆;江西;河南;湖北;湖南;四川;西藏,华中区域,中长期;省间交易,监管规则,B,征求意见,是,https://hzj.nea.gov.cn/dtyw/tzgg/202601/t20260126_294795.html,03_处理后文本\2026-01-26_华中区域_国家能源局派出机构_关于公开征求《华中区域省间电力中长期交易实施细则（征求意见稿）》意见的通知.txt,关于公开征求《华中区域省间电力中长期交易实施细则（征求意见稿）》意见的通知 2026-01-26
44,AUTO-20260425-BD09FE2823,南方区域新能源参与电力市场交易实施方案（试行）,关于印发《南方区域新能源参与电力市场交易实施方案（试行）》的通知,国家能源局派出机构,国家能源局南方监管局,2026-01-04,,广东;广西;海南;贵州;云南,南方区域,电力市场;新能源,监管规则,B,试行,是,https://nfj.nea.gov.cn/xwzx/tzgg/202601/t20260104_293533.html,03_处理后文本\2026-01-04_南方区域_国家能源局派出机构_关于印发《南方区域新能源参与电力市场交易实施方案（试行）》的通知.txt,关于印发《南方区域新能源参与电力市场交易实施方案（试行）》的通知 2026-01-04
45,AUTO-20260425-991CDC4524,广东、广西、海南发电机组参与电力市场交易业务衔接暂行规定,关于印发《广东、广西、海南发电机组参与电力市场交易业务衔接暂行规定》的通知,国家能源局派出机构,国家能源局南方监管局,2025-12-24,,广东;广西;海南,南方区域,电力市场,监管规则,B,现行有效,是,https://nfj.nea.gov.cn/xwzx/tzgg/202512/t20251224_292993.html,03_处理后文本\2025-12-24_南方区域_国家能源局派出机构_关于印发《广东、广西、海南发电机组参与电力市场交易业务衔接暂行规定》的通知.txt,关于印发《广东、广西、海南发电机组参与电力市场交易业务衔接暂行规定》的通知 2025-12-24
46,AUTO-20260425-D5A6AA701E,关于加强辖区中长期批发交易合同签约履约监管,关于加强辖区中长期批发交易合同签约履约监管的通知,国家能源局派出机构,国家能源局南方监管局,2025-12-16,,广东;广西;海南;贵州;云南,南方区域,中长期,监管规则,B,现行有效,是,https://nfj.nea.gov.cn/xwzx/tzgg/202512/t20251216_292441.html,03_处理后文本\2025-12-16_南方区域_国家能源局派出机构_关于加强辖区中长期批发交易合同签约履约监管的通知.txt,关于加强辖区中长期批发交易合同签约履约监管的通知 2025-12-16
47,AUTO-20260425-89CB5D262F,江西省电力市场规则4.0版,国家能源局华中监管局关于征求《江西省电力市场规则4.0版》部分条款修订意见的通知,国家能源局派出机构,国家能源局华中监管局,2025-12-03,,江西,华中区域,电力市场,监管规则,B,现行有效,是,https://hzj.nea.gov.cn/dtyw/tzgg/202512/t20251203_291649.html,03_处理后文本\2025-12-03_华中区域_国家能源局派出机构_国家能源局华中监管局关于征求《江西省电力市场规则4.0版》部分条款修订意见的通知.txt,国家能源局华中监管局关于征求《江西省电力市场规则4.0版》部分条款修订意见的通知 2025-12-03
48,AUTO-20260425-82D40D1344,西藏自治区电力中长期交易实施细则（征求意见稿）,关于公开征求《西藏自治区电力中长期交易实施细则（征求意见稿）》意见的通知,国家能源局派出机构,国家能源局华中监管局,2025-11-22,,西藏,华中区域,中长期,监管规则,B,征求意见,是,https://hzj.nea.gov.cn/dtyw/tzgg/202511/t20251122_290996.html,03_处理后文本\2025-11-22_华中区域_国家能源局派出机构_关于公开征求《西藏自治区电力中长期交易实施细则（征求意见稿）》意见的通知.txt,关于公开征求《西藏自治区电力中长期交易实施细则（征求意见稿）》意见的通知 2025-11-22
49,AUTO-20260425-F75ABE5310,江西省电力市场规则（试行4.0版）,关于印发《江西省电力市场规则（试行4.0版）》的通知,国家能源局派出机构,国家能源局华中监管局,2025-09-23,,江西,华中区域,电力市场,监管规则,B,试行,是,https://hzj.nea.gov.cn/dtyw/tzgg/202509/t20250923_287864.html,03_处理后文本\2025-09-23_华中区域_国家能源局派出机构_关于印发《江西省电力市场规则（试行4.0版）》的通知.txt,关于印发《江西省电力市场规则（试行4.0版）》的通知 2025-09-23
50,AUTO-20260426-A3868601F8,重庆电力中长期交易实施细则（征求意见稿）,国家能源局华中监管局关于公开征求《重庆电力中长期交易实施细则（征求意见稿）》意见的通知,国家能源局派出机构,国家能源局华中监管局,2025-09-17,,重庆,华中区域,中长期,监管规则,B,征求意见,是,https://hzj.nea.gov.cn/dtyw/tzgg/202509/t20250918_287628.html,03_处理后文本\2025-09-17_华中区域_国家能源局派出机构_国家能源局华中监管局关于公开征求《重庆电力中长期交易实施细则（征求意见稿）》意见的通知.txt,国家能源局华中监管局关于公开征求《重庆电力中长期交易实施细则（征求意见稿）》... 2025-09-17
51,AUTO-20260426-DEDA1D301C,华中区域(东四省)省间电力互济市场交易规则,华中能源监管局关于公开征求《华中区域(东四省)省间电力互济市场交易规则》意见的通知,国家能源局派出机构,国家能源局华中监管局,2025-08-01,,重庆;江西;河南;湖北;湖南;四川;西藏,华中区域,省间交易,监管规则,B,征求意见,是,https://hzj.nea.gov.cn/dtyw/tzgg/202508/t20250801_285216.html,03_处理后文本\2025-08-01_华中区域_国家能源局派出机构_华中能源监管局关于公开征求《华中区域(东四省)省间电力互济市场交易规则》意见的通知.txt,华中能源监管局关于公开征求《华中区域(东四省)省间电力互济市场交易规则》意见的通知 2025-08-01
52,AUTO-20260426-482E9580D6,关于提升海南省新能源和新型并网主体涉网安全能力,关于提升海南省新能源和新型并网主体涉网安全能力的通知,国家能源局派出机构,国家能源局南方监管局,2025-08-01,,海南,南方区域,新能源,监管规则,B,现行有效,是,https://nfj.nea.gov.cn/xwzx/tzgg/202508/t20250801_285183.html,03_处理后文本\2025-08-01_南方区域_国家能源局派出机构_关于提升海南省新能源和新型并网主体涉网安全能力的通知.txt,关于提升海南省新能源和新型并网主体涉网安全能力的通知 2025-08-01
53,AUTO-20260426-DBC1C0D7C5,关于提升广西壮族自治区新能源和新型并网主体涉网安全能力,关于提升广西壮族自治区新能源和新型并网主体涉网安全能力的通知,国家能源局派出机构,国家能源局南方监管局,2025-08-01,,广西,南方区域,新能源,监管规则,B,现行有效,是,https://nfj.nea.gov.cn/xwzx/tzgg/202508/t20250801_285182.html,03_处理后文本\2025-08-01_南方区域_国家能源局派出机构_关于提升广西壮族自治区新能源和新型并网主体涉网安全能力的通知.txt,关于提升广西壮族自治区新能源和新型并网主体涉网安全能力的通知 2025-08-01
54,AUTO-20260426-5AA1473F8F,关于提升广东省新能源和新型并网主体涉网安全能力,关于提升广东省新能源和新型并网主体涉网安全能力的通知,国家能源局派出机构,国家能源局南方监管局,2025-08-01,,广东,南方区域,新能源,监管规则,B,现行有效,是,https://nfj.nea.gov.cn/xwzx/tzgg/202508/t20250801_285181.html,03_处理后文本\2025-08-01_南方区域_国家能源局派出机构_关于提升广东省新能源和新型并网主体涉网安全能力的通知.txt,关于提升广东省新能源和新型并网主体涉网安全能力的通知 2025-08-01
55,AUTO-20260426-A4374A2C3D,南方区域电力市场运行规则（试行，2025年V1.0版）,关于印发《南方区域电力市场运行规则（试行，2025年V1.0版）》的通知,国家能源局派出机构,国家能源局南方监管局,2025-06-17,,广东;广西;海南;贵州;云南,南方区域,电力市场,监管规则,B,试行,是,https://nfj.nea.gov.cn/xwzx/tzgg/202506/t20250625_283322.html,03_处理后文本\2025-06-17_南方区域_国家能源局派出机构_关于印发《南方区域电力市场运行规则（试行，2025年V1.0版）》的通知.txt,关于印发《南方区域电力市场运行规则（试行，2025年V1.0版）》的通知 2025-06-17
56,AUTO-20260426-E51176BC68,湖北、江西、重庆电力调频辅助服务市场运行规则,国家能源局华中监管局关于印发《湖北、江西、重庆电力调频辅助服务市场运行规则》的通知,国家能源局派出机构,国家能源局华中监管局,2025-04-02,,重庆;江西;湖北,华中区域,辅助服务,监管规则,B,现行有效,是,https://hzj.nea.gov.cn/dtyw/tzgg/202504/t20250402_279001.html,03_处理后文本\2025-04-02_华中区域_国家能源局派出机构_国家能源局华中监管局关于印发《湖北、江西、重庆电力调频辅助服务市场运行规则》的通知.txt,国家能源局华中监管局关于印发《湖北、江西、重庆电力调频辅助服务市场运行规则》... 2025-04-02
57,AUTO-20260426-0D440B2FA1,重庆市电力中长期交易规则,关于印发《重庆市电力中长期交易规则》的通知,国家能源局派出机构,国家能源局华中监管局,2024-12-19,,重庆,华中区域,中长期,监管规则,B,现行有效,是,https://hzj.nea.gov.cn/dtyw/tzgg/202412/t20241219_274177.html,03_处理后文本\2024-12-19_华中区域_国家能源局派出机构_关于印发《重庆市电力中长期交易规则》的通知.txt,关于印发《重庆市电力中长期交易规则》的通知 2024-12-19
58,AUTO-20260426-2321F82FD1,关于山东电力现货市场由试运行转正式运行,关于山东电力现货市场由试运行转正式运行的通知,国家能源局派出机构,国家能源局山东监管办公室,2024-06-17,鲁监能市场〔2024〕35号,山东,山东,现货,监管规则,B,现行有效,是,https://sdb.nea.gov.cn/dtyw/tzgg/202406/t20240617_264674.html,03_处理后文本\2024-06-17_山东_国家能源局派出机构_关于山东电力现货市场由试运行转正式运行的通知_国家能源局山东监管办公室.txt,关于山东电力现货市场由试运行转正式运行的通知 2024-06-17
59,AUTO-20260426-CAE77C6F94,山东电力市场参数（试行）,关于印发《山东电力市场参数（试行）》的通知,国家能源局派出机构,国家能源局山东监管办公室,2024-05-31,鲁监能市场规〔2024〕30号,山东,山东,电力市场,监管规则,B,试行,是,https://sdb.nea.gov.cn/dtyw/tzgg/202405/t20240531_263857.html,03_处理后文本\2024-05-31_山东_国家能源局派出机构_关于印发《山东电力市场参数（试行）》的通知_国家能源局山东监管办公室.txt,关于印发《山东电力市场参数（试行）》的通知 2024-05-31
60,AUTO-20260426-0E5C62271F,山东电力市场规则(试行),《山东电力市场规则(试行)》编制说明,国家能源局派出机构,国家能源局山东监管办公室,2024-04-20,,山东,山东,电力市场,监管规则,B,试行,是,https://sdb.nea.gov.cn/dtyw/tzgg/202404/t20240420_261036.html,03_处理后文本\2024-04-20_山东_国家能源局派出机构_《山东电力市场规则(试行)》编制说明_国家能源局山东监管办公室.txt,《山东电力市场规则(试行)》编制说明 2024-04-20
61,AUTO-20260426-0A6267C300,山东电力市场参数(试行),关于征求《山东电力市场参数(试行)》(征求意见稿)意见的公告,国家能源局派出机构,国家能源局山东监管办公室,2024-04-19,,山东,山东,电力市场,监管规则,B,征求意见,是,https://sdb.nea.gov.cn/dtyw/tzgg/202404/t20240419_261032.html,03_处理后文本\2024-04-19_山东_国家能源局派出机构_关于征求《山东电力市场参数(试行)》(征求意见稿)意见的公告_国家能源局山东监管办公室.txt,关于征求《山东电力市场参数(试行)》(征求意见稿)意见的公告 2024-04-19
62,AUTO-20260426-CB9FE0315E,山东电力市场规则(试行),关于印发《山东电力市场规则(试行)》的通知,国家能源局派出机构,国家能源局山东监管办公室,2024-04-19,鲁监能市场规〔2024〕24号,山东,山东,电力市场,监管规则,B,试行,是,https://sdb.nea.gov.cn/dtyw/tzgg/202404/t20240419_261034.html,03_处理后文本\2024-04-19_山东_国家能源局派出机构_关于印发《山东电力市场规则(试行)》的通知_国家能源局山东监管办公室.txt,关于印发《山东电力市场规则(试行)》的通知 2024-04-19
63,AUTO-20260426-A4B66C7278,山东电力爬坡辅助服务市场交易规则(试行),关于印发《山东电力爬坡辅助服务市场交易规则(试行)》的通知,国家能源局派出机构,国家能源局山东监管办公室,2024-02-08,,山东,山东,辅助服务,监管规则,B,试行,是,https://sdb.nea.gov.cn/dtyw/tzgg/202402/t20240208_245961.html,03_处理后文本\2024-02-08_山东_国家能源局派出机构_关于印发《山东电力爬坡辅助服务市场交易规则(试行)》的通知_国家能源局山东监管办公室.txt,关于印发《山东电力爬坡辅助服务市场交易规则(试行)》的通知 2024-02-08
64,AUTO-20260426-09ACA5D018,山东电力市场规则(试行),关于公开征求《山东电力市场规则(试行)》(征求意见稿)意见的通知,国家能源局派出机构,国家能源局山东监管办公室,2024-01-08,,山东,山东,电力市场,监管规则,B,征求意见,是,https://sdb.nea.gov.cn/dtyw/tzgg/202401/t20240112_226902.html,03_处理后文本\2024-01-08_山东_国家能源局派出机构_关于公开征求《山东电力市场规则(试行)》(征求意见稿)意见的通知_国家能源局山东监管办公室.txt,关于公开征求《山东电力市场规则(试行)》(征求意见稿)意见的通知 2024-01-08
65,AUTO-20260426-400F4CEBB4,山东电力爬坡辅助服务市场交易规则(征求意见稿),关于征求《山东电力爬坡辅助服务市场交易规则(征求意见稿)》意见的通知,国家能源局派出机构,国家能源局山东监管办公室,2023-08-08,,山东,山东,辅助服务,监管规则,B,征求意见,是,https://sdb.nea.gov.cn/dtyw/tzgg/202309/t20230919_110475.html,03_处理后文本\2023-08-08_山东_国家能源局派出机构_关于征求《山东电力爬坡辅助服务市场交易规则(征求意见稿)》意见的通知_国家能源局山东监管办公室.txt,关于征求《山东电力爬坡辅助服务市场交易规则(征求意见稿)》意见的通知 2023-08-08
66,AUTO-20260426-7DF0C00260,山东省电力并网运行管理实施细则;山东省电力辅助服务管理实施细则,关于印发《山东省电力并网运行管理实施细则》、《山东省电力辅助服务管理实施细则》的通知,国家能源局派出机构,国家能源局山东监管办公室,2023-07-24,,山东,山东,辅助服务,监管规则,B,现行有效,是,https://sdb.nea.gov.cn/dtyw/tzgg/202309/t20230919_110474.html,03_处理后文本\2023-07-24_山东_国家能源局派出机构_关于印发《山东省电力并网运行管理实施细则》、《山东省电力辅助服务管理实施细则》的通知_国家能源局山东监管办公室.txt,关于印发《山东省电力并网运行管理实施细则》、《山东省电力辅助服务管理实施细则》的通知 2023-07-24
67,AUTO-20260426-E982922381,山东省电力中长期交易规则,关于修订《山东省电力中长期交易规则》的通知,国家能源局派出机构,国家能源局山东监管办公室,2021-09-24,鲁监能市场规〔2021〕44号,山东,山东,中长期,监管规则,B,现行有效,是,https://sdb.nea.gov.cn/dtyw/tzgg/202309/t20230919_110462.html,03_处理后文本\2021-09-24_山东_国家能源局派出机构_关于修订《山东省电力中长期交易规则》的通知_国家能源局山东监管办公室.txt,关于修订《山东省电力中长期交易规则》的通知 2021-09-24
68,AUTO-20260426-2E651E50F1,关于公示新增电力中长期交易发电企业(机组)名单,关于公示新增电力中长期交易发电企业(机组)名单的通知 - 2021年3号,国家能源局派出机构,国家能源局山东监管办公室,2021-09-22,,山东,山东,中长期,监管规则,B,现行有效,是,https://sdb.nea.gov.cn/dtyw/tzgg/202309/t20230919_110461.html,03_处理后文本\2021-09-22_山东_国家能源局派出机构_关于公示新增电力中长期交易发电企业(机组)名单的通知_-_2021年3号_国家能源局山东监管办公室.txt,关于公示新增电力中长期交易发电企业(机组)名单的通知 - 2021年3号 2021-09-22
69,AUTO-20260426-65D5E02295,山东电力辅助服务市场运营规则(试行)(2021年修订版)(征求意见稿),山东能源监管办关于《山东电力辅助服务市场运营规则(试行)(2021年修订版)(征求意见稿)》公开征求意见的公告,国家能源局派出机构,国家能源局山东监管办公室,2021-09-03,,山东,山东,辅助服务,监管规则,B,征求意见,是,https://sdb.nea.gov.cn/dtyw/tzgg/202309/t20230919_110459.html,03_处理后文本\2021-09-03_山东_国家能源局派出机构_山东能源监管办关于《山东电力辅助服务市场运营规则(试行)(2021年修订版)(征求意见稿)》公开征求意见的公告_国家能源局山东监管办公室.txt,山东能源监管办关于《山东电力辅助服务市场运营规则(试行)(2021年修订版)(征求意见稿)》公开... 2021-09-03
70,AUTO-20260426-132F8B7686,关于简化山东电力中长期交易合同电量偏差免考核工作流程,关于简化山东电力中长期交易合同电量偏差免考核工作流程的通知,国家能源局派出机构,国家能源局山东监管办公室,2021-08-25,,山东,山东,中长期,监管规则,B,现行有效,是,https://sdb.nea.gov.cn/dtyw/tzgg/202309/t20230919_110457.html,03_处理后文本\2021-08-25_山东_国家能源局派出机构_关于简化山东电力中长期交易合同电量偏差免考核工作流程的通知_国家能源局山东监管办公室.txt,关于简化山东电力中长期交易合同电量偏差免考核工作流程的通知 2021-08-25
71,AUTO-20260426-259ADC9C14,关于简化山东电力中长期交易合同电量偏差免考核工作流程,关于简化山东电力中长期交易合同电量偏差免考核工作流程的通知,国家能源局派出机构,国家能源局山东监管办公室,2021-08-25,,山东,山东,中长期,监管规则,B,现行有效,是,https://sdb.nea.gov.cn/dtyw/tzgg/202309/t20230919_110456.html,03_处理后文本\2021-08-25_山东_国家能源局派出机构_关于简化山东电力中长期交易合同电量偏差免考核工作流程的通知_国家能源局山东监管办公室.txt,关于简化山东电力中长期交易合同电量偏差免考核工作流程的通知 2021-08-25
72,AUTO-20260426-B234995E67,关于公示新增电力中长期交易发电企业(机组)名单,关于公示新增电力中长期交易发电企业(机组)名单的通知 - 2021年2号,国家能源局派出机构,国家能源局山东监管办公室,2021-06-03,,山东,山东,中长期,监管规则,B,现行有效,是,https://sdb.nea.gov.cn/dtyw/tzgg/202309/t20230919_110455.html,03_处理后文本\2021-06-03_山东_国家能源局派出机构_关于公示新增电力中长期交易发电企业(机组)名单的通知_-_2021年2号_国家能源局山东监管办公室.txt,关于公示新增电力中长期交易发电企业(机组)名单的通知 - 2021年2号 2021-06-03
73,AUTO-20260426-46DA048C90,关于公示新增电力中长期交易发电企业(机组)名单,关于公示新增电力中长期交易发电企业(机组)名单的通知 - 2021年1号,国家能源局派出机构,国家能源局山东监管办公室,2021-05-20,,山东,山东,中长期,监管规则,B,现行有效,是,https://sdb.nea.gov.cn/dtyw/tzgg/202309/t20230919_110454.html,03_处理后文本\2021-05-20_山东_国家能源局派出机构_关于公示新增电力中长期交易发电企业(机组)名单的通知_-_2021年1号_国家能源局山东监管办公室.txt,关于公示新增电力中长期交易发电企业(机组)名单的通知 - 2021年1号 2021-05-20
74,AUTO-20260426-6EEB6D3357,山东省电力中长期交易规则,关于印发《山东省电力中长期交易规则》的通知,国家能源局派出机构,国家能源局山东监管办公室,2021-04-30,鲁监能市场规〔2021〕44号,山东,山东,中长期,监管规则,B,现行有效,是,https://sdb.nea.gov.cn/dtyw/tzgg/202309/t20230919_110453.html,03_处理后文本\2021-04-30_山东_国家能源局派出机构_关于印发《山东省电力中长期交易规则》的通知_国家能源局山东监管办公室.txt,关于印发《山东省电力中长期交易规则》的通知 2021-04-30
75,AUTO-20260427-9D436454D6,国家能源局华东监管局关于印发《长三角跨省电力中长期市场实...,国家能源局华东监管局关于印发《长三角跨省电力中长期市场实...,国家能源局派出机构,国家能源局华东监管局,2026-04-17,,,华东区域,中长期,监管规则,B,现行有效,是,https://hdj.nea.gov.cn/dtyw/tzgg/202604/P020260417606107102994.pdf,,国家能源局华东监管局关于印发《长三角跨省电力中长期市场实... 2026-04-17
76,AUTO-20260427-0A34FA35E6,安徽电力中长期市场实施细则,关于印发《安徽电力中长期市场实施细则》的通知,国家能源局派出机构,国家能源局华东监管局,2026-03-31,,安徽,华东区域,中长期,监管规则,B,现行有效,是,https://hdj.nea.gov.cn/dtyw/tzgg/202603/P020260331593555268345.pdf,,关于印发《安徽电力中长期市场实施细则》的通知 2026-03-31
77,AUTO-20260427-6A8B006887,上海电力中长期市场实施细则,关于印发《上海电力中长期市场实施细则》的通知,国家能源局派出机构,国家能源局华东监管局,2026-03-31,,上海,华东区域,中长期,监管规则,B,现行有效,是,https://hdj.nea.gov.cn/dtyw/tzgg/202603/P020260331593974942947.pdf,,关于印发《上海电力中长期市场实施细则》的通知 2026-03-31
78,AUTO-20260427-20313BD46F,华北能源监管局关于征求“蒙西电力调频辅助服务交易实施细则”意见的函,华北能源监管局关于征求“蒙西电力调频辅助服务交易实施细则”意见的函,国家能源局派出机构,国家能源局华北监管局,2026-03-06,,,华北区域,辅助服务,监管规则,B,现行有效,是,https://hbj.nea.gov.cn/hdhy/dczj/202603/t20260306_297498.html,03_处理后文本\2026-03-06_华北区域_国家能源局派出机构_华北能源监管局关于征求“蒙西电力调频辅助服务交易实施细则”意见的函.txt,华北能源监管局关于征求“蒙西电力调频辅助服务交易实施细则”意见的函 2026-03-06
79,AUTO-20260427-9F7307C867,陕西省电力中长期市场实施细则,国家能源局西北监管局 陕西省发展和改革委员会关于印发《陕西省电力中长期市场实施细则》的通知,国家能源局派出机构,国家能源局西北监管局,2026-02-28,,陕西,西北区域,中长期,监管规则,B,现行有效,是,https://xbj.nea.gov.cn/dtyw/tzgg/202602/t20260228_297105.html,03_处理后文本\2026-02-28_西北区域_国家能源局派出机构_国家能源局西北监管局_陕西省发展和改革委员会关于印发《陕西省电力中长期市场实施细则》的通知.txt,国家能源局西北监管局 陕西省发展和改革委员会关于印发《陕西省电力中长期市场实施... 2026-02-28
80,AUTO-20260427-8BA55D72F9,西北区域省间电力中长期市场实施细则（2026年修订版）（征求意见稿）,国家能源局西北监管局关于征求《西北区域省间电力中长期市场实施细则（2026年修订版）（征求意见稿）》意见建议的通知,国家能源局派出机构,国家能源局西北监管局,2026-02-14,,,西北区域,中长期;省间交易,监管规则,B,现行有效,是,https://xbj.nea.gov.cn/dtyw/tzgg/202602/t20260214_296071.html,03_处理后文本\2026-02-14_西北区域_国家能源局派出机构_国家能源局西北监管局关于征求《西北区域省间电力中长期市场实施细则（2026年修订版）（征求意见稿）》意见建议的通知.txt,国家能源局西北监管局关于征求《西北区域省间电力中长期市场实施细则（2026年修订... 2026-02-14
81,AUTO-20260427-1C4703E1E9,国家能源局西北监管局关于征求陕西、宁夏、青海电力中长期市场实施细则（征求意见稿）意见建议,国家能源局西北监管局关于征求陕西、宁夏、青海电力中长期市场实施细则（征求意见稿）意见建议的通知,国家能源局派出机构,国家能源局西北监管局,2026-01-26,,陕西;青海;宁夏,西北区域,中长期,监管规则,B,征求意见,是,https://xbj.nea.gov.cn/dtyw/tzgg/202601/t20260126_294781.html,03_处理后文本\2026-01-26_西北区域_国家能源局派出机构_国家能源局西北监管局关于征求陕西、宁夏、青海电力中长期市场实施细则（征求意见稿）意见建议的通知.txt,国家能源局西北监管局关于征求陕西、宁夏、青海电力中长期市场实施细则（征求意见... 2026-01-26
82,AUTO-20260427-51AC1D580A,西北区域省间电力互济交易运营规则（试行）（征求意见稿）,国家能源局西北监管局关于公开征求《西北区域省间电力互济交易运营规则（试行）（征求意见稿）》意见建议的通知,国家能源局派出机构,国家能源局西北监管局,2026-01-23,,,西北区域,省间交易,监管规则,B,征求意见,是,https://xbj.nea.gov.cn/dtyw/tzgg/202601/t20260123_294688.html,03_处理后文本\2026-01-23_西北区域_国家能源局派出机构_国家能源局西北监管局关于公开征求《西北区域省间电力互济交易运营规则（试行）（征求意见稿）》意见建议的通知.txt,国家能源局西北监管局关于公开征求《西北区域省间电力互济交易运营规则（试行）（... 2026-01-23
83,AUTO-20260427-B95E146723,华北能源监管局关于征求京津唐电力调峰辅助服务市场运营规则 （征求意见稿）意见的通告,华北能源监管局关于征求京津唐电力调峰辅助服务市场运营规则 （征求意见稿）意见的通告,国家能源局派出机构,国家能源局华北监管局,2025-11-17,,,华北区域,辅助服务,监管规则,B,征求意见,是,https://hbj.nea.gov.cn/dtyw/tzgg/202511/t20251117_290529.html,03_处理后文本\2025-11-17_华北区域_国家能源局派出机构_华北能源监管局关于征求京津唐电力调峰辅助服务市场运营规则_（征求意见稿）意见的通告.txt,华北能源监管局关于征求京津唐电力调峰辅助服务市场运营规则 （征求意见稿）意见的... 2025-11-17
84,AUTO-20260427-1806176B6C,西北区域跨省电力中长期交易实施细则——新型储能交易专章,国家能源局西北监管局关于印发《西北区域跨省电力中长期交易实施细则——新型储能交易专章》的通知,国家能源局派出机构,国家能源局西北监管局,2025-10-30,西北监能市场〔2025〕77号,,西北区域,中长期;储能,监管规则,B,现行有效,是,https://xbj.nea.gov.cn/dtyw/tzgg/202510/t20251030_289676.html,03_处理后文本\2025-10-30_西北区域_国家能源局派出机构_国家能源局西北监管局关于印发《西北区域跨省电力中长期交易实施细则——新型储能交易专章》的通知.txt,国家能源局西北监管局关于印发《西北区域跨省电力中长期交易实施细则——新型储能... 2025-10-30
85,AUTO-20260427-4BE00C1720,青海省电力中长期交易规则补充规定,国家能源局西北监管局 青海省能源局关于印发《青海省电力中长期交易规则补充规定》的通知,国家能源局派出机构,国家能源局西北监管局,2025-09-25,,青海,西北区域,中长期,监管规则,B,现行有效,是,https://xbj.nea.gov.cn/dtyw/tzgg/202509/t20250926_288044.html,03_处理后文本\2025-09-25_西北区域_国家能源局派出机构_国家能源局西北监管局_青海省能源局关于印发《青海省电力中长期交易规则补充规定》的通知.txt,国家能源局西北监管局 青海省能源局关于印发《青海省电力中长期交易规则补充规定》... 2025-09-25
86,AUTO-20260427-5EF9021CE0,西北区域跨省电力中长期交易实施细则——新型储能交易专章（征求意见稿）,国家能源局西北监管局关于征求《西北区域跨省电力中长期交易实施细则——新型储能交易专章（征求意见稿）》意见建议的通知,国家能源局派出机构,国家能源局西北监管局,2025-08-25,,,西北区域,中长期;储能,监管规则,B,现行有效,是,https://xbj.nea.gov.cn/dtyw/tzgg/202508/t20250825_286163.html,03_处理后文本\2025-08-25_西北区域_国家能源局派出机构_国家能源局西北监管局关于征求《西北区域跨省电力中长期交易实施细则——新型储能交易专章（征求意见稿）》意见建议的通知.txt,国家能源局西北监管局关于征求《西北区域跨省电力中长期交易实施细则——新型储能... 2025-08-25
87,AUTO-20260427-6B0EF18171,青海省电力中长期交易规则补充规定（征求意见稿）,国家能源局西北监管局关于征求《青海省电力中长期交易规则补充规定（征求意见稿）》意见建议的通知,国家能源局派出机构,国家能源局西北监管局,2025-08-13,,青海,西北区域,中长期,监管规则,B,征求意见,是,https://xbj.nea.gov.cn/dtyw/tzgg/202508/t20250813_285708.html,03_处理后文本\2025-08-13_西北区域_国家能源局派出机构_国家能源局西北监管局关于征求《青海省电力中长期交易规则补充规定（征求意见稿）》意见建议的通知.txt,国家能源局西北监管局关于征求《青海省电力中长期交易规则补充规定（征求意见稿）... 2025-08-13
88,AUTO-20260427-2E09D15F4D,国家能源局西北监管局关于明确电力辅助服务市场价格机制等相关事项,国家能源局西北监管局关于明确电力辅助服务市场价格机制等相关事项的通知,国家能源局派出机构,国家能源局西北监管局,2025-07-01,,,西北区域,辅助服务,监管规则,B,现行有效,是,https://xbj.nea.gov.cn/dtyw/tzgg/202507/t20250701_283698.html,03_处理后文本\2025-07-01_西北区域_国家能源局派出机构_国家能源局西北监管局关于明确电力辅助服务市场价格机制等相关事项的通知.txt,国家能源局西北监管局关于明确电力辅助服务市场价格机制等相关事项的通知 2025-07-01
89,AUTO-20260427-CC8285BA8B,湖北、江西、重庆电力调频辅助服务市场运行规则（征求意见稿）,华中能源监管局关于征求《湖北、江西、重庆电力调频辅助服务市场运行规则（征求意见稿）》意见的通知,国家能源局派出机构,国家能源局华中监管局,2024-11-20,,重庆;江西;湖北,华中区域,辅助服务,监管规则,B,现行有效,是,https://hzj.nea.gov.cn/dtyw/tzgg/202411/t20241120_272552.html,03_处理后文本\2024-11-20_华中区域_国家能源局派出机构_华中能源监管局关于征求《湖北、江西、重庆电力调频辅助服务市场运行规则（征求意见稿）》意见的通知.txt,华中能源监管局关于征求《湖北、江西、重庆电力调频辅助服务市场运行规则（征求意... 2024-11-20
90,AUTO-20260427-D5C34F91B8,市工业和信息化局关于做好天津市2025年电力市场化交易工作,市工业和信息化局关于做好天津市2025年电力市场化交易工作的通知_委局文件_政务公开,天津市工业和信息化局,天津市工业和信息化局,2024-11-15,津工信电力〔2024〕21号,天津,天津,电力市场,官方政策,A,现行有效,是,https://gyxxh.tj.gov.cn/ZWGK4147/ZCWJ6355/wjwj/202411/t20241115_6780472.html,03_处理后文本\2024-11-15_天津_天津市工业和信息化局_市工业和信息化局关于做好天津市2025年电力市场化交易工作的通知_委局文件_政务公开.txt,市工业和信息化局关于做好天津市2025年电力市场化交易工作的通知2024-11-15
91,AUTO-20260427-9549320EF2,重庆市电力中长期交易规则（修订稿）,华中能源监管局关于《重庆市电力中长期交易规则（修订稿）》公开征求意见的通知,国家能源局派出机构,国家能源局华中监管局,2024-11-01,,重庆,华中区域,中长期,监管规则,B,征求意见,是,https://hzj.nea.gov.cn/dtyw/tzgg/202411/t20241112_272191.html,03_处理后文本\2024-11-01_华中区域_国家能源局派出机构_华中能源监管局关于《重庆市电力中长期交易规则（修订稿）》公开征求意见的通知.txt,华中能源监管局关于《重庆市电力中长期交易规则（修订稿）》公开征求意见的通知 2024-11-01
92,AUTO-20260427-28574D8021,川渝一体化电力调峰辅助服务市场交易规则（征求意见稿）,国家能源局华中监管局关于公开征求《川渝一体化电力调峰辅助服务市场交易规则（征求意见稿）》意见的通知,国家能源局派出机构,国家能源局华中监管局,2024-04-30,,重庆;江西;河南;湖北;湖南;四川;西藏,华中区域,辅助服务,监管规则,B,征求意见,是,https://hzj.nea.gov.cn/dtyw/tzgg/202404/t20240430_261642.html,03_处理后文本\2024-04-30_华中区域_国家能源局派出机构_国家能源局华中监管局关于公开征求《川渝一体化电力调峰辅助服务市场交易规则（征求意见稿）》意见的通知.txt,国家能源局华中监管局关于公开征求《川渝一体化电力调峰辅助服务市场交易规则（征... 2024-04-30
93,AUTO-20260427-F77C27F149,华中区域省间电力中长期交易规则（征求意见稿）,国家能源局华中监管局关于公开征求《华中区域省间电力中长期交易规则（征求意见稿）》意见的通知,国家能源局派出机构,国家能源局华中监管局,2024-04-30,,重庆;江西;河南;湖北;湖南;四川;西藏,华中区域,中长期;省间交易,监管规则,B,征求意见,是,https://hzj.nea.gov.cn/dtyw/tzgg/202404/t20240430_261641.html,03_处理后文本\2024-04-30_华中区域_国家能源局派出机构_国家能源局华中监管局关于公开征求《华中区域省间电力中长期交易规则（征求意见稿）》意见的通知.txt,国家能源局华中监管局关于公开征求《华中区域省间电力中长期交易规则（征求意见稿... 2024-04-30
94,AUTO-20260427-66F282BB0B,山东省电力中长期交易规则(征求意见稿),山东能源监管办关于《山东省电力中长期交易规则(征求意见稿)》公开征求意见的公告,国家能源局派出机构,国家能源局山东监管办公室,2021-02-11,,山东,山东,中长期,监管规则,B,征求意见,是,https://sdb.nea.gov.cn/dtyw/tzgg/202309/t20230919_110449.html,03_处理后文本\2021-02-11_山东_国家能源局派出机构_山东能源监管办关于《山东省电力中长期交易规则(征求意见稿)》公开征求意见的公告_国家能源局山东监管办公室.txt,山东能源监管办关于《山东省电力中长期交易规则(征求意见稿)》公开征求意见的公告 2021-02-11
95,AUTO-20260427-0B7C65169B,山东电力辅助服务市场运营规则（试行）（2020年修订版）,关于修订《山东电力辅助服务市场运营规则（试行）（2020年修订版）》的通知,国家能源局派出机构,国家能源局山东监管办公室,2020-12-31,,山东,山东,辅助服务,监管规则,B,试行,是,https://sdb.nea.gov.cn/dtyw/tzgg/202309/t20230919_110446.html,03_处理后文本\2020-12-31_山东_国家能源局派出机构_关于修订《山东电力辅助服务市场运营规则（试行）（2020年修订版）》的通知_国家能源局山东监管办公室.txt,关于修订《山东电力辅助服务市场运营规则（试行）（2020年修订版）》的通知 2020-12-31
96,AUTO-20260427-D691BB80BC,关于简化新能源发电企业参与山东电力市场准入流程,关于简化新能源发电企业参与山东电力市场准入流程的通知,国家能源局派出机构,国家能源局山东监管办公室,2020-12-02,,山东,山东,电力市场;新能源,监管规则,B,现行有效,是,https://sdb.nea.gov.cn/dtyw/tzgg/202309/t20230919_110444.html,03_处理后文本\2020-12-02_山东_国家能源局派出机构_关于简化新能源发电企业参与山东电力市场准入流程的通知_国家能源局山东监管办公室.txt,关于简化新能源发电企业参与山东电力市场准入流程的通知 2020-12-02
97,AUTO-20260427-3923155EE0,山东电力辅助服务市场运营规则（试行）（2020年修订版）,关于征求《山东电力辅助服务市场运营规则（试行）（2020年修订版）》（征求意见稿）意见的函,国家能源局派出机构,国家能源局山东监管办公室,2020-10-20,,山东,山东,辅助服务,监管规则,B,征求意见,是,https://sdb.nea.gov.cn/dtyw/tzgg/202309/t20230919_110439.html,03_处理后文本\2020-10-20_山东_国家能源局派出机构_关于征求《山东电力辅助服务市场运营规则（试行）（2020年修订版）》（征求意见稿）意见的函_国家能源局山东监管办公室.txt,关于征求《山东电力辅助服务市场运营规则（试行）（2020年修订版）》（征求意见稿）意见的函 2020-10-20
98,AUTO-20260427-E4EE7C8D82,关于公布山东电力现货市场结算试运行有关市场参数,关于公布山东电力现货市场结算试运行有关市场参数的通知(试行),国家能源局派出机构,国家能源局山东监管办公室,2020-08-05,鲁发改价格〔2019〕878号,山东,山东,现货;计量结算,监管规则,B,试行,是,https://sdb.nea.gov.cn/dtyw/tzgg/202309/t20230919_110429.html,03_处理后文本\2020-08-05_山东_国家能源局派出机构_关于公布山东电力现货市场结算试运行有关市场参数的通知(试行)_国家能源局山东监管办公室.txt,关于公布山东电力现货市场结算试运行有关市场参数的通知(试行) 2020-08-05
99,AUTO-20260427-698A8D7E10,山东省电力现货市场交易规则(试行);山东省电力中长期市场交易规则(试行);山东省电力零售市场交易规则(试行),关于修订《山东省电力现货市场交易规则(试行)》《山东省电力中长期市场交易规则(试行)》《山东省电力零售市场交易规则(试行)》的通知,国家能源局派出机构,国家能源局山东监管办公室,2020-07-31,,山东,山东,中长期;现货,监管规则,B,试行,是,https://sdb.nea.gov.cn/dtyw/tzgg/202309/t20230919_110428.html,03_处理后文本\2020-07-31_山东_国家能源局派出机构_关于修订《山东省电力现货市场交易规则(试行)》《山东省电力中长期市场交易规则(试行)》《山东省电力零售市场交易规则(试行)》的通知_国家能源局山东监管办公室.txt,关于修订《山东省电力现货市场交易规则(试行)》《山东省电力中长期市场交易规则(试行)》《山... 2020-07-31
100,AUTO-20260427-FBC65BBD1E,贵州电力市场规则,贵州电力市场规则,广州电力交易中心,广州电力交易中心,2024-11-02,,贵州,南方区域,电力市场,交易规则,B,现行有效,是,https://www.gzpec.cn/law/jygz/202502/t20250214_34020.html,03_处理后文本\2024-11-02_南方区域_广州电力交易中心_广州电力交易中心.txt,贵州电力市场规则
101,AUTO-20260427-D81BDF16D0,第20号_中华人民共和国国家发展和改革委员会令（电力市场运行基本规则）,第20号_中华人民共和国国家发展和改革委员会令（电力市场运行基本规则）,广州电力交易中心,广州电力交易中心,2024-04-28,,广东;广西;海南;贵州;云南,南方区域,电力市场,交易规则,B,现行有效,是,https://www.gzpec.cn/law/jygz/202505/t20250516_34494.html,03_处理后文本\2024-04-28_南方区域_广州电力交易中心_广州电力交易中心.txt,第20号_中华人民共和国国家发展和改革委员会令（电力市场运行基本规则）
102,AUTO-20260427-780DD684D9,电力市场运行基本规则,电力市场运行基本规则,广州电力交易中心,广州电力交易中心,2024-04-25,,广东;广西;海南;贵州;云南,南方区域,电力市场,交易规则,B,现行有效,是,https://www.gzpec.cn/law/jygz/202502/t20250226_34096.html,03_处理后文本\2024-04-25_南方区域_广州电力交易中心_广州电力交易中心.txt,电力市场运行基本规则
103,AUTO-20260427-AF700450D9,电力市场注册基本规则,电力市场注册基本规则,广州电力交易中心,广州电力交易中心,2024-09-13,,广东;广西;海南;贵州;云南,南方区域,电力市场,交易规则,B,现行有效,是,https://www.gzpec.cn/law/jygz/202502/t20250226_34100.html,03_处理后文本\2024-09-13_南方区域_广州电力交易中心_广州电力交易中心.txt,电力市场注册基本规则
104,AUTO-20260427-5DD9FFE71E,电力中长期交易基本规则—绿色电力交易专章,电力中长期交易基本规则—绿色电力交易专章,广州电力交易中心,广州电力交易中心,2024-07-24,,广东;广西;海南;贵州;云南,南方区域,中长期,交易规则,B,现行有效,是,https://www.gzpec.cn/law/jygz/202502/t20250226_34102.html,03_处理后文本\2024-07-24_南方区域_广州电力交易中心_广州电力交易中心.txt,电力中长期交易基本规则—绿色电力交易专章
105,AUTO-20260427-344B99BC3D,广东省发展和改革委员会 - 广东省能源局关于做好2026年电力市场年度交易工作,广东省发展和改革委员会 - 广东省能源局关于做好2026年电力市场年度交易工作的通知,广东省能源局,广东省能源局,2025-12-03,粤能电力〔2021〕82号,广东,广东,电力市场,官方政策,A,现行有效,是,https://drc.gd.gov.cn/snyj/tzgg/content/post_4808354.html,03_处理后文本\2025-12-03_广东_广东省能源局_广东省发展和改革委员会_-_广东省能源局关于做好2026年电力市场年度交易工作的通知.txt,广东省能源局关于做好2026年电力市场年度交易工作的通知12-03
106,AUTO-20260427-EF110663B6,广东电力市场常态化开展年度交易实施方案,广东省发展和改革委员会 - 广东省能源局 国家能源局南方监管局关于印发《广东电力市场常态化开展年度交易实施方案》的通知,广东省能源局,广东省能源局,2025-10-28,,广东,广东,电力市场,官方政策,A,现行有效,是,https://drc.gd.gov.cn/snyj/tzgg/content/post_4790294.html,03_处理后文本\2025-10-28_广东_广东省能源局_广东省发展和改革委员会_-_广东省能源局_国家能源局南方监管局关于印发《广东电力市场常态化开展年度交易实施方案》的通知.txt,广东省能源局 国家能源局南方监管局关于印发《广东电力市场常态化开展年度交易实施方案》的通知10-28
107,AUTO-20260427-ED15D5C741,广东省发展和改革委员会 - 广东省发展改革委关于申报新能源可持续发展价格结算机制存量项目,广东省发展和改革委员会 - 广东省发展改革委关于申报新能源可持续发展价格结算机制存量项目的通知,广东省能源局,广东省能源局,2025-09-30,,广东,广东,新能源;计量结算,官方政策,A,现行有效,是,https://drc.gd.gov.cn/snyj/tzgg/content/post_4781135.html,03_处理后文本\2025-09-30_广东_广东省能源局_广东省发展和改革委员会_-_广东省发展改革委关于申报新能源可持续发展价格结算机制存量项目的通知.txt,广东省发展改革委关于申报新能源可持续发展价格结算机制存量项目的通知09-30
108,AUTO-20260427-CA2DDC4243,广东电力市场配套实施细则（2024年修订）,关于发布广东电力市场配套实施细则（2024年修订）的通知,广州电力交易中心,广州电力交易中心,2024-05-10,广东交易〔2024〕79号,广东,南方区域,电力市场,交易规则,B,现行有效,是,https://www.gzpec.cn/law/jygz/202502/t20250214_34017.html,03_处理后文本\2024-05-10_南方区域_广州电力交易中心_广州电力交易中心.txt,广东交易〔2024〕79号 关于发布广东电力市场配套实施细则（2024年修订）的通知
109,AUTO-20260427-E24F3D75D9,电力中长期交易基本规则,关于印发《电力中长期交易基本规则》的通知,广州电力交易中心,广州电力交易中心,2020-06-14,,广东;广西;海南;贵州;云南,南方区域,中长期,交易规则,B,现行有效,是,https://www.gzpec.cn/law/jygz/202505/t20250516_34493.html,03_处理后文本\2020-06-14_南方区域_广州电力交易中心_广州电力交易中心.txt,国家发展改革委、国家能源局关于印发《电力中长期交易基本规则》的通知
110,AUTO-20260427-890E791E0D,可再生能源绿色电力证书核发和交易规则,可再生能源绿色电力证书核发和交易规则,广州电力交易中心,广州电力交易中心,2024-08-26,,广东;广西;海南;贵州;云南,南方区域,电力市场,交易规则,B,现行有效,是,https://www.gzpec.cn/law/jygz/202502/t20250226_34101.html,03_处理后文本\2024-08-26_南方区域_广州电力交易中心_广州电力交易中心.txt,可再生能源绿色电力证书核发和交易规则
111,AUTO-20260427-EE6D85F7E0,电力现货市场基本规则（试行）,发改能源规〔2023〕1217号 《电力现货市场基本规则（试行）》,广州电力交易中心,广州电力交易中心,2023-09-10,发改能源规〔2023〕1217号,广东;广西;海南;贵州;云南,南方区域,现货,交易规则,B,试行,是,https://www.gzpec.cn/law/jygz/202502/t20250226_34120.html,03_处理后文本\2023-09-10_南方区域_广州电力交易中心_广州电力交易中心.txt,发改能源规〔2023〕1217号 《电力现货市场基本规则（试行）》
112,AUTO-20260427-6620523786,内蒙古自治区单一电力用户绿电直连项目开发建设实施方案（试行）,关于印发《内蒙古自治区单一电力用户绿电直连项目开发建设实施方案（试行）》的通知,内蒙古自治区能源局,内蒙古自治区能源局,2026-01-14,,内蒙古,内蒙古自治区,绿电,官方政策,A,试行,是,https://nyj.nmg.gov.cn/slh/tz/202601/t20260115_2848788.html,03_处理后文本\2026-01-14_内蒙古自治区_内蒙古自治区能源局_四、交易与价格机制.txt,内蒙古自治区能源局关于印发《内蒙古自治区单一电力用户绿电直连项目开发建设实施方案（试行）》的通知
113,AUTO-20260427-2492100A42,内蒙古电力多边交易市场规则体系2026年修订版(征求意见稿);蒙东电力市场规则体系2026年修订版(征求意见稿),关于公开征求《内蒙古电力多边交易市场规则体系2026年修订版(征求意见稿)》《蒙东电力市场规则体系2026年修订版(征求意见稿)》意见建议的公告,内蒙古自治区能源局,内蒙古自治区能源局,2026-02-14,内能源公告〔2026〕3号,内蒙古,内蒙古自治区,电力市场,官方政策,A,征求意见,是,https://nyj.nmg.gov.cn/slh/tz/202602/t20260214_2863478.html,03_处理后文本\2026-02-14_内蒙古自治区_内蒙古自治区能源局_通知公告__内蒙古自治区能源局.txt,内蒙古自治区能源局关于公开征求《内蒙古电力多边交易市场规则体系2026年修订版(征求意见稿)》《蒙东电力市场规则体系2026年修订版(征求意见稿)》意见建议的公告
114,AUTO-20260427-7F4BF875A3,关于做好2026年内蒙古电力多边交易市场中长期交易有关事宜,关于做好2026年内蒙古电力多边交易市场中长期交易有关事宜的通知,内蒙古自治区能源局,内蒙古自治区能源局,2025-12-30,,内蒙古,内蒙古自治区,中长期,官方政策,A,现行有效,是,https://nyj.nmg.gov.cn/slh/tz/202512/t20251230_2843227.html,03_处理后文本\2025-12-30_内蒙古自治区_内蒙古自治区能源局_通知公告__内蒙古自治区能源局.txt,内蒙古自治区能源局关于做好2026年内蒙古电力多边交易市场中长期交易有关事宜的通知
115,AUTO-20260427-543BC9B2A3,关于做好2026年内蒙古东部电力交易市场中长期交易有关事宜,关于做好2026年内蒙古东部电力交易市场中长期交易有关事宜的通知,内蒙古自治区能源局,内蒙古自治区能源局,2025-12-30,,内蒙古,内蒙古自治区,中长期,官方政策,A,现行有效,是,https://nyj.nmg.gov.cn/slh/tz/202512/t20251230_2843236.html,03_处理后文本\2025-12-30_内蒙古自治区_内蒙古自治区能源局_通知公告__内蒙古自治区能源局.txt,内蒙古自治区能源局关于做好2026年内蒙古东部电力交易市场中长期交易有关事宜的通知
116,AUTO-20260427-502852DE5B,深化蒙西电网新能源上网电价市场化改革实施方案,关于印发《深化蒙西电网新能源上网电价市场化改革实施方案》的通知,内蒙古自治区能源局,内蒙古自治区能源局,2025-05-29,,内蒙古,内蒙古自治区,新能源,官方政策,A,现行有效,是,https://nyj.nmg.gov.cn/slh/tz/202601/t20260109_2847060.html,03_处理后文本\2025-05-29_内蒙古自治区_内蒙古自治区能源局_通知公告__内蒙古自治区能源局.txt,内蒙古自治区发展改革委 能源局关于印发《深化蒙西电网新能源上网电价市场化改革实施方案》的通知
117,AUTO-20260427-A525045BF7,深化蒙东电网新能源上网电价市场化改革实施方案,关于印发《深化蒙东电网新能源上网电价市场化改革实施方案》的通知,内蒙古自治区能源局,内蒙古自治区能源局,2025-05-29,,内蒙古,内蒙古自治区,新能源,官方政策,A,现行有效,是,https://nyj.nmg.gov.cn/slh/tz/202601/t20260109_2847080.html,03_处理后文本\2025-05-29_内蒙古自治区_内蒙古自治区能源局_通知公告__内蒙古自治区能源局.txt,内蒙古自治区发展改革委 能源局关于印发《深化蒙东电网新能源上网电价市场化改革实施方案》的通知
118,AUTO-20260427-1906B16212,关于进一步做好我市电力现货市场限价相关事项,关于进一步做好我市电力现货市场限价相关事项的通知_价格管理,上海市发展和改革委员会,上海市发展和改革委员会,2026-02-11,沪发改价管〔2026〕5号,上海,上海,现货,官方政策,A,现行有效,是,http://fgw.sh.gov.cn/fgw_jggl/20260211/35cf80d1b101492dacbad5a6c9504c6b.html,03_处理后文本\2026-02-11_上海_上海市发展和改革委员会_关于进一步做好我市电力现货市场限价相关事项的通知_价格管理.txt,关于进一步做好我市电力现货市场限价相关事项的通知
119,AUTO-20260427-5ED24A4111,关于调整我市煤电容量电价有关事项,关于调整我市煤电容量电价有关事项的通知_价格管理,上海市发展和改革委员会,上海市发展和改革委员会,2025-12-24,沪发改价管〔2025〕52号,上海,上海,容量电价,官方政策,A,现行有效,是,http://fgw.sh.gov.cn/fgw_jggl/20251224/68a86b82ba89475eb9b57f3b6d88be02.html,03_处理后文本\2025-12-24_上海_上海市发展和改革委员会_关于调整我市煤电容量电价有关事项的通知_价格管理.txt,关于调整我市煤电容量电价有关事项的通知
120,AUTO-20260427-1E20E600C3,关于深化新能源上网电价市场化改革 促进新能源高质量发展,关于深化新能源上网电价市场化改革 促进新能源高质量发展的通知(发改价格〔2025〕136号),国家发展改革委,国家发展改革委-政策通知,2025-02-09,发改价格〔2025〕136号,全国,全国,新能源,官方政策,A,现行有效,是,https://www.ndrc.gov.cn/xxgk/zcfb/tz/202502/t20250209_1396066.html,03_处理后文本\2025-02-09_全国_国家发展改革委_【关于深化新能源上网电价市场化改革_促进新能源高质量发展的通知(发改价格〔2025〕136号)】-国家发展和改革委员会.txt,关于深化新能源上网电价市场化改革 促进新能源高质量发展的通知(发改价格〔2025〕136号)
121,AUTO-20260427-51C6A877DC,关于有序推动绿电直连发展有关事项,关于有序推动绿电直连发展有关事项的通知(发改能源〔2025〕650号),国家发展改革委,国家发展改革委-政策通知,2025-05-30,发改能源〔2025〕650号,全国,全国,绿电,官方政策,A,现行有效,是,https://www.ndrc.gov.cn/xxgk/zcfb/tz/202505/t20250530_1398138.html,03_处理后文本\2025-05-30_全国_国家发展改革委_【关于有序推动绿电直连发展有关事项的通知(发改能源〔2025〕650号)】-国家发展和改革委员会.txt,关于有序推动绿电直连发展有关事项的通知(发改能源〔2025〕650号)
122,AUTO-20260427-851724B835,关于明确我市应急备用煤电机组容量电价有关事项,关于明确我市应急备用煤电机组容量电价有关事项的通知_价格管理,上海市发展和改革委员会,上海市发展和改革委员会,2025-11-17,沪发改价管〔2025〕43号,上海,上海,容量电价,官方政策,A,现行有效,是,http://fgw.sh.gov.cn/fgw_jggl/20251117/ebc8f3ed4221492ca1dec080bae71d18.html,03_处理后文本\2025-11-17_上海_上海市发展和改革委员会_关于明确我市应急备用煤电机组容量电价有关事项的通知_价格管理.txt,关于明确我市应急备用煤电机组容量电价有关事项的通知
123,AUTO-20260427-257CE410F0,关于推进电力源网荷储一体化和多能互补发展的指导意见(发改能源规〔2021〕280号),关于推进电力源网荷储一体化和多能互补发展的指导意见(发改能源规〔2021〕280号),国家发展改革委,国家发展改革委,2021-03-05,发改能源规〔2021〕280号,全国,全国,电力市场,官方政策,A,现行有效,是,https://www.ndrc.gov.cn/xxgk/zcfb/ghxwj/202103/t20210305_1269046.html,03_处理后文本\2021-03-05_全国_国家发展改革委_【关于推进电力源网荷储一体化和多能互补发展的指导意见(发改能源规〔2021〕280号)】-国家发展和改革委员会.txt,关于推进电力源网荷储一体化和多能互补发展的指导意见(发改能源规〔2021〕280号)
124,AUTO-20260427-257D529B27,关于完善价格机制促进新能源发电就近消纳,关于完善价格机制促进新能源发电就近消纳的通知(发改价格〔2025〕1192号),国家发展改革委,国家发展改革委-政策通知,2025-09-12,发改价格〔2025〕1192号,全国,全国,新能源,官方政策,A,现行有效,是,https://www.ndrc.gov.cn/xxgk/zcfb/tz/202509/t20250912_1400444.html,03_处理后文本\2025-09-12_全国_国家发展改革委_【关于完善价格机制促进新能源发电就近消纳的通知(发改价格〔2025〕1192号)】-国家发展和改革委员会.txt,关于完善价格机制促进新能源发电就近消纳的通知(发改价格〔2025〕1192号)
125,AUTO-20260427-2DD331A266,电力现货连续运行地区市场建设指引,关于印发《电力现货连续运行地区市场建设指引》的通知(发改能源〔2025〕1171号),国家发展改革委,国家发展改革委-政策通知,2025-09-12,发改能源〔2025〕1171号,全国,全国,现货,官方政策,A,现行有效,是,https://www.ndrc.gov.cn/xxgk/zcfb/tz/202509/t20250912_1400454.html,03_处理后文本\2025-09-12_全国_国家发展改革委_【关于印发《电力现货连续运行地区市场建设指引》的通知(发改能源〔2025〕1171号)】-国家发展和改革委员会.txt,关于印发《电力现货连续运行地区市场建设指引》的通知(发改能源〔2025〕1171号)
126,AUTO-20260427-B292F45571,电力现货市场基本规则（试行）,关于印发《电力现货市场基本规则（试行）》的通知(发改能源规〔2023〕1217号),国家发展改革委,国家发展改革委,2023-09-15,发改能源规〔2023〕1217号,全国,全国,现货,官方政策,A,试行,是,https://www.ndrc.gov.cn/xxgk/zcfb/ghxwj/202309/t20230915_1360625.html,03_处理后文本\2023-09-15_全国_国家发展改革委_【关于印发《电力现货市场基本规则（试行）》的通知(发改能源规〔2023〕1217号)】-国家发展和改革委员会.txt,关于印发《电力现货市场基本规则（试行）》的通知(发改能源规〔2023〕1217号)
127,AUTO-20260427-F3E6DA37CB,南方区域跨区跨省电力中长期交易规则,关于印发《南方区域跨区跨省电力中长期交易规则》的通知,广州电力交易中心,广州电力交易中心,2024-04-08,,广东;广西;海南;贵州;云南,南方区域,中长期,交易规则,B,现行有效,是,https://www.gzpec.cn/law/jygz/202502/t20250226_34119.html,03_处理后文本\2024-04-08_南方区域_广州电力交易中心_广州电力交易中心.txt,关于印发《南方区域跨区跨省电力中长期交易规则》的通知
128,AUTO-20260427-ED23AB24F7,南方区域绿色电力交易规则（试行）,关于印发《南方区域绿色电力交易规则（试行）》的通知,广州电力交易中心,广州电力交易中心,2022-01-28,,广东;广西;海南;贵州;云南,南方区域,电力市场,交易规则,B,试行,是,https://www.gzpec.cn/law/jygz/202502/t20250226_34121.html,03_处理后文本\2022-01-28_南方区域_广州电力交易中心_广州电力交易中心.txt,关于印发《南方区域绿色电力交易规则（试行）》的通知
129,AUTO-20260427-F33CEF16E8,关于南方区域电力市场全月结算试运行市场监管有关事项,关于南方区域电力市场全月结算试运行市场监管有关事项,广州电力交易中心,广州电力交易中心,2024-11-02,,广东;广西;海南;贵州;云南,南方区域,电力市场;计量结算,交易规则,B,现行有效,是,https://www.gzpec.cn/law/jygz/202502/t20250214_34022.html,03_处理后文本\2024-11-02_南方区域_广州电力交易中心_广州电力交易中心.txt,关于南方区域电力市场全月结算试运行市场监管有关事项
130,AUTO-20260427-CDA7AFEC1D,内蒙古自治区绿电直连项目开发建设实施方案（试行）,关于公开征求《内蒙古自治区绿电直连项目开发建设实施方案（试行）》意见的公告,内蒙古自治区能源局,内蒙古自治区能源局,2025-11-19,内能源公告〔2025〕17号,内蒙古,内蒙古自治区,绿电,官方政策,A,征求意见,是,https://nyj.nmg.gov.cn/slh/tz/202511/t20251119_2820339.html,03_处理后文本\2025-11-19_内蒙古自治区_内蒙古自治区能源局_通知公告__内蒙古自治区能源局.txt,关于公开征求《内蒙古自治区绿电直连项目开发建设实施方案（试行）》意见的公告
131,AUTO-20260427-03A84802A0,关于全面加快电力现货市场建设工作,关于全面加快电力现货市场建设工作的通知(发改办体改〔2025〕394号),国家发展改革委,国家发展改革委-政策通知,2025-04-29,发改办体改〔2025〕394号,全国,全国,现货,官方政策,A,现行有效,是,https://www.ndrc.gov.cn/xxgk/zcfb/tz/202504/t20250429_1397488.html,03_处理后文本\2025-04-29_全国_国家发展改革委_【关于全面加快电力现货市场建设工作的通知(发改办体改〔2025〕394号)】-国家发展和改革委员会.txt,关于全面加快电力现货市场建设工作的通知(发改办体改〔2025〕394号)
132,AUTO-20260427-0866006539,关于做好电力现货市场试点连续试结算相关工作,关于做好电力现货市场试点连续试结算相关工作的通知(发改办能源规〔2020〕245号),国家发展改革委,国家发展改革委,2020-04-03,发改办能源规〔2020〕245号,全国,全国,现货;计量结算,官方政策,A,现行有效,是,https://www.ndrc.gov.cn/xxgk/zcfb/ghxwj/202004/t20200403_1225133.html,03_处理后文本\2020-04-03_全国_国家发展改革委_【关于做好电力现货市场试点连续试结算相关工作的通知(发改办能源规〔2020〕245号)】-国家发展和改革委员会.txt,关于做好电力现货市场试点连续试结算相关工作的通知(发改办能源规〔2020〕245号)
133,AUTO-20260427-6FF22802C9,关于促进新能源消纳和调控的指导意见(发改能源〔2025〕1360号),关于促进新能源消纳和调控的指导意见(发改能源〔2025〕1360号),国家发展改革委,国家发展改革委-政策通知,2025-11-10,发改能源〔2025〕1360号,全国,全国,新能源,官方政策,A,现行有效,是,https://www.ndrc.gov.cn/xxgk/zcfb/tz/202511/t20251110_1401469.html,03_处理后文本\2025-11-10_全国_国家发展改革委_【关于促进新能源消纳和调控的指导意见(发改能源〔2025〕1360号)】-国家发展和改革委员会.txt,关于促进新能源消纳和调控的指导意见(发改能源〔2025〕1360号)
134,AUTO-20260427-A739C746F8,关于上海市2025年度新能源增量项目机制电价竞价结果,关于上海市2025年度新能源增量项目机制电价竞价结果的通知_价格管理,上海市发展和改革委员会,上海市发展和改革委员会,2025-12-03,沪发改价管〔2025〕45号,上海,上海,新能源,官方政策,A,现行有效,是,http://fgw.sh.gov.cn/fgw_jggl/20251203/fe1be03f19b8401a8e2c765b1477c39c.html,03_处理后文本\2025-12-03_上海_上海市发展和改革委员会_关于上海市2025年度新能源增量项目机制电价竞价结果的通知_价格管理.txt,关于上海市2025年度新能源增量项目机制电价竞价结果的通知
