时间,操作类型,操作内容,涉及文件或目录,运行命令,结果,备注
2026-04-24 17:03,日志建设,新建实验日志目录并写入日志文件,06_实验日志;06_实验日志/实验日志.md;06_实验日志/操作日志.csv,,完成,用于记录知识库建设全过程
2026-04-24 16:45,目录建设,建立知识库基础目录,00_说明;01_原始资料;02_元数据;03_处理后文本;04_标签与权重;05_输出成果;scripts,"New-Item -ItemType Directory -Force ...",完成,采用分层目录管理资料和脚本
2026-04-24 16:46,说明文档,写入开始使用、整体框架、第一周建设清单,00_说明/开始使用.md;00_说明/整体框架.md;00_说明/第一周建设清单.md,,完成,形成第一版建设说明
2026-04-24 16:46,元数据模板,写入政策资料台账和来源清单,02_元数据/政策资料台账.csv;02_元数据/来源清单.csv,,完成,先用CSV承载元数据
2026-04-24 16:46,标签权重,写入标签体系和权重规则,04_标签与权重/标签体系.md;04_标签与权重/权重规则.md,,完成,建立权威等级和时间敏感类型
2026-04-24 16:46,脚本规划,写入脚本目录说明,scripts/README.md,,完成,预留自动解析、检索和RAG脚本位置
2026-04-24 16:55,采集机制,建立种子链接表和采集脚本,02_元数据/待采集链接.csv;scripts/01_fetch_seed_urls.py;00_说明/数据采集说明.md,,完成,采用种子链接低频采集
2026-04-24 16:56,环境检查,检查Python和Conda环境,D:\miniconda\envs\py311,"conda env list",完成,确认py311环境可用
2026-04-24 16:58,脚本测试,使用py311直接解释器dry-run测试采集,scripts/01_fetch_seed_urls.py,"D:\miniconda\envs\py311\python.exe .\scripts\01_fetch_seed_urls.py --dry-run --limit 1",成功,conda run有编码问题，改用解释器绝对路径
2026-04-24 16:59,数据采集,正式采集第一批3条官方政策链接,01_原始资料/官方政策;03_处理后文本;02_元数据/政策资料台账.csv,"D:\miniconda\envs\py311\python.exe .\scripts\01_fetch_seed_urls.py",成功,采集3条，失败0条
2026-04-24 17:00,结果检查,检查台账、原始网页和处理后文本,02_元数据/政策资料台账.csv;01_原始资料/官方政策;03_处理后文本,"Get-Content; Get-ChildItem",完成,3条资料均为待人工复核
2026-04-24 17:23,脚本建设,新增日志追加脚本并接入采集脚本自动记录,scripts/log_action.py; scripts/01_fetch_seed_urls.py; 00_说明/日志记录说明.md; 00_说明/数据采集说明.md; scripts/README.md,apply_patch,完成,后续可手动追加日志，采集脚本运行后也会自动记录
2026-04-24 17:23,采集测试,运行种子链接采集脚本，成功1条，失败0条,02_元数据/待采集链接.csv; 02_元数据/政策资料台账.csv; 01_原始资料; 03_处理后文本,D:\miniconda\envs\py311\python.exe .\scripts\01_fetch_seed_urls.py --dry-run --limit 1 --force,成功,dry-run模式，未写入原始资料和台账
2026-04-24 17:45,官方列表采集,抓取官方政策候选链接，共命中 19 条,05_输出成果\官方政策候选链接_20260424.csv,C:\Users\102\.cache\codex-runtimes\codex-primary-runtime\dependencies\python\python.exe .\scripts\02_collect_official_candidates.py --limit 15,完成,关键词：电力市场、交易规则、中长期、现货、辅助服务、省内、省间、容量电价、计量结算、结算、电网、获得电力
2026-04-24 17:46,官方列表采集,抓取官方政策候选链接，共命中 6 条,05_输出成果\官方政策候选链接_20260424.csv,C:\Users\102\.cache\codex-runtimes\codex-primary-runtime\dependencies\python\python.exe .\scripts\02_collect_official_candidates.py --limit 20,完成,关键词：电力市场、交易规则、中长期、现货、辅助服务、省内、省间、容量电价、计量结算、结算
2026-04-24 18:09,来源细化,将来源清单细化为具体部门和具体入口 并补充来源白名单规则,.\02_元数据\来源清单.csv; .\00_说明\来源清单使用规则.md; .\00_说明\数据采集说明.md,apply_patch,完成,新增国家级 区域监管 省级 市级 交易机构具体来源 以后采集默认按白名单执行
2026-04-24 18:19,来源扩展,新增国家电网 南方电网 内蒙古电网三类电网企业来源 并统一中国电网命名为国家电网,.\02_元数据\来源清单.csv; .\02_元数据\地区覆盖清单.csv; .\00_说明\来源清单使用规则.md,apply_patch,完成,三家电网先作为电网企业/运营主体来源管理 当前默认半自动 不直接纳入全自动抓取
2026-04-24 18:34,来源扩展,补充直辖市和优先省份的具体官方来源入口第一批,.\02_元数据\来源清单.csv; .\02_元数据\地区覆盖清单.csv,apply_patch,完成,新增北京 天津 上海 重庆 山东 江苏 浙江 四川的发改 经信工信 科技等具体入口 并更新地区覆盖建设阶段
2026-04-24 19:57,来源清单采集,按来源清单抓取候选链接，共命中 27 条，扫描来源 36 个,05_输出成果\来源清单候选链接_20260424.csv,C:\Users\102\.cache\codex-runtimes\codex-primary-runtime\dependencies\python\python.exe .\scripts\02_collect_official_candidates.py --limit 25,部分完成,关键词：电力市场、交易规则、中长期、现货、辅助服务、省内、省间、容量电价、计量结算、结算、绿电、源网荷储、新能源、获得电力；失败来源 2 个；SRC-P-014 四川省经济和信息化厅-政策文件 :: HTTP Error 404: Not Found；SRC-T-001 广州电力交易中心-交易规则 :: <urlopen error [WinError 10054] 远程主机强迫关闭了一个现有的连接。>
2026-04-24 19:58,来源清单采集,按来源清单抓取候选链接，共命中 27 条，扫描来源 35 个,05_输出成果\来源清单候选链接_20260424.csv,C:\Users\102\.cache\codex-runtimes\codex-primary-runtime\dependencies\python\python.exe .\scripts\02_collect_official_candidates.py --limit 20,部分完成,"关键词：电力市场、交易规则、中长期、现货、辅助服务、省内、省间、容量电价、计量结算、结算、绿电、源网荷储、新能源、获得电力；失败来源 1 个；SRC-T-001 广州电力交易中心-交易规则 :: <urlopen error [SSL: CERTIFICATE_VERIFY_FAILED] certificate verify failed: Hostname mismatch, certificate is not valid for 'www.gzpec.cn'. (_ssl.c:1010)>"
2026-04-24 19:59,来源清单采集,按来源清单抓取候选链接，共命中 33 条，扫描来源 35 个,05_输出成果\来源清单候选链接_20260424.csv,C:\Users\102\.cache\codex-runtimes\codex-primary-runtime\dependencies\python\python.exe .\scripts\02_collect_official_candidates.py --limit 20,部分完成,关键词：电力市场、交易规则、中长期、现货、辅助服务、省内、省间、容量电价、计量结算、结算、绿电、源网荷储、新能源、获得电力；失败来源 2 个；SRC-P-013 四川省发展和改革委员会-政策文件 :: <urlopen error [WinError 10054] 远程主机强迫关闭了一个现有的连接。>；SRC-P-015 四川省科学技术厅-行政规范性文件 :: <urlopen error [WinError 10054] 远程主机强迫关闭了一个现有的连接。>
2026-04-24 20:07,来源扩展,补充第二批省份具体来源入口并将候选采集脚本改为来源清单驱动,.\02_元数据\来源清单.csv; .\02_元数据\地区覆盖清单.csv; .\scripts\02_collect_official_candidates.py; .\00_说明\数据采集说明.md; .\scripts\README.md,apply_patch; C:\Users\102\.cache\codex-runtimes\codex-primary-runtime\dependencies\python\python.exe .\scripts\02_collect_official_candidates.py --limit 20,完成,新增山西 湖北 云南 甘肃 内蒙古第二批省级来源 采集脚本已改为按来源清单白名单扫描 并支持HTML列表和JSON列表
2026-04-24 20:47,数据采集,运行种子链接采集脚本，成功5条，失败1条,02_元数据/待采集链接.csv; 02_元数据/政策资料台账.csv; 01_原始资料; 03_处理后文本,C:\Users\102\.cache\codex-runtimes\codex-primary-runtime\dependencies\python\python.exe .\scripts\01_fetch_seed_urls.py --limit 6,部分失败,
2026-04-24 20:47,数据采集,运行种子链接采集脚本，成功1条，失败0条,02_元数据/待采集链接.csv; 02_元数据/政策资料台账.csv; 01_原始资料; 03_处理后文本,C:\Users\102\.cache\codex-runtimes\codex-primary-runtime\dependencies\python\python.exe .\scripts\01_fetch_seed_urls.py --limit 1,成功,
2026-04-25 16:49,实验设计,新增问题评测表、人工核验表和评测与核验说明，建立后续采集、检索、问答实验的基准记录方式,02_元数据/问题评测表.csv;02_元数据/人工核验表.csv;00_说明/评测与核验说明.md,,完成,
2026-04-25 16:51,评测体系,新增问题评测表、人工核验表和评测说明，用于后续采集覆盖率、元数据准确率、检索Top3命中率和RAG引用正确率实验,02_元数据/问题评测表.csv;02_元数据/人工核验表.csv;00_说明/评测与核验说明.md,,完成,后续每轮实验需先填写标准依据文件和标准答案要点，再记录评测结果
2026-04-25 17:23,检索评测,补齐前10个问题评测基准，新增检索评测脚本并完成第一轮Top3命中实验,02_元数据/问题评测表.csv;scripts/03_evaluate_retrieval.py;05_输出成果/检索评测结果_20260425.csv;scripts/README.md,D:\miniconda\envs\py311\python.exe .\scripts\03_evaluate_retrieval.py --limit 10,完成：10个问题，标准文件已入库9/10，Top3命中9/10,Q-010提示国家级电力辅助服务市场基本规则尚未入库，后续应优先补采
2026-04-25 17:24,版本管理策略,新增GitHub同步建议，明确知识库不需要实时推送全部爬取数据，建议按代码规则及时提交、元数据和评测结果按批次提交、原始资料谨慎管理,00_说明/GitHub同步建议.md,,完成,建议第一阶段使用私有仓库，避免第三方全文资料、日志和本地路径直接公开
2026-04-25 17:27,Excel工作簿,在py311环境安装openpyxl，并生成本地知识库管理工作簿，汇总问题评测表、人工核验表、政策台账、来源清单、地区覆盖清单、待采集链接和最新检索评测结果,02_元数据/知识库管理工作簿.xlsx;scripts/04_export_excel_workbook.py;scripts/README.md,D:\miniconda\envs\py311\python.exe -m pip install openpyxl; D:\miniconda\envs\py311\python.exe .\scripts\04_export_excel_workbook.py,完成：Excel工作簿生成并自检通过,当前CSV仍作为脚本主数据源，Excel用于本地查看、筛选和人工核验
2026-04-25 17:33,数据采集,运行种子链接采集脚本，成功1条，失败0条,02_元数据/待采集链接.csv; 02_元数据/政策资料台账.csv; 01_原始资料; 03_处理后文本,D:\miniconda\envs\py311\python.exe .\scripts\01_fetch_seed_urls.py --limit 1 --delay 0,成功,
2026-04-25 17:35,补采与评测,补采国家级《电力辅助服务市场基本规则》，更新Q-010评测状态，重跑前10个问题检索评测并重新生成Excel工作簿,02_元数据/待采集链接.csv;02_元数据/政策资料台账.csv;02_元数据/问题评测表.csv;05_输出成果/检索评测结果_20260425.csv;02_元数据/知识库管理工作簿.xlsx,D:\miniconda\envs\py311\python.exe .\scripts\01_fetch_seed_urls.py --limit 1 --delay 0; D:\miniconda\envs\py311\python.exe .\scripts\03_evaluate_retrieval.py --limit 10; D:\miniconda\envs\py311\python.exe .\scripts\04_export_excel_workbook.py,完成：台账10条，标准文件已入库10/10，Top3命中10/10,目标链接来自国家发展改革委规范性文件栏目
2026-04-25 17:35,Excel同步脚本,新增Excel同步回CSV脚本，支持dry-run校验、表头检查、主键重复检查和写回前自动备份,scripts/05_sync_excel_to_csv.py;scripts/README.md;02_元数据/知识库管理工作簿.xlsx,D:\miniconda\envs\py311\python.exe .\scripts\05_sync_excel_to_csv.py,完成：dry-run通过，6个工作表可同步,默认不写回CSV；需要确认后使用--write，会先备份原CSV
2026-04-25 17:40,来源清单采集,按来源清单抓取候选链接，共命中 39 条，扫描来源 35 个,05_输出成果\来源清单候选链接_20260425.csv,D:\miniconda\envs\py311\python.exe .\scripts\02_collect_official_candidates.py --keywords 电力市场 交易规则 中长期 现货 辅助服务 省内 省间 容量电价 计量结算 结算 绿电 绿证 储能 需求响应 售电 分时电价 电价 新型电力系统 新能源 获得电力 --limit 12,完成,关键词：电力市场、交易规则、中长期、现货、辅助服务、省内、省间、容量电价、计量结算、结算、绿电、绿证、储能、需求响应、售电、分时电价、电价、新型电力系统、新能源、获得电力；失败来源 0 个
2026-04-25 17:42,数据采集,运行种子链接采集脚本，成功32条，失败0条,02_元数据/待采集链接.csv; 02_元数据/政策资料台账.csv; 01_原始资料; 03_处理后文本,D:\miniconda\envs\py311\python.exe .\scripts\01_fetch_seed_urls.py --delay 0.5 --timeout 30,成功,
2026-04-25 17:44,来源清单采集,按来源清单抓取候选链接，共命中 100 条，扫描来源 35 个,05_输出成果\来源清单候选链接_20260425.csv,D:\miniconda\envs\py311\python.exe .\scripts\02_collect_official_candidates.py --pages 3 --keywords 电力市场 交易规则 中长期 现货 辅助服务 省内 省间 容量电价 计量结算 结算 绿电 绿证 储能 需求响应 售电 分时电价 电价 新型电力系统 新能源 获得电力 --limit 8,完成,关键词：电力市场、交易规则、中长期、现货、辅助服务、省内、省间、容量电价、计量结算、结算、绿电、绿证、储能、需求响应、售电、分时电价、电价、新型电力系统、新能源、获得电力；失败来源 0 个
2026-04-25 17:44,数据采集,运行种子链接采集脚本，成功12条，失败0条,02_元数据/待采集链接.csv; 02_元数据/政策资料台账.csv; 01_原始资料; 03_处理后文本,D:\miniconda\envs\py311\python.exe .\scripts\01_fetch_seed_urls.py --delay 0.5 --timeout 30,成功,
2026-04-25 17:50,资料扩充,扩展候选抓取为多页模式，回填候选链接并采集入库，将政策资料台账扩充到54条,scripts/02_collect_official_candidates.py;scripts/06_backfill_candidates_to_seed.py;02_元数据/待采集链接.csv;02_元数据/政策资料台账.csv;05_输出成果/来源清单候选链接_20260425.csv,D:\miniconda\envs\py311\python.exe .\scripts\02_collect_official_candidates.py --pages 3 ...; D:\miniconda\envs\py311\python.exe .\scripts\06_backfill_candidates_to_seed.py --write; D:\miniconda\envs\py311\python.exe .\scripts\01_fetch_seed_urls.py,完成：台账54条，待采集链接54条,多页抓取候选达到100条，本轮只追加部分高价值链接以保持可控
2026-04-25 17:50,产品形态建议,新增交互式搜索页面建议，明确后期建议做本地HTML搜索入口，但应在全文检索和元数据核验稳定后推进,00_说明/交互式搜索页面建议.md,,完成,第一版建议先做搜索页，不急于做复杂RAG问答页面
2026-04-25 17:50,检索与核验,新增全文检索脚本和人工核验样本脚本，完成前20条自动预核验准备，并将检索评测恢复到Top3命中10/10,scripts/07_search.py;scripts/08_prepare_review_sample.py;02_元数据/人工核验表.csv;05_输出成果/检索评测结果_20260425.csv;02_元数据/知识库管理工作簿.xlsx,D:\miniconda\envs\py311\python.exe .\scripts\07_search.py 省间 现货 规则 --top-k 5; D:\miniconda\envs\py311\python.exe .\scripts\08_prepare_review_sample.py --limit 20 --write; D:\miniconda\envs\py311\python.exe .\scripts\03_evaluate_retrieval.py --limit 10,完成：人工核验表20条，评测Top3命中10/10,评测脚本补充地区边界过滤，避免南方区域问题被华中区域规则挤占
2026-04-25 21:38,页面验证,打开并验证本地search.html搜索页面，修复内嵌JSON转义导致前端脚本未执行的问题，并补充URL参数预填搜索功能,05_输出成果/search.html;05_输出成果/search_index.json;05_输出成果/search_preview.png;05_输出成果/search_preview_shandong.png;scripts/09_build_search_page.py,Start-Process search.html; msedge --headless --dump-dom; msedge --headless --screenshot,完成：页面可渲染54条默认结果，山东辅助服务搜索返回7条结果,本机无node命令，采用Edge headless和DOM dump进行验证
2026-04-26 16:54,元数据清洗,新增标题审计脚本，扫描政策资料台账中的泛标题、栏目标题和附件编号标题，生成标题清洗建议清单,scripts/10_audit_titles.py;05_输出成果/标题清洗建议_20260426.csv;scripts/README.md;02_元数据/知识库管理工作簿_更新版_20260426_164949.xlsx,D:\miniconda\envs\py311\python.exe .\scripts\10_audit_titles.py; D:\miniconda\envs\py311\python.exe .\scripts\04_export_excel_workbook.py,完成：发现12条标题问题，均为高置信建议；已生成含标题清洗建议工作表的更新版Excel,原知识库管理工作簿可能被Excel占用，导出脚本已支持自动另存为更新版
2026-04-26 17:39,来源机构字段,新增并回填政策资料台账的采集来源机构字段，规范来源机构与文件标题分离；应用12条高置信标题修正并保留发布部门与采集来源机构,02_元数据/政策资料台账.csv;scripts/01_fetch_seed_urls.py;scripts/07_search.py;scripts/09_build_search_page.py;scripts/10_audit_titles.py;scripts/11_backfill_source_org.py;05_输出成果/search.html;05_输出成果/search_index.json;02_元数据/知识库管理工作簿.xlsx,D:\miniconda\envs\py311\python.exe .\scripts\11_backfill_source_org.py; D:\miniconda\envs\py311\python.exe .\scripts\10_audit_titles.py --apply-safe; D:\miniconda\envs\py311\python.exe .\scripts\09_build_search_page.py,完成：54条台账均已回填采集来源机构，12条高置信标题已修正，标题审计剩余0条问题,采集来源机构会去除通知公告、交易规则等栏目后缀，只保留机构名称
2026-04-26 18:02,搜索页省份筛选,将search.html的地区筛选改为省份筛选，区域类资料通过省份映射进入筛选，结果卡片保留原始适用范围,scripts/09_build_search_page.py;05_输出成果/search.html;05_输出成果/search_index.json;05_输出成果/search_preview_province_guangdong.png;00_说明/交互式搜索页面建议.md,D:\miniconda\envs\py311\python.exe .\scripts\09_build_search_page.py; msedge --headless --screenshot,完成：省份选项不再包含南方区域、华中区域；广东筛选验证通过,URL参数支持province，也兼容旧region参数
2026-04-26 18:38,来源清单采集,按来源清单抓取候选链接，共命中 92 条，扫描来源 35 个,05_输出成果\来源清单候选链接_20260426.csv,D:\miniconda\envs\py311\python.exe .\scripts\02_collect_official_candidates.py --pages 4 --timeout 15 --limit 20,部分完成,关键词：电力市场、交易规则、中长期、现货、辅助服务、省内、省间、容量电价、计量结算、结算、绿电、源网荷储、新能源、获得电力；失败来源 1 个；SRC-T-001 广州电力交易中心-交易规则 :: https://www.gzpec.cn/law/jygz/ :: <urlopen error [WinError 10054] 远程主机强迫关闭了一个现有的连接。>；https://www.gzpec.cn/law/jygz/index_1.html :: <urlopen error [WinError 10054] 远程主机强迫关闭了一个现有的连接。>
2026-04-26 18:39,数据采集,运行种子链接采集脚本，成功25条，失败0条,02_元数据/待采集链接.csv; 02_元数据/政策资料台账.csv; 01_原始资料; 03_处理后文本,D:\miniconda\envs\py311\python.exe .\scripts\01_fetch_seed_urls.py --delay 0.5 --timeout 25,成功,
2026-04-26 18:40,字段与输出增强,新增文号字段抽取、规则清单生成、搜索页文号展示，并将规则清单加入Excel工作簿,scripts/01_fetch_seed_urls.py; scripts/03_evaluate_retrieval.py; scripts/04_export_excel_workbook.py; scripts/07_search.py; scripts/09_build_search_page.py; scripts/12_doc_number_and_rule_list.py; 02_元数据/政策资料台账.csv; 02_元数据/规则清单.csv; 05_输出成果/search.html,py_compile; 12_doc_number_and_rule_list.py --rebuild-doc-no; 09_build_search_page.py; 04_export_excel_workbook.py,完成,台账79条，文号29条，规则清单79条，检索评测Top3=10/10
2026-04-26 18:40,多数据爬取,按来源清单扫描4页候选链接，回填25条未入库链接并完成下载入库,05_输出成果/来源清单候选链接_20260426.csv; 02_元数据/待采集链接.csv; 02_元数据/政策资料台账.csv; 01_原始资料; 03_处理后文本,02_collect_official_candidates.py --pages 4 --timeout 15; 06_backfill_candidates_to_seed.py --limit 25 --write; 01_fetch_seed_urls.py --delay 0.5 --timeout 25,完成,候选92条，新增入库25条，下载失败0条；广州电力交易中心列表页本轮被远端断开
2026-04-26 18:46,Git配置,安装Git for Windows，初始化知识库Git仓库，新增.gitignore和.gitattributes，并配置中文路径、长路径、main默认分支和凭据管理器,.git; .gitignore; .gitattributes; 06_实验日志/实验日志.md; 06_实验日志/操作日志.csv,winget install Git.Git; git init; git config --global core.quotepath false; git config --global credential.helper manager,完成,当前分支main；未设置user.name/user.email，未添加GitHub远程仓库，等待用户提供身份和仓库地址后再首个commit/push
2026-04-26 18:54,GitHub同步,完成首个Git提交并推送到GitHub远程仓库,.git; 06_实验日志/实验日志.md; 06_实验日志/操作日志.csv,git commit -m 'Initial electricity policy knowledge base'; git push -u origin main,完成,首个提交0094e52已推送；远程仓库https://github.com/JunFengXiang/Electricity_Policy_Knoledge_Base.git；已为Git配置本机代理127.0.0.1:33210
2026-04-27 10:17,政策关联关系,新增明文引用关系识别：仅当新政策明确出现旧政策文号或准确规则名称且上下文含依据、根据、修订等词时建立关系，并在搜索页生成库内跳转,scripts/13_build_policy_relations.py; scripts/09_build_search_page.py; scripts/04_export_excel_workbook.py; 02_元数据/政策关联关系表.csv; 05_输出成果/search.html; 05_输出成果/search_index.json; 02_元数据/知识库管理工作簿.xlsx,13_build_policy_relations.py; 09_build_search_page.py; 04_export_excel_workbook.py,完成,生成明确关系27条，其中文号高置信5条；不做标题相似度推断
2026-04-27 10:26,来源清单采集,按来源清单抓取候选链接，共命中 145 条，扫描来源 39 个,05_输出成果\来源清单候选链接_20260427.csv,D:\miniconda\envs\py311\python.exe .\scripts\02_collect_official_candidates.py --pages 5 --timeout 20 --limit 30,部分完成,关键词：电力市场、交易规则、中长期、现货、辅助服务、省内、省间、容量电价、计量结算、结算、绿电、源网荷储、新能源、获得电力；失败来源 1 个；SRC-M-001 广州市发展和改革委员会-部门文件 :: https://fgw.gz.gov.cn/zfxxgk/zfxxgkml/zfxxgkml/bmwj/ :: The read operation timed out；https://fgw.gz.gov.cn/zfxxgk/zfxxgkml/zfxxgkml/bmwj/index_1.html :: HTTP Error 404: Not Found
2026-04-27 10:28,来源清单采集,按来源清单抓取候选链接，共命中 140 条，扫描来源 39 个,05_输出成果\来源清单候选链接_20260427.csv,D:\miniconda\envs\py311\python.exe .\scripts\02_collect_official_candidates.py --pages 5 --timeout 20 --limit 25,完成,关键词：电力市场、交易规则、中长期、现货、辅助服务、省内、省间、容量电价、计量结算、结算、绿电、源网荷储、新能源、获得电力；失败来源 0 个
2026-04-27 10:31,来源清单采集,按来源清单抓取候选链接，共命中 139 条，扫描来源 39 个,05_输出成果\来源清单候选链接_20260427.csv,D:\miniconda\envs\py311\python.exe .\scripts\02_collect_official_candidates.py --pages 5 --timeout 20 --limit 12,完成,关键词：电力市场、交易规则、中长期、现货、辅助服务、省内、省间、容量电价、计量结算、结算、绿电、源网荷储、新能源、获得电力；失败来源 0 个
2026-04-27 10:34,数据采集,运行种子链接采集脚本，成功40条，失败0条,02_元数据/待采集链接.csv; 02_元数据/政策资料台账.csv; 01_原始资料; 03_处理后文本,D:\miniconda\envs\py311\python.exe .\scripts\01_fetch_seed_urls.py --delay 0.4 --timeout 30,成功,
2026-04-27 10:44,来源清单采集,按来源清单抓取候选链接，共命中 135 条，扫描来源 39 个,05_输出成果\来源清单候选链接_20260427.csv,D:\miniconda\envs\py311\python.exe scripts/02_collect_official_candidates.py --pages 5 --timeout 20 --limit 12,部分完成,关键词：电力市场、交易规则、中长期、现货、辅助服务、省内、省间、容量电价、计量结算、结算、绿电、源网荷储、新能源、获得电力；失败来源 1 个；SRC-M-001 广州市发展和改革委员会-部门文件 :: https://fgw.gz.gov.cn/zfxxgk/zfxxgkml/zfxxgkml/bmwj/ :: The read operation timed out；https://fgw.gz.gov.cn/zfxxgk/zfxxgkml/zfxxgkml/bmwj/index_1.html :: HTTP Error 404: Not Found
2026-04-27 10:46,来源清单采集,按来源清单抓取候选链接，共命中 135 条，扫描来源 39 个,05_输出成果\来源清单候选链接_20260427.csv,D:\miniconda\envs\py311\python.exe scripts/02_collect_official_candidates.py --pages 5 --timeout 20 --limit 12,部分完成,关键词：电力市场、交易规则、中长期、现货、辅助服务、省内、省间、容量电价、计量结算、结算、绿电、源网荷储、新能源、获得电力；失败来源 1 个；SRC-M-003 广州市科学技术局-政府信息公开平台 :: https://kjj.gz.gov.cn/gkmlpt/index :: HTTP Error 504: Gateway Time-out；https://kjj.gz.gov.cn/gkmlpt/index/index_1.html :: HTTP Error 404: Not Found
2026-04-27 10:52,来源清单采集,按来源清单抓取候选链接，共命中 134 条，扫描来源 39 个,05_输出成果\来源清单候选链接_20260427.csv,D:\miniconda\envs\py311\python.exe scripts/02_collect_official_candidates.py --pages 5 --timeout 20 --limit 12,完成,关键词：电力市场、交易规则、中长期、现货、辅助服务、省内、省间、容量电价、计量结算、结算、绿电、源网荷储、新能源、获得电力；失败来源 0 个
2026-04-27 10:56,来源清单采集,按来源清单抓取候选链接，共命中 124 条，扫描来源 39 个,05_输出成果\来源清单候选链接_20260427.csv,D:\miniconda\envs\py311\python.exe scripts/02_collect_official_candidates.py --pages 5 --timeout 20 --limit 12,完成,关键词：电力市场、交易规则、中长期、现货、辅助服务、省内、省间、容量电价、计量结算、结算、绿电、源网荷储、新能源、获得电力；失败来源 0 个
2026-04-27 10:58,数据采集,运行种子链接采集脚本，成功24条，失败0条,02_元数据/待采集链接.csv; 02_元数据/政策资料台账.csv; 01_原始资料; 03_处理后文本,D:\miniconda\envs\py311\python.exe scripts/01_fetch_seed_urls.py --delay 0.4 --timeout 30,成功,
2026-04-27 11:19,来源扩展与政策爬取,第三天扩大官方来源和政策爬取：新增华北、东北、西北、华东4个监管局来源；刷新候选池124条；分两批写入并抓取64条候选链接，其中清理节能报告、获得电力、天然气、外债、新能源汽车等非电力市场噪声9条；最终活跃台账134条。,02_元数据/来源清单.csv;02_元数据/政策资料台账.csv;02_元数据/待采集链接.csv;02_元数据/规则清单.csv;02_元数据/政策关联关系表.csv;05_输出成果/search.html;02_元数据/知识库管理工作簿.xlsx,02_collect_official_candidates.py;06_backfill_candidates_to_seed.py;01_fetch_seed_urls.py;10_audit_titles.py;12_doc_number_and_rule_list.py;13_build_policy_relations.py;03_evaluate_retrieval.py;09_build_search_page.py;04_export_excel_workbook.py;07_search.py --self-check-only,台账134条；规则清单已重建；政策关联关系78条；检索评测Top3命中10/10；搜索页和Excel自检通过。,华东监管局3个PDF为扫描件，pypdf无法抽取正文，已新增未来PDF文本抽取脚本，后续如需全文需要OCR。
2026-04-27 11:25,数据质量修正,清理本地噪声文件并修正本地文件路径：删除已从台账剔除的节能报告、获得电力、营商环境等原始/文本文件14个；将本地文件名中的英文分号替换为下划线，避免与台账路径分隔符冲突。,01_原始资料;03_处理后文本;02_元数据/政策资料台账.csv;02_元数据/规则清单.csv;05_输出成果/search_index.json,Remove-Item 噪声文件; Move-Item 分号文件名; 12_doc_number_and_rule_list.py;13_build_policy_relations.py;03_evaluate_retrieval.py;09_build_search_page.py;04_export_excel_workbook.py,本地路径缺失数=0；台账134条；政策关联关系80条；检索评测Top3命中10/10；搜索页、Excel、全文检索自检通过。,为防止未来再出现分号路径冲突，01_fetch_seed_urls.py 的文件名清洗规则已加入 ; 和 ；。
2026-04-27 18:44,知识切片生成,从处理后文本生成 RAG 知识切片 1277 条，覆盖文件 130 个,02_元数据\知识切片表.csv; 05_输出成果\knowledge_chunks.jsonl,D:\miniconda\envs\py311\python.exe scripts/16_build_knowledge_chunks.py --max-chars 450 --overlap 60 --min-chars 80,完成,max_chars=450; overlap=60; min_chars=80
2026-04-27 18:47,大规模候选池采集,按来源清单进行大规模候选采集，生成候选 5 条,05_输出成果\大规模候选池_20260427.csv; 05_输出成果\大规模候选池_20260427.summary.json,D:\miniconda\envs\py311\python.exe scripts/15_mass_crawl_candidates.py --pages 1 --timeout 12 --limit 12 --min-score 0,完成,pages=1; min_score=0; 扫描来源=39; 失败来源=0
2026-04-27 18:53,大规模候选池采集,按来源清单进行大规模候选采集，生成候选 59 条,05_输出成果\大规模候选池_20260427.csv; 05_输出成果\大规模候选池_20260427.summary.json,D:\miniconda\envs\py311\python.exe scripts/15_mass_crawl_candidates.py --pages 8 --timeout 10 --limit 12 --min-score 0,完成,pages=8; min_score=0; 扫描来源=39; 失败来源=0
2026-04-27 18:57,大规模候选池采集,按来源清单进行大规模候选采集，生成候选 256 条,05_输出成果\大规模候选池_20260427.csv; 05_输出成果\大规模候选池_20260427.summary.json,D:\miniconda\envs\py311\python.exe scripts/15_mass_crawl_candidates.py --pages 25 --timeout 10 --limit 20 --min-score 0,部分完成,pages=25; min_score=0; 扫描来源=39; 失败来源=1
2026-04-27 19:00,数据采集,运行种子链接采集脚本，成功99条，失败1条,02_元数据/待采集链接.csv; 02_元数据/政策资料台账.csv; 01_原始资料; 03_处理后文本,D:\miniconda\envs\py311\python.exe scripts/01_fetch_seed_urls.py --delay 0.25 --timeout 25,部分失败,
2026-04-27 19:03,知识切片生成,从处理后文本生成 RAG 知识切片 1884 条，覆盖文件 198 个,02_元数据\知识切片表.csv; 05_输出成果\knowledge_chunks.jsonl,D:\miniconda\envs\py311\python.exe scripts/16_build_knowledge_chunks.py --max-chars 450 --overlap 60 --min-chars 80,完成,max_chars=450; overlap=60; min_chars=80
2026-04-27 19:03,知识切片生成,从处理后文本生成 RAG 知识切片 2402 条，覆盖文件 198 个,02_元数据\知识切片表.csv; 05_输出成果\knowledge_chunks.jsonl,D:\miniconda\envs\py311\python.exe scripts/16_build_knowledge_chunks.py --max-chars 280 --overlap 40 --min-chars 60,完成,max_chars=280; overlap=40; min_chars=60
2026-04-27 19:06,大规模扩库与知识切片,按1w+检索条目目标推进扩库：新增大规模候选池脚本和知识切片脚本；深分页扫描39个自动来源，清理后候选池228条；回填并抓取高分候选100条，成功99条，剔除结算数据清单28条后正式台账205条；生成知识切片2402条。,scripts/15_mass_crawl_candidates.py;scripts/16_build_knowledge_chunks.py;02_元数据/政策资料台账.csv;02_元数据/知识切片表.csv;05_输出成果/knowledge_chunks.jsonl;05_输出成果/大规模候选池_20260427.csv;05_输出成果/search.html;02_元数据/知识库管理工作簿.xlsx,15_mass_crawl_candidates.py --pages 25 --timeout 10;06_backfill_candidates_to_seed.py --candidate 大规模候选池 --min-score 55 --limit 100 --write;01_fetch_seed_urls.py --delay 0.25 --timeout 25;16_build_knowledge_chunks.py --max-chars 280 --overlap 40;12_doc_number_and_rule_list.py;13_build_policy_relations.py;09_build_search_page.py;04_export_excel_workbook.py,正式台账205条；知识切片2402条；规则清单205条；政策关联关系128条；搜索页205文档自检通过；Excel自检通过；本地路径缺失0；噪声关键词复查0。,距离1w+切片仍有差距，今天完成扩库机制和第一批净增71份高质量文件；检索评测9/10，未命中项为山东规则新增修订版排序超过旧标准文件。
2026-04-27 19:30,大规模候选池采集,按来源清单进行大规模候选采集，生成候选 150 条,05_输出成果\大规模候选池_20260427.csv; 05_输出成果\大规模候选池_20260427.summary.json,D:\miniconda\envs\py311\python.exe scripts\15_mass_crawl_candidates.py --pages 3 --timeout 12 --include-existing --limit 20,完成,pages=3; min_score=0; 扫描来源=51; 失败来源=0
2026-04-27 19:51,PDF文本抽取,抽取PDF文本 9 个，其中OCR 6 个,03_处理后文本; 02_元数据\政策资料台账.csv,14_extract_pdf_texts.py --ocr=True --force-ocr=False --max-pages=0,完成,OCR页数=218; dpi=150; min_text_chars=120
2026-04-27 19:56,大规模候选池采集,按来源清单进行大规模候选采集，生成候选 302 条,05_输出成果\大规模候选池_20260427.csv; 05_输出成果\大规模候选池_20260427.summary.json,D:\miniconda\envs\py311\python.exe scripts\15_mass_crawl_candidates.py --pages 10 --timeout 12 --include-existing --limit 25,完成,pages=10; min_score=0; 扫描来源=51; 失败来源=0
2026-04-27 19:58,数据采集,运行种子链接采集脚本，成功49条，失败0条,02_元数据/待采集链接.csv; 02_元数据/政策资料台账.csv; 01_原始资料; 03_处理后文本,D:\miniconda\envs\py311\python.exe scripts\01_fetch_seed_urls.py --timeout 20 --delay 0.5,成功,
2026-04-27 20:00,知识切片生成,从处理后文本生成 RAG 知识切片 3991 条，覆盖文件 248 个,02_元数据\知识切片表.csv; 05_输出成果\knowledge_chunks.jsonl,D:\miniconda\envs\py311\python.exe scripts\16_build_knowledge_chunks.py --max-chars 280 --overlap 40 --min-chars 60,完成,max_chars=280; overlap=40; min_chars=60
2026-04-27 20:02,来源扩展,新增四川发改通知公告 山西能源局JSON检索 江苏浙江福建四川贵州新疆监管办等自动采集来源 并登记国家电网经营区交易平台半自动来源,02_元数据/来源清单.csv; scripts/02_collect_official_candidates.py; scripts/01_fetch_seed_urls.py,,完成,来源清单由68条增至81条 自动采集源由39个增至51个 候选池302条 新增候选48条
2026-04-27 20:02,候选回填,将大规模候选池中质量分不低于55的新增候选回填到待采集链接 并完成实际下载入库,05_输出成果/大规模候选池_20260427.csv; 02_元数据/待采集链接.csv; 02_元数据/政策资料台账.csv,,完成,回填48条 新增实际入库49条 台账总数254条
2026-04-27 20:19,RAG索引构建,基于知识切片表构建本地RAG检索索引，切片 3991 条,02_元数据\知识切片表.csv; 05_输出成果\rag_index.pkl.gz; 05_输出成果\rag_index.summary.json,17_build_rag_index.py --max-features=80000,完成,TF-IDF char 2-4gram，本地离线检索索引
2026-04-27 20:20,RAG索引构建,基于知识切片表构建本地RAG检索索引，切片 3991 条,02_元数据\知识切片表.csv; 05_输出成果\rag_index.pkl.gz; 05_输出成果\rag_index.summary.json,17_build_rag_index.py --max-features=80000,完成,TF-IDF char 2-4gram，本地离线检索索引
2026-04-27 20:20,RAG查询测试,运行本地RAG查询：四川电力辅助服务市场交易实施细则有哪些主要依据,05_输出成果\rag回答_20260427_202038_四川电力辅助服务市场交易实施细则有哪些主要依据.md,"18_rag_query.py --query ""四川电力辅助服务市场交易实施细则有哪些主要依据"" --top-k 8",完成,返回切片=8; 本地检索增强草稿，未调用大模型
2026-04-27 20:52,PDF文本抽取,抽取PDF文本 0 个，其中OCR 0 个,03_处理后文本; 02_元数据\政策资料台账.csv,14_extract_pdf_texts.py --ocr=False --force-ocr=False --max-pages=0,完成,OCR页数=0; dpi=160; min_text_chars=120
2026-04-27 20:53,知识切片生成,从处理后文本生成 RAG 知识切片 4400 条，覆盖文件 252 个,02_元数据\知识切片表.csv; 05_输出成果\knowledge_chunks.jsonl,D:\miniconda\envs\py311\python.exe scripts\16_build_knowledge_chunks.py --max-chars 280 --overlap 40 --min-chars 60,完成,max_chars=280; overlap=40; min_chars=60
2026-04-27 20:53,RAG索引构建,基于知识切片表构建本地RAG检索索引，切片 4400 条,02_元数据\知识切片表.csv; 05_输出成果\rag_index.pkl.gz; 05_输出成果\rag_index.summary.json,17_build_rag_index.py --max-features=80000,完成,TF-IDF char 2-4gram，本地离线检索索引
2026-04-27 20:53,RAG查询测试,运行本地RAG查询：四川电力辅助服务市场交易实施细则有哪些主要依据,05_输出成果\rag回答_20260427_205346_四川电力辅助服务市场交易实施细则有哪些主要依据.md,"18_rag_query.py --query ""四川电力辅助服务市场交易实施细则有哪些主要依据"" --top-k 8",完成,返回切片=8; 本地检索增强草稿，未调用大模型
2026-04-27 20:55,RAG原型,新增本地RAG索引构建和查询脚本 生成四川辅助服务样例回答 并补充RAG使用说明,scripts/17_build_rag_index.py; scripts/18_rag_query.py; 05_输出成果/rag_index.pkl.gz; 00_说明/RAG使用说明.md,,完成,当前为本地检索增强草稿 未调用外部大模型；切片数4400
